word_id,word,status,morpheme_path
WORD0001,고민,ok,"D:\매핑용( 단어 생성 비디오, 단어)\map_syn\datasets\morpheme\01\NIA_SL_WORD0001_REAL01_F_morpheme.json"
WORD0002,뻔뻔,ok,"D:\매핑용( 단어 생성 비디오, 단어)\map_syn\datasets\morpheme\01\NIA_SL_WORD0002_REAL01_F_morpheme.json"
WORD0003,수어,ok,"D:\매핑용( 단어 생성 비디오, 단어)\map_syn\datasets\morpheme\01\NIA_SL_WORD0003_REAL01_F_morpheme.json"
WORD0004,남아,ok,"D:\매핑용( 단어 생성 비디오, 단어)\map_syn\datasets\morpheme\01\NIA_SL_WORD0004_REAL01_F_morpheme.json"
WORD0005,눈,ok,"D:\매핑용( 단어 생성 비디오, 단어)\map_syn\datasets\morpheme\01\NIA_SL_WORD0005_REAL01_F_morpheme.json"
WORD0006,독신,ok,"D:\매핑용( 단어 생성 비디오, 단어)\map_syn\datasets\morpheme\01\NIA_SL_WORD0006_REAL01_F_morpheme.json"
WORD0007,음료수,ok,"D:\매핑용( 단어 생성 비디오, 단어)\map_syn\datasets\morpheme\01\NIA_SL_WORD0007_REAL01_F_morpheme.json"
WORD0008,발가락,ok,"D:\매핑용( 단어 생성 비디오, 단어)\map_syn\datasets\morpheme\01\NIA_SL_WORD0008_REAL01_F_morpheme.json"
WORD0009,슬프다,ok,"D:\매핑용( 단어 생성 비디오, 단어)\map_syn\datasets\morpheme\01\NIA_SL_WORD0009_REAL01_F_morpheme.json"
WORD0010,자극,ok,"D:\매핑용( 단어 생성 비디오, 단어)\map_syn\datasets\morpheme\01\NIA_SL_WORD0010_REAL01_F_morpheme.json"
WORD0011,안타깝다,ok,"D:\매핑용( 단어 생성 비디오, 단어)\map_syn\datasets\morpheme\01\NIA_SL_WORD0011_REAL01_F_morpheme.json"
WORD0012,어색하다,ok,"D:\매핑용( 단어 생성 비디오, 단어)\map_syn\datasets\morpheme\01\NIA_SL_WORD0012_REAL01_F_morpheme.json"
WORD0013,여아,ok,"D:\매핑용( 단어 생성 비디오, 단어)\map_syn\datasets\morpheme\01\NIA_SL_WORD0013_REAL01_F_morpheme.json"
WORD0014,외국인,ok,"D:\매핑용( 단어 생성 비디오, 단어)\map_syn\datasets\morpheme\01\NIA_SL_WORD0014_REAL01_F_morpheme.json"
WORD0015,영아,ok,"D:\매핑용( 단어 생성 비디오, 단어)\map_syn\datasets\morpheme\01\NIA_SL_WORD0015_REAL01_F_morpheme.json"
WORD0016,신사,ok,"D:\매핑용( 단어 생성 비디오, 단어)\map_syn\datasets\morpheme\01\NIA_SL_WORD0016_REAL01_F_morpheme.json"
WORD0017,뉴질랜드,ok,"D:\매핑용( 단어 생성 비디오, 단어)\map_syn\datasets\morpheme\01\NIA_SL_WORD0017_REAL01_F_morpheme.json"
WORD0018,나사렛대학교,ok,"D:\매핑용( 단어 생성 비디오, 단어)\map_syn\datasets\morpheme\01\NIA_SL_WORD0018_REAL01_F_morpheme.json"
WORD0019,알아서,ok,"D:\매핑용( 단어 생성 비디오, 단어)\map_syn\datasets\morpheme\01\NIA_SL_WORD0019_REAL01_F_morpheme.json"
WORD0020,장애인,ok,"D:\매핑용( 단어 생성 비디오, 단어)\map_syn\datasets\morpheme\01\NIA_SL_WORD0020_REAL01_F_morpheme.json"
WORD0021,열아홉번째,ok,"D:\매핑용( 단어 생성 비디오, 단어)\map_syn\datasets\morpheme\01\NIA_SL_WORD0021_REAL01_F_morpheme.json"
WORD0022,침착,ok,"D:\매핑용( 단어 생성 비디오, 단어)\map_syn\datasets\morpheme\01\NIA_SL_WORD0022_REAL01_F_morpheme.json"
WORD0023,성실,ok,"D:\매핑용( 단어 생성 비디오, 단어)\map_syn\datasets\morpheme\01\NIA_SL_WORD0023_REAL01_F_morpheme.json"
WORD0024,학교연혁,ok,"D:\매핑용( 단어 생성 비디오, 단어)\map_syn\datasets\morpheme\01\NIA_SL_WORD0024_REAL01_F_morpheme.json"
WORD0025,싫어하다,ok,"D:\매핑용( 단어 생성 비디오, 단어)\map_syn\datasets\morpheme\01\NIA_SL_WORD0025_REAL01_F_morpheme.json"
WORD0026,급하다,ok,"D:\매핑용( 단어 생성 비디오, 단어)\map_syn\datasets\morpheme\01\NIA_SL_WORD0026_REAL01_F_morpheme.json"
WORD0027,필기시험,ok,"D:\매핑용( 단어 생성 비디오, 단어)\map_syn\datasets\morpheme\01\NIA_SL_WORD0027_REAL01_F_morpheme.json"
WORD0028,병문안,ok,"D:\매핑용( 단어 생성 비디오, 단어)\map_syn\datasets\morpheme\01\NIA_SL_WORD0028_REAL01_F_morpheme.json"
WORD0029,검사,ok,"D:\매핑용( 단어 생성 비디오, 단어)\map_syn\datasets\morpheme\01\NIA_SL_WORD0029_REAL01_F_morpheme.json"
WORD0030,결승전,ok,"D:\매핑용( 단어 생성 비디오, 단어)\map_syn\datasets\morpheme\01\NIA_SL_WORD0030_REAL01_F_morpheme.json"
WORD0031,낚시터,ok,"D:\매핑용( 단어 생성 비디오, 단어)\map_syn\datasets\morpheme\01\NIA_SL_WORD0031_REAL01_F_morpheme.json"
WORD0032,낚시대,ok,"D:\매핑용( 단어 생성 비디오, 단어)\map_syn\datasets\morpheme\01\NIA_SL_WORD0032_REAL01_F_morpheme.json"
WORD0033,당뇨병,ok,"D:\매핑용( 단어 생성 비디오, 단어)\map_syn\datasets\morpheme\01\NIA_SL_WORD0033_REAL01_F_morpheme.json"
WORD0034,독서,ok,"D:\매핑용( 단어 생성 비디오, 단어)\map_syn\datasets\morpheme\01\NIA_SL_WORD0034_REAL01_F_morpheme.json"
WORD0035,매표소,ok,"D:\매핑용( 단어 생성 비디오, 단어)\map_syn\datasets\morpheme\01\NIA_SL_WORD0035_REAL01_F_morpheme.json"
WORD0036,면역,ok,"D:\매핑용( 단어 생성 비디오, 단어)\map_syn\datasets\morpheme\01\NIA_SL_WORD0036_REAL01_F_morpheme.json"
WORD0037,감기,ok,"D:\매핑용( 단어 생성 비디오, 단어)\map_syn\datasets\morpheme\01\NIA_SL_WORD0037_REAL01_F_morpheme.json"
WORD0038,배드민턴,ok,"D:\매핑용( 단어 생성 비디오, 단어)\map_syn\datasets\morpheme\01\NIA_SL_WORD0038_REAL01_F_morpheme.json"
WORD0039,변비,ok,"D:\매핑용( 단어 생성 비디오, 단어)\map_syn\datasets\morpheme\01\NIA_SL_WORD0039_REAL01_F_morpheme.json"
WORD0040,병명,ok,"D:\매핑용( 단어 생성 비디오, 단어)\map_syn\datasets\morpheme\01\NIA_SL_WORD0040_REAL01_F_morpheme.json"
WORD0041,보건소,ok,"D:\매핑용( 단어 생성 비디오, 단어)\map_syn\datasets\morpheme\01\NIA_SL_WORD0041_REAL01_F_morpheme.json"
WORD0042,불면증,ok,"D:\매핑용( 단어 생성 비디오, 단어)\map_syn\datasets\morpheme\01\NIA_SL_WORD0042_REAL01_F_morpheme.json"
WORD0043,불행,ok,"D:\매핑용( 단어 생성 비디오, 단어)\map_syn\datasets\morpheme\01\NIA_SL_WORD0043_REAL01_F_morpheme.json"
WORD0044,붕대,ok,"D:\매핑용( 단어 생성 비디오, 단어)\map_syn\datasets\morpheme\01\NIA_SL_WORD0044_REAL01_F_morpheme.json"
WORD0045,사위,ok,"D:\매핑용( 단어 생성 비디오, 단어)\map_syn\datasets\morpheme\01\NIA_SL_WORD0045_REAL01_F_morpheme.json"
WORD0046,설사,ok,"D:\매핑용( 단어 생성 비디오, 단어)\map_syn\datasets\morpheme\01\NIA_SL_WORD0046_REAL01_F_morpheme.json"
WORD0047,성병,ok,"D:\매핑용( 단어 생성 비디오, 단어)\map_syn\datasets\morpheme\01\NIA_SL_WORD0047_REAL01_F_morpheme.json"
WORD0048,방충,ok,"D:\매핑용( 단어 생성 비디오, 단어)\map_syn\datasets\morpheme\01\NIA_SL_WORD0048_REAL01_F_morpheme.json"
WORD0049,소화제,ok,"D:\매핑용( 단어 생성 비디오, 단어)\map_syn\datasets\morpheme\01\NIA_SL_WORD0049_REAL01_F_morpheme.json"
WORD0050,손녀,ok,"D:\매핑용( 단어 생성 비디오, 단어)\map_syn\datasets\morpheme\01\NIA_SL_WORD0050_REAL01_F_morpheme.json"
WORD0051,손자,ok,"D:\매핑용( 단어 생성 비디오, 단어)\map_syn\datasets\morpheme\01\NIA_SL_WORD0051_REAL01_F_morpheme.json"
WORD0052,수면제,ok,"D:\매핑용( 단어 생성 비디오, 단어)\map_syn\datasets\morpheme\01\NIA_SL_WORD0052_REAL01_F_morpheme.json"
WORD0053,수집가,ok,"D:\매핑용( 단어 생성 비디오, 단어)\map_syn\datasets\morpheme\01\NIA_SL_WORD0053_REAL01_F_morpheme.json"
WORD0054,여행지,ok,"D:\매핑용( 단어 생성 비디오, 단어)\map_syn\datasets\morpheme\01\NIA_SL_WORD0054_REAL01_F_morpheme.json"
WORD0055,예식장,ok,"D:\매핑용( 단어 생성 비디오, 단어)\map_syn\datasets\morpheme\01\NIA_SL_WORD0055_REAL01_F_morpheme.json"
WORD0056,올림픽경기,ok,"D:\매핑용( 단어 생성 비디오, 단어)\map_syn\datasets\morpheme\01\NIA_SL_WORD0056_REAL01_F_morpheme.json"
WORD0057,회복,ok,"D:\매핑용( 단어 생성 비디오, 단어)\map_syn\datasets\morpheme\01\NIA_SL_WORD0057_REAL01_F_morpheme.json"
WORD0058,첫번째,ok,"D:\매핑용( 단어 생성 비디오, 단어)\map_syn\datasets\morpheme\01\NIA_SL_WORD0058_REAL01_F_morpheme.json"
WORD0059,운동경기,ok,"D:\매핑용( 단어 생성 비디오, 단어)\map_syn\datasets\morpheme\01\NIA_SL_WORD0059_REAL01_F_morpheme.json"
WORD0060,입원,ok,"D:\매핑용( 단어 생성 비디오, 단어)\map_syn\datasets\morpheme\01\NIA_SL_WORD0060_REAL01_F_morpheme.json"
WORD0061,재혼,ok,"D:\매핑용( 단어 생성 비디오, 단어)\map_syn\datasets\morpheme\01\NIA_SL_WORD0061_REAL01_F_morpheme.json"
WORD0062,진단서,ok,"D:\매핑용( 단어 생성 비디오, 단어)\map_syn\datasets\morpheme\01\NIA_SL_WORD0062_REAL01_F_morpheme.json"
WORD0063,축구장,ok,"D:\매핑용( 단어 생성 비디오, 단어)\map_syn\datasets\morpheme\01\NIA_SL_WORD0063_REAL01_F_morpheme.json"
WORD0064,치료,ok,"D:\매핑용( 단어 생성 비디오, 단어)\map_syn\datasets\morpheme\01\NIA_SL_WORD0064_REAL01_F_morpheme.json"
WORD0065,치료법,ok,"D:\매핑용( 단어 생성 비디오, 단어)\map_syn\datasets\morpheme\01\NIA_SL_WORD0065_REAL01_F_morpheme.json"
WORD0066,친아들,ok,"D:\매핑용( 단어 생성 비디오, 단어)\map_syn\datasets\morpheme\01\NIA_SL_WORD0066_REAL01_F_morpheme.json"
WORD0067,퇴원,ok,"D:\매핑용( 단어 생성 비디오, 단어)\map_syn\datasets\morpheme\01\NIA_SL_WORD0067_REAL01_F_morpheme.json"
WORD0068,한약,ok,"D:\매핑용( 단어 생성 비디오, 단어)\map_syn\datasets\morpheme\01\NIA_SL_WORD0068_REAL01_F_morpheme.json"
WORD0069,한약방,ok,"D:\매핑용( 단어 생성 비디오, 단어)\map_syn\datasets\morpheme\01\NIA_SL_WORD0069_REAL01_F_morpheme.json"
WORD0070,빈혈,ok,"D:\매핑용( 단어 생성 비디오, 단어)\map_syn\datasets\morpheme\01\NIA_SL_WORD0070_REAL01_F_morpheme.json"
WORD0071,화상,ok,"D:\매핑용( 단어 생성 비디오, 단어)\map_syn\datasets\morpheme\01\NIA_SL_WORD0071_REAL01_F_morpheme.json"
WORD0072,가래떡,ok,"D:\매핑용( 단어 생성 비디오, 단어)\map_syn\datasets\morpheme\01\NIA_SL_WORD0072_REAL01_F_morpheme.json"
WORD0073,고깃국,ok,"D:\매핑용( 단어 생성 비디오, 단어)\map_syn\datasets\morpheme\01\NIA_SL_WORD0073_REAL01_F_morpheme.json"
WORD0074,고추,ok,"D:\매핑용( 단어 생성 비디오, 단어)\map_syn\datasets\morpheme\01\NIA_SL_WORD0074_REAL01_F_morpheme.json"
WORD0075,고추가루,ok,"D:\매핑용( 단어 생성 비디오, 단어)\map_syn\datasets\morpheme\01\NIA_SL_WORD0075_REAL01_F_morpheme.json"
WORD0076,사골,ok,"D:\매핑용( 단어 생성 비디오, 단어)\map_syn\datasets\morpheme\01\NIA_SL_WORD0076_REAL01_F_morpheme.json"
WORD0077,배추국,ok,"D:\매핑용( 단어 생성 비디오, 단어)\map_syn\datasets\morpheme\01\NIA_SL_WORD0077_REAL01_F_morpheme.json"
WORD0078,꽈베기,ok,"D:\매핑용( 단어 생성 비디오, 단어)\map_syn\datasets\morpheme\01\NIA_SL_WORD0078_REAL01_F_morpheme.json"
WORD0079,벌꿀,ok,"D:\매핑용( 단어 생성 비디오, 단어)\map_syn\datasets\morpheme\01\NIA_SL_WORD0079_REAL01_F_morpheme.json"
WORD0080,꿀물,ok,"D:\매핑용( 단어 생성 비디오, 단어)\map_syn\datasets\morpheme\01\NIA_SL_WORD0080_REAL01_F_morpheme.json"
WORD0081,냄비,ok,"D:\매핑용( 단어 생성 비디오, 단어)\map_syn\datasets\morpheme\01\NIA_SL_WORD0081_REAL01_F_morpheme.json"
WORD0082,찬물,ok,"D:\매핑용( 단어 생성 비디오, 단어)\map_syn\datasets\morpheme\01\NIA_SL_WORD0082_REAL01_F_morpheme.json"
WORD0083,다과,ok,"D:\매핑용( 단어 생성 비디오, 단어)\map_syn\datasets\morpheme\01\NIA_SL_WORD0083_REAL01_F_morpheme.json"
WORD0084,지방경찰청장,ok,"D:\매핑용( 단어 생성 비디오, 단어)\map_syn\datasets\morpheme\01\NIA_SL_WORD0084_REAL01_F_morpheme.json"
WORD0085,된장찌게,ok,"D:\매핑용( 단어 생성 비디오, 단어)\map_syn\datasets\morpheme\01\NIA_SL_WORD0085_REAL01_F_morpheme.json"
WORD0086,돼지고기,ok,"D:\매핑용( 단어 생성 비디오, 단어)\map_syn\datasets\morpheme\01\NIA_SL_WORD0086_REAL01_F_morpheme.json"
WORD0087,두부,ok,"D:\매핑용( 단어 생성 비디오, 단어)\map_syn\datasets\morpheme\01\NIA_SL_WORD0087_REAL01_F_morpheme.json"
WORD0088,딸기,ok,"D:\매핑용( 단어 생성 비디오, 단어)\map_syn\datasets\morpheme\01\NIA_SL_WORD0088_REAL01_F_morpheme.json"
WORD0089,떡국,ok,"D:\매핑용( 단어 생성 비디오, 단어)\map_syn\datasets\morpheme\01\NIA_SL_WORD0089_REAL01_F_morpheme.json"
WORD0090,라면,ok,"D:\매핑용( 단어 생성 비디오, 단어)\map_syn\datasets\morpheme\01\NIA_SL_WORD0090_REAL01_F_morpheme.json"
WORD0091,막걸리,ok,"D:\매핑용( 단어 생성 비디오, 단어)\map_syn\datasets\morpheme\01\NIA_SL_WORD0091_REAL01_F_morpheme.json"
WORD0092,무,ok,"D:\매핑용( 단어 생성 비디오, 단어)\map_syn\datasets\morpheme\01\NIA_SL_WORD0092_REAL01_F_morpheme.json"
WORD0093,밥그릇,ok,"D:\매핑용( 단어 생성 비디오, 단어)\map_syn\datasets\morpheme\01\NIA_SL_WORD0093_REAL01_F_morpheme.json"
WORD0094,밥솥,ok,"D:\매핑용( 단어 생성 비디오, 단어)\map_syn\datasets\morpheme\01\NIA_SL_WORD0094_REAL01_F_morpheme.json"
WORD0095,보신탕,ok,"D:\매핑용( 단어 생성 비디오, 단어)\map_syn\datasets\morpheme\01\NIA_SL_WORD0095_REAL01_F_morpheme.json"
WORD0096,부엌,ok,"D:\매핑용( 단어 생성 비디오, 단어)\map_syn\datasets\morpheme\01\NIA_SL_WORD0096_REAL01_F_morpheme.json"
WORD0097,소불고기,ok,"D:\매핑용( 단어 생성 비디오, 단어)\map_syn\datasets\morpheme\01\NIA_SL_WORD0097_REAL01_F_morpheme.json"
WORD0098,비빔밥,ok,"D:\매핑용( 단어 생성 비디오, 단어)\map_syn\datasets\morpheme\01\NIA_SL_WORD0098_REAL01_F_morpheme.json"
WORD0099,사과,ok,"D:\매핑용( 단어 생성 비디오, 단어)\map_syn\datasets\morpheme\01\NIA_SL_WORD0099_REAL01_F_morpheme.json"
WORD0100,사이다,ok,"D:\매핑용( 단어 생성 비디오, 단어)\map_syn\datasets\morpheme\01\NIA_SL_WORD0100_REAL01_F_morpheme.json"
WORD0101,달다,ok,"D:\매핑용( 단어 생성 비디오, 단어)\map_syn\datasets\morpheme\01\NIA_SL_WORD0101_REAL01_F_morpheme.json"
WORD0102,소주,ok,"D:\매핑용( 단어 생성 비디오, 단어)\map_syn\datasets\morpheme\01\NIA_SL_WORD0102_REAL01_F_morpheme.json"
WORD0103,술잔,ok,"D:\매핑용( 단어 생성 비디오, 단어)\map_syn\datasets\morpheme\01\NIA_SL_WORD0103_REAL01_F_morpheme.json"
WORD0104,식당,ok,"D:\매핑용( 단어 생성 비디오, 단어)\map_syn\datasets\morpheme\01\NIA_SL_WORD0104_REAL01_F_morpheme.json"
WORD0105,쌀가루,ok,"D:\매핑용( 단어 생성 비디오, 단어)\map_syn\datasets\morpheme\01\NIA_SL_WORD0105_REAL01_F_morpheme.json"
WORD0106,냉커피,ok,"D:\매핑용( 단어 생성 비디오, 단어)\map_syn\datasets\morpheme\01\NIA_SL_WORD0106_REAL01_F_morpheme.json"
WORD0107,양식,ok,"D:\매핑용( 단어 생성 비디오, 단어)\map_syn\datasets\morpheme\01\NIA_SL_WORD0107_REAL01_F_morpheme.json"
WORD0108,위스키,ok,"D:\매핑용( 단어 생성 비디오, 단어)\map_syn\datasets\morpheme\01\NIA_SL_WORD0108_REAL01_F_morpheme.json"
WORD0109,술,ok,"D:\매핑용( 단어 생성 비디오, 단어)\map_syn\datasets\morpheme\01\NIA_SL_WORD0109_REAL01_F_morpheme.json"
WORD0110,용품,ok,"D:\매핑용( 단어 생성 비디오, 단어)\map_syn\datasets\morpheme\01\NIA_SL_WORD0110_REAL01_F_morpheme.json"
WORD0111,유리그릇,ok,"D:\매핑용( 단어 생성 비디오, 단어)\map_syn\datasets\morpheme\01\NIA_SL_WORD0111_REAL01_F_morpheme.json"
WORD0112,짬뽕,ok,"D:\매핑용( 단어 생성 비디오, 단어)\map_syn\datasets\morpheme\01\NIA_SL_WORD0112_REAL01_F_morpheme.json"
WORD0113,참외,ok,"D:\매핑용( 단어 생성 비디오, 단어)\map_syn\datasets\morpheme\01\NIA_SL_WORD0113_REAL01_F_morpheme.json"
WORD0114,칼국수,ok,"D:\매핑용( 단어 생성 비디오, 단어)\map_syn\datasets\morpheme\01\NIA_SL_WORD0114_REAL01_F_morpheme.json"
WORD0115,커피,ok,"D:\매핑용( 단어 생성 비디오, 단어)\map_syn\datasets\morpheme\01\NIA_SL_WORD0115_REAL01_F_morpheme.json"
WORD0116,콜라,ok,"D:\매핑용( 단어 생성 비디오, 단어)\map_syn\datasets\morpheme\01\NIA_SL_WORD0116_REAL01_F_morpheme.json"
WORD0117,콩가루,ok,"D:\매핑용( 단어 생성 비디오, 단어)\map_syn\datasets\morpheme\01\NIA_SL_WORD0117_REAL01_F_morpheme.json"
WORD0118,통조림,ok,"D:\매핑용( 단어 생성 비디오, 단어)\map_syn\datasets\morpheme\01\NIA_SL_WORD0118_REAL01_F_morpheme.json"
WORD0119,와인,ok,"D:\매핑용( 단어 생성 비디오, 단어)\map_syn\datasets\morpheme\01\NIA_SL_WORD0119_REAL01_F_morpheme.json"
WORD0120,백설기,ok,"D:\매핑용( 단어 생성 비디오, 단어)\map_syn\datasets\morpheme\01\NIA_SL_WORD0120_REAL01_F_morpheme.json"
WORD0121,가죽신,ok,"D:\매핑용( 단어 생성 비디오, 단어)\map_syn\datasets\morpheme\01\NIA_SL_WORD0121_REAL01_F_morpheme.json"
WORD0122,군복,ok,"D:\매핑용( 단어 생성 비디오, 단어)\map_syn\datasets\morpheme\01\NIA_SL_WORD0122_REAL01_F_morpheme.json"
WORD0123,포켓,ok,"D:\매핑용( 단어 생성 비디오, 단어)\map_syn\datasets\morpheme\01\NIA_SL_WORD0123_REAL01_F_morpheme.json"
WORD0124,양산,ok,"D:\매핑용( 단어 생성 비디오, 단어)\map_syn\datasets\morpheme\01\NIA_SL_WORD0124_REAL01_F_morpheme.json"
WORD0125,운동화,ok,"D:\매핑용( 단어 생성 비디오, 단어)\map_syn\datasets\morpheme\01\NIA_SL_WORD0125_REAL01_F_morpheme.json"
WORD0126,잠옷,ok,"D:\매핑용( 단어 생성 비디오, 단어)\map_syn\datasets\morpheme\01\NIA_SL_WORD0126_REAL01_F_morpheme.json"
WORD0127,이불,ok,"D:\매핑용( 단어 생성 비디오, 단어)\map_syn\datasets\morpheme\01\NIA_SL_WORD0127_REAL01_F_morpheme.json"
WORD0128,에어컨,ok,"D:\매핑용( 단어 생성 비디오, 단어)\map_syn\datasets\morpheme\01\NIA_SL_WORD0128_REAL01_F_morpheme.json"
WORD0129,행거,ok,"D:\매핑용( 단어 생성 비디오, 단어)\map_syn\datasets\morpheme\01\NIA_SL_WORD0129_REAL01_F_morpheme.json"
WORD0130,월세,ok,"D:\매핑용( 단어 생성 비디오, 단어)\map_syn\datasets\morpheme\01\NIA_SL_WORD0130_REAL01_F_morpheme.json"
WORD0131,전세,ok,"D:\매핑용( 단어 생성 비디오, 단어)\map_syn\datasets\morpheme\01\NIA_SL_WORD0131_REAL01_F_morpheme.json"
WORD0132,치약,ok,"D:\매핑용( 단어 생성 비디오, 단어)\map_syn\datasets\morpheme\01\NIA_SL_WORD0132_REAL01_F_morpheme.json"
WORD0133,가수,ok,"D:\매핑용( 단어 생성 비디오, 단어)\map_syn\datasets\morpheme\01\NIA_SL_WORD0133_REAL01_F_morpheme.json"
WORD0134,체감,ok,"D:\매핑용( 단어 생성 비디오, 단어)\map_syn\datasets\morpheme\01\NIA_SL_WORD0134_REAL01_F_morpheme.json"
WORD0135,경고,ok,"D:\매핑용( 단어 생성 비디오, 단어)\map_syn\datasets\morpheme\01\NIA_SL_WORD0135_REAL01_F_morpheme.json"
WORD0136,경찰서,ok,"D:\매핑용( 단어 생성 비디오, 단어)\map_syn\datasets\morpheme\01\NIA_SL_WORD0136_REAL01_F_morpheme.json"
WORD0137,공식,ok,"D:\매핑용( 단어 생성 비디오, 단어)\map_syn\datasets\morpheme\01\NIA_SL_WORD0137_REAL01_F_morpheme.json"
WORD0138,과장,ok,"D:\매핑용( 단어 생성 비디오, 단어)\map_syn\datasets\morpheme\01\NIA_SL_WORD0138_REAL01_F_morpheme.json"
WORD0139,관광버스,ok,"D:\매핑용( 단어 생성 비디오, 단어)\map_syn\datasets\morpheme\01\NIA_SL_WORD0139_REAL01_F_morpheme.json"
WORD0140,교수,ok,"D:\매핑용( 단어 생성 비디오, 단어)\map_syn\datasets\morpheme\01\NIA_SL_WORD0140_REAL01_F_morpheme.json"
WORD0141,교장,ok,"D:\매핑용( 단어 생성 비디오, 단어)\map_syn\datasets\morpheme\01\NIA_SL_WORD0141_REAL01_F_morpheme.json"
WORD0142,찻길,ok,"D:\매핑용( 단어 생성 비디오, 단어)\map_syn\datasets\morpheme\01\NIA_SL_WORD0142_REAL01_F_morpheme.json"
WORD0143,독일어,ok,"D:\매핑용( 단어 생성 비디오, 단어)\map_syn\datasets\morpheme\01\NIA_SL_WORD0143_REAL01_F_morpheme.json"
WORD0144,반환,ok,"D:\매핑용( 단어 생성 비디오, 단어)\map_syn\datasets\morpheme\01\NIA_SL_WORD0144_REAL01_F_morpheme.json"
WORD0145,음주운전,ok,"D:\매핑용( 단어 생성 비디오, 단어)\map_syn\datasets\morpheme\01\NIA_SL_WORD0145_REAL01_F_morpheme.json"
WORD0146,동아리,ok,"D:\매핑용( 단어 생성 비디오, 단어)\map_syn\datasets\morpheme\01\NIA_SL_WORD0146_REAL01_F_morpheme.json"
WORD0147,디자이너,ok,"D:\매핑용( 단어 생성 비디오, 단어)\map_syn\datasets\morpheme\01\NIA_SL_WORD0147_REAL01_F_morpheme.json"
WORD0148,마을버스,ok,"D:\매핑용( 단어 생성 비디오, 단어)\map_syn\datasets\morpheme\01\NIA_SL_WORD0148_REAL01_F_morpheme.json"
WORD0149,구급차,ok,"D:\매핑용( 단어 생성 비디오, 단어)\map_syn\datasets\morpheme\01\NIA_SL_WORD0149_REAL01_F_morpheme.json"
WORD0150,개입하지않는다,ok,"D:\매핑용( 단어 생성 비디오, 단어)\map_syn\datasets\morpheme\01\NIA_SL_WORD0150_REAL01_F_morpheme.json"
WORD0151,음주운전,ok,"D:\매핑용( 단어 생성 비디오, 단어)\map_syn\datasets\morpheme\01\NIA_SL_WORD0151_REAL01_F_morpheme.json"
WORD0152,사무,ok,"D:\매핑용( 단어 생성 비디오, 단어)\map_syn\datasets\morpheme\01\NIA_SL_WORD0152_REAL01_F_morpheme.json"
WORD0153,신입학,ok,"D:\매핑용( 단어 생성 비디오, 단어)\map_syn\datasets\morpheme\01\NIA_SL_WORD0153_REAL01_F_morpheme.json"
WORD0154,여객선,ok,"D:\매핑용( 단어 생성 비디오, 단어)\map_syn\datasets\morpheme\01\NIA_SL_WORD0154_REAL01_F_morpheme.json"
WORD0155,여행사,ok,"D:\매핑용( 단어 생성 비디오, 단어)\map_syn\datasets\morpheme\01\NIA_SL_WORD0155_REAL01_F_morpheme.json"
WORD0156,기차역,ok,"D:\매핑용( 단어 생성 비디오, 단어)\map_syn\datasets\morpheme\01\NIA_SL_WORD0156_REAL01_F_morpheme.json"
WORD0157,예술가,ok,"D:\매핑용( 단어 생성 비디오, 단어)\map_syn\datasets\morpheme\01\NIA_SL_WORD0157_REAL01_F_morpheme.json"
WORD0158,외국어,ok,"D:\매핑용( 단어 생성 비디오, 단어)\map_syn\datasets\morpheme\01\NIA_SL_WORD0158_REAL01_F_morpheme.json"
WORD0159,요리사,ok,"D:\매핑용( 단어 생성 비디오, 단어)\map_syn\datasets\morpheme\01\NIA_SL_WORD0159_REAL01_F_morpheme.json"
WORD0160,강요,ok,"D:\매핑용( 단어 생성 비디오, 단어)\map_syn\datasets\morpheme\01\NIA_SL_WORD0160_REAL01_F_morpheme.json"
WORD0161,운동선수,ok,"D:\매핑용( 단어 생성 비디오, 단어)\map_syn\datasets\morpheme\01\NIA_SL_WORD0161_REAL01_F_morpheme.json"
WORD0162,퇴임,ok,"D:\매핑용( 단어 생성 비디오, 단어)\map_syn\datasets\morpheme\01\NIA_SL_WORD0162_REAL01_F_morpheme.json"
WORD0163,의사,ok,"D:\매핑용( 단어 생성 비디오, 단어)\map_syn\datasets\morpheme\01\NIA_SL_WORD0163_REAL01_F_morpheme.json"
WORD0164,이력서,ok,"D:\매핑용( 단어 생성 비디오, 단어)\map_syn\datasets\morpheme\01\NIA_SL_WORD0164_REAL01_F_morpheme.json"
WORD0165,자가용,ok,"D:\매핑용( 단어 생성 비디오, 단어)\map_syn\datasets\morpheme\01\NIA_SL_WORD0165_REAL01_F_morpheme.json"
WORD0166,재택근무,ok,"D:\매핑용( 단어 생성 비디오, 단어)\map_syn\datasets\morpheme\01\NIA_SL_WORD0166_REAL01_F_morpheme.json"
WORD0167,연령제한,ok,"D:\매핑용( 단어 생성 비디오, 단어)\map_syn\datasets\morpheme\01\NIA_SL_WORD0167_REAL01_F_morpheme.json"
WORD0168,주차장,ok,"D:\매핑용( 단어 생성 비디오, 단어)\map_syn\datasets\morpheme\01\NIA_SL_WORD0168_REAL01_F_morpheme.json"
WORD0169,채팅,ok,"D:\매핑용( 단어 생성 비디오, 단어)\map_syn\datasets\morpheme\01\NIA_SL_WORD0169_REAL01_F_morpheme.json"
WORD0170,출근,ok,"D:\매핑용( 단어 생성 비디오, 단어)\map_syn\datasets\morpheme\01\NIA_SL_WORD0170_REAL01_F_morpheme.json"
WORD0171,코치,ok,"D:\매핑용( 단어 생성 비디오, 단어)\map_syn\datasets\morpheme\01\NIA_SL_WORD0171_REAL01_F_morpheme.json"
WORD0172,터미널,ok,"D:\매핑용( 단어 생성 비디오, 단어)\map_syn\datasets\morpheme\01\NIA_SL_WORD0172_REAL01_F_morpheme.json"
WORD0173,근무,ok,"D:\매핑용( 단어 생성 비디오, 단어)\map_syn\datasets\morpheme\01\NIA_SL_WORD0173_REAL01_F_morpheme.json"
WORD0174,통역사,ok,"D:\매핑용( 단어 생성 비디오, 단어)\map_syn\datasets\morpheme\01\NIA_SL_WORD0174_REAL01_F_morpheme.json"
WORD0175,퇴사,ok,"D:\매핑용( 단어 생성 비디오, 단어)\map_syn\datasets\morpheme\01\NIA_SL_WORD0175_REAL01_F_morpheme.json"
WORD0176,사직,ok,"D:\매핑용( 단어 생성 비디오, 단어)\map_syn\datasets\morpheme\01\NIA_SL_WORD0176_REAL01_F_morpheme.json"
WORD0177,판결,ok,"D:\매핑용( 단어 생성 비디오, 단어)\map_syn\datasets\morpheme\01\NIA_SL_WORD0177_REAL01_F_morpheme.json"
WORD0178,평가,ok,"D:\매핑용( 단어 생성 비디오, 단어)\map_syn\datasets\morpheme\01\NIA_SL_WORD0178_REAL01_F_morpheme.json"
WORD0179,두번째,ok,"D:\매핑용( 단어 생성 비디오, 단어)\map_syn\datasets\morpheme\01\NIA_SL_WORD0179_REAL01_F_morpheme.json"
WORD0180,항공사,ok,"D:\매핑용( 단어 생성 비디오, 단어)\map_syn\datasets\morpheme\01\NIA_SL_WORD0180_REAL01_F_morpheme.json"
WORD0181,교통안전교육,ok,"D:\매핑용( 단어 생성 비디오, 단어)\map_syn\datasets\morpheme\01\NIA_SL_WORD0181_REAL01_F_morpheme.json"
WORD0182,화상채팅,ok,"D:\매핑용( 단어 생성 비디오, 단어)\map_syn\datasets\morpheme\01\NIA_SL_WORD0182_REAL01_F_morpheme.json"
WORD0183,회식,ok,"D:\매핑용( 단어 생성 비디오, 단어)\map_syn\datasets\morpheme\01\NIA_SL_WORD0183_REAL01_F_morpheme.json"
WORD0184,교통기본교육,ok,"D:\매핑용( 단어 생성 비디오, 단어)\map_syn\datasets\morpheme\01\NIA_SL_WORD0184_REAL01_F_morpheme.json"
WORD0185,후원,ok,"D:\매핑용( 단어 생성 비디오, 단어)\map_syn\datasets\morpheme\01\NIA_SL_WORD0185_REAL01_F_morpheme.json"
WORD0186,희생,ok,"D:\매핑용( 단어 생성 비디오, 단어)\map_syn\datasets\morpheme\01\NIA_SL_WORD0186_REAL01_F_morpheme.json"
WORD0187,간호사,ok,"D:\매핑용( 단어 생성 비디오, 단어)\map_syn\datasets\morpheme\01\NIA_SL_WORD0187_REAL01_F_morpheme.json"
WORD0188,교통법교육,ok,"D:\매핑용( 단어 생성 비디오, 단어)\map_syn\datasets\morpheme\01\NIA_SL_WORD0188_REAL01_F_morpheme.json"
WORD0189,계약금,ok,"D:\매핑용( 단어 생성 비디오, 단어)\map_syn\datasets\morpheme\01\NIA_SL_WORD0189_REAL01_F_morpheme.json"
WORD0190,고용,ok,"D:\매핑용( 단어 생성 비디오, 단어)\map_syn\datasets\morpheme\01\NIA_SL_WORD0190_REAL01_F_morpheme.json"
WORD0191,사업장,ok,"D:\매핑용( 단어 생성 비디오, 단어)\map_syn\datasets\morpheme\01\NIA_SL_WORD0191_REAL01_F_morpheme.json"
WORD0192,버스값,ok,"D:\매핑용( 단어 생성 비디오, 단어)\map_syn\datasets\morpheme\01\NIA_SL_WORD0192_REAL01_F_morpheme.json"
WORD0193,구직,ok,"D:\매핑용( 단어 생성 비디오, 단어)\map_syn\datasets\morpheme\01\NIA_SL_WORD0193_REAL01_F_morpheme.json"
WORD0194,논,ok,"D:\매핑용( 단어 생성 비디오, 단어)\map_syn\datasets\morpheme\01\NIA_SL_WORD0194_REAL01_F_morpheme.json"
WORD0195,대기업,ok,"D:\매핑용( 단어 생성 비디오, 단어)\map_syn\datasets\morpheme\01\NIA_SL_WORD0195_REAL01_F_morpheme.json"
WORD0196,사육장,ok,"D:\매핑용( 단어 생성 비디오, 단어)\map_syn\datasets\morpheme\01\NIA_SL_WORD0196_REAL01_F_morpheme.json"
WORD0197,백화점,ok,"D:\매핑용( 단어 생성 비디오, 단어)\map_syn\datasets\morpheme\01\NIA_SL_WORD0197_REAL01_F_morpheme.json"
WORD0198,압류,ok,"D:\매핑용( 단어 생성 비디오, 단어)\map_syn\datasets\morpheme\01\NIA_SL_WORD0198_REAL01_F_morpheme.json"
WORD0199,거지,ok,"D:\매핑용( 단어 생성 비디오, 단어)\map_syn\datasets\morpheme\01\NIA_SL_WORD0199_REAL01_F_morpheme.json"
WORD0200,수입,ok,"D:\매핑용( 단어 생성 비디오, 단어)\map_syn\datasets\morpheme\01\NIA_SL_WORD0200_REAL01_F_morpheme.json"
WORD0201,신용카드,ok,"D:\매핑용( 단어 생성 비디오, 단어)\map_syn\datasets\morpheme\01\NIA_SL_WORD0201_REAL01_F_morpheme.json"
WORD0202,백수,ok,"D:\매핑용( 단어 생성 비디오, 단어)\map_syn\datasets\morpheme\01\NIA_SL_WORD0202_REAL01_F_morpheme.json"
WORD0203,아르바이트,ok,"D:\매핑용( 단어 생성 비디오, 단어)\map_syn\datasets\morpheme\01\NIA_SL_WORD0203_REAL01_F_morpheme.json"
WORD0204,샛길,ok,"D:\매핑용( 단어 생성 비디오, 단어)\map_syn\datasets\morpheme\01\NIA_SL_WORD0204_REAL01_F_morpheme.json"
WORD0205,일시불,ok,"D:\매핑용( 단어 생성 비디오, 단어)\map_syn\datasets\morpheme\01\NIA_SL_WORD0205_REAL01_F_morpheme.json"
WORD0206,주유소,ok,"D:\매핑용( 단어 생성 비디오, 단어)\map_syn\datasets\morpheme\01\NIA_SL_WORD0206_REAL01_F_morpheme.json"
WORD0207,집주인,ok,"D:\매핑용( 단어 생성 비디오, 단어)\map_syn\datasets\morpheme\01\NIA_SL_WORD0207_REAL01_F_morpheme.json"
WORD0208,한국은행,ok,"D:\매핑용( 단어 생성 비디오, 단어)\map_syn\datasets\morpheme\01\NIA_SL_WORD0208_REAL01_F_morpheme.json"
WORD0209,경찰청장,ok,"D:\매핑용( 단어 생성 비디오, 단어)\map_syn\datasets\morpheme\01\NIA_SL_WORD0209_REAL01_F_morpheme.json"
WORD0210,가정교육,ok,"D:\매핑용( 단어 생성 비디오, 단어)\map_syn\datasets\morpheme\01\NIA_SL_WORD0210_REAL01_F_morpheme.json"
WORD0211,고등학교,ok,"D:\매핑용( 단어 생성 비디오, 단어)\map_syn\datasets\morpheme\01\NIA_SL_WORD0211_REAL01_F_morpheme.json"
WORD0212,고등학생,ok,"D:\매핑용( 단어 생성 비디오, 단어)\map_syn\datasets\morpheme\01\NIA_SL_WORD0212_REAL01_F_morpheme.json"
WORD0213,교무실,ok,"D:\매핑용( 단어 생성 비디오, 단어)\map_syn\datasets\morpheme\01\NIA_SL_WORD0213_REAL01_F_morpheme.json"
WORD0214,개학,ok,"D:\매핑용( 단어 생성 비디오, 단어)\map_syn\datasets\morpheme\01\NIA_SL_WORD0214_REAL01_F_morpheme.json"
WORD0215,교실,ok,"D:\매핑용( 단어 생성 비디오, 단어)\map_syn\datasets\morpheme\01\NIA_SL_WORD0215_REAL01_F_morpheme.json"
WORD0216,교육자,ok,"D:\매핑용( 단어 생성 비디오, 단어)\map_syn\datasets\morpheme\01\NIA_SL_WORD0216_REAL01_F_morpheme.json"
WORD0217,국어학,ok,"D:\매핑용( 단어 생성 비디오, 단어)\map_syn\datasets\morpheme\01\NIA_SL_WORD0217_REAL01_F_morpheme.json"
WORD0218,낙제,ok,"D:\매핑용( 단어 생성 비디오, 단어)\map_syn\datasets\morpheme\01\NIA_SL_WORD0218_REAL01_F_morpheme.json"
WORD0219,예절,ok,"D:\매핑용( 단어 생성 비디오, 단어)\map_syn\datasets\morpheme\01\NIA_SL_WORD0219_REAL01_F_morpheme.json"
WORD0220,독서실,ok,"D:\매핑용( 단어 생성 비디오, 단어)\map_syn\datasets\morpheme\01\NIA_SL_WORD0220_REAL01_F_morpheme.json"
WORD0221,등교,ok,"D:\매핑용( 단어 생성 비디오, 단어)\map_syn\datasets\morpheme\01\NIA_SL_WORD0221_REAL01_F_morpheme.json"
WORD0222,맹학교,ok,"D:\매핑용( 단어 생성 비디오, 단어)\map_syn\datasets\morpheme\01\NIA_SL_WORD0222_REAL01_F_morpheme.json"
WORD0223,복습,ok,"D:\매핑용( 단어 생성 비디오, 단어)\map_syn\datasets\morpheme\01\NIA_SL_WORD0223_REAL01_F_morpheme.json"
WORD0224,분필,ok,"D:\매핑용( 단어 생성 비디오, 단어)\map_syn\datasets\morpheme\01\NIA_SL_WORD0224_REAL01_F_morpheme.json"
WORD0225,상장,ok,"D:\매핑용( 단어 생성 비디오, 단어)\map_syn\datasets\morpheme\01\NIA_SL_WORD0225_REAL01_F_morpheme.json"
WORD0226,서점,ok,"D:\매핑용( 단어 생성 비디오, 단어)\map_syn\datasets\morpheme\01\NIA_SL_WORD0226_REAL01_F_morpheme.json"
WORD0227,학업,ok,"D:\매핑용( 단어 생성 비디오, 단어)\map_syn\datasets\morpheme\01\NIA_SL_WORD0227_REAL01_F_morpheme.json"
WORD0228,실습,ok,"D:\매핑용( 단어 생성 비디오, 단어)\map_syn\datasets\morpheme\01\NIA_SL_WORD0228_REAL01_F_morpheme.json"
WORD0229,여학교,ok,"D:\매핑용( 단어 생성 비디오, 단어)\map_syn\datasets\morpheme\01\NIA_SL_WORD0229_REAL01_F_morpheme.json"
WORD0230,여학생,ok,"D:\매핑용( 단어 생성 비디오, 단어)\map_syn\datasets\morpheme\01\NIA_SL_WORD0230_REAL01_F_morpheme.json"
WORD0231,연구소,ok,"D:\매핑용( 단어 생성 비디오, 단어)\map_syn\datasets\morpheme\01\NIA_SL_WORD0231_REAL01_F_morpheme.json"
WORD0232,연구실,ok,"D:\매핑용( 단어 생성 비디오, 단어)\map_syn\datasets\morpheme\01\NIA_SL_WORD0232_REAL01_F_morpheme.json"
WORD0233,예습,ok,"D:\매핑용( 단어 생성 비디오, 단어)\map_syn\datasets\morpheme\01\NIA_SL_WORD0233_REAL01_F_morpheme.json"
WORD0234,유학,ok,"D:\매핑용( 단어 생성 비디오, 단어)\map_syn\datasets\morpheme\01\NIA_SL_WORD0234_REAL01_F_morpheme.json"
WORD0235,의학,ok,"D:\매핑용( 단어 생성 비디오, 단어)\map_syn\datasets\morpheme\01\NIA_SL_WORD0235_REAL01_F_morpheme.json"
WORD0236,지도,ok,"D:\매핑용( 단어 생성 비디오, 단어)\map_syn\datasets\morpheme\01\NIA_SL_WORD0236_REAL01_F_morpheme.json"
WORD0237,재학,ok,"D:\매핑용( 단어 생성 비디오, 단어)\map_syn\datasets\morpheme\01\NIA_SL_WORD0237_REAL01_F_morpheme.json"
WORD0238,연구,ok,"D:\매핑용( 단어 생성 비디오, 단어)\map_syn\datasets\morpheme\01\NIA_SL_WORD0238_REAL01_F_morpheme.json"
WORD0239,학부모,ok,"D:\매핑용( 단어 생성 비디오, 단어)\map_syn\datasets\morpheme\01\NIA_SL_WORD0239_REAL01_F_morpheme.json"
WORD0240,학식,ok,"D:\매핑용( 단어 생성 비디오, 단어)\map_syn\datasets\morpheme\01\NIA_SL_WORD0240_REAL01_F_morpheme.json"
WORD0241,훈련,ok,"D:\매핑용( 단어 생성 비디오, 단어)\map_syn\datasets\morpheme\01\NIA_SL_WORD0241_REAL01_F_morpheme.json"
WORD0242,경기도,ok,"D:\매핑용( 단어 생성 비디오, 단어)\map_syn\datasets\morpheme\01\NIA_SL_WORD0242_REAL01_F_morpheme.json"
WORD0243,경기도,ok,"D:\매핑용( 단어 생성 비디오, 단어)\map_syn\datasets\morpheme\01\NIA_SL_WORD0243_REAL01_F_morpheme.json"
WORD0244,경북,ok,"D:\매핑용( 단어 생성 비디오, 단어)\map_syn\datasets\morpheme\01\NIA_SL_WORD0244_REAL01_F_morpheme.json"
WORD0245,남산,ok,"D:\매핑용( 단어 생성 비디오, 단어)\map_syn\datasets\morpheme\01\NIA_SL_WORD0245_REAL01_F_morpheme.json"
WORD0246,울릉도,ok,"D:\매핑용( 단어 생성 비디오, 단어)\map_syn\datasets\morpheme\01\NIA_SL_WORD0246_REAL01_F_morpheme.json"
WORD0247,울산,ok,"D:\매핑용( 단어 생성 비디오, 단어)\map_syn\datasets\morpheme\01\NIA_SL_WORD0247_REAL01_F_morpheme.json"
WORD0248,전남,ok,"D:\매핑용( 단어 생성 비디오, 단어)\map_syn\datasets\morpheme\01\NIA_SL_WORD0248_REAL01_F_morpheme.json"
WORD0249,청주,ok,"D:\매핑용( 단어 생성 비디오, 단어)\map_syn\datasets\morpheme\01\NIA_SL_WORD0249_REAL01_F_morpheme.json"
WORD0250,충북,ok,"D:\매핑용( 단어 생성 비디오, 단어)\map_syn\datasets\morpheme\01\NIA_SL_WORD0250_REAL01_F_morpheme.json"
WORD0251,충남,ok,"D:\매핑용( 단어 생성 비디오, 단어)\map_syn\datasets\morpheme\01\NIA_SL_WORD0251_REAL01_F_morpheme.json"
WORD0252,불경,ok,"D:\매핑용( 단어 생성 비디오, 단어)\map_syn\datasets\morpheme\01\NIA_SL_WORD0252_REAL01_F_morpheme.json"
WORD0253,불경,ok,"D:\매핑용( 단어 생성 비디오, 단어)\map_syn\datasets\morpheme\01\NIA_SL_WORD0253_REAL01_F_morpheme.json"
WORD0254,성경책,ok,"D:\매핑용( 단어 생성 비디오, 단어)\map_syn\datasets\morpheme\01\NIA_SL_WORD0254_REAL01_F_morpheme.json"
WORD0255,신학,ok,"D:\매핑용( 단어 생성 비디오, 단어)\map_syn\datasets\morpheme\01\NIA_SL_WORD0255_REAL01_F_morpheme.json"
WORD0256,장로교,ok,"D:\매핑용( 단어 생성 비디오, 단어)\map_syn\datasets\morpheme\01\NIA_SL_WORD0256_REAL01_F_morpheme.json"
WORD0257,일요일,ok,"D:\매핑용( 단어 생성 비디오, 단어)\map_syn\datasets\morpheme\01\NIA_SL_WORD0257_REAL01_F_morpheme.json"
WORD0258,축하,ok,"D:\매핑용( 단어 생성 비디오, 단어)\map_syn\datasets\morpheme\01\NIA_SL_WORD0258_REAL01_F_morpheme.json"
WORD0259,회개,ok,"D:\매핑용( 단어 생성 비디오, 단어)\map_syn\datasets\morpheme\01\NIA_SL_WORD0259_REAL01_F_morpheme.json"
WORD0260,소감,ok,"D:\매핑용( 단어 생성 비디오, 단어)\map_syn\datasets\morpheme\01\NIA_SL_WORD0260_REAL01_F_morpheme.json"
WORD0261,장난,ok,"D:\매핑용( 단어 생성 비디오, 단어)\map_syn\datasets\morpheme\01\NIA_SL_WORD0261_REAL01_F_morpheme.json"
WORD0262,장인,ok,"D:\매핑용( 단어 생성 비디오, 단어)\map_syn\datasets\morpheme\01\NIA_SL_WORD0262_REAL01_F_morpheme.json"
WORD0263,희생자,ok,"D:\매핑용( 단어 생성 비디오, 단어)\map_syn\datasets\morpheme\01\NIA_SL_WORD0263_REAL01_F_morpheme.json"
WORD0264,디자인,ok,"D:\매핑용( 단어 생성 비디오, 단어)\map_syn\datasets\morpheme\01\NIA_SL_WORD0264_REAL01_F_morpheme.json"
WORD0265,돌무덤,ok,"D:\매핑용( 단어 생성 비디오, 단어)\map_syn\datasets\morpheme\01\NIA_SL_WORD0265_REAL01_F_morpheme.json"
WORD0266,쇠기둥,ok,"D:\매핑용( 단어 생성 비디오, 단어)\map_syn\datasets\morpheme\01\NIA_SL_WORD0266_REAL01_F_morpheme.json"
WORD0267,동화책,ok,"D:\매핑용( 단어 생성 비디오, 단어)\map_syn\datasets\morpheme\01\NIA_SL_WORD0267_REAL01_F_morpheme.json"
WORD0268,목공예,ok,"D:\매핑용( 단어 생성 비디오, 단어)\map_syn\datasets\morpheme\01\NIA_SL_WORD0268_REAL01_F_morpheme.json"
WORD0269,문학,ok,"D:\매핑용( 단어 생성 비디오, 단어)\map_syn\datasets\morpheme\01\NIA_SL_WORD0269_REAL01_F_morpheme.json"
WORD0270,문화유산,ok,"D:\매핑용( 단어 생성 비디오, 단어)\map_syn\datasets\morpheme\01\NIA_SL_WORD0270_REAL01_F_morpheme.json"
WORD0271,음악가,ok,"D:\매핑용( 단어 생성 비디오, 단어)\map_syn\datasets\morpheme\01\NIA_SL_WORD0271_REAL01_F_morpheme.json"
WORD0272,예술,ok,"D:\매핑용( 단어 생성 비디오, 단어)\map_syn\datasets\morpheme\01\NIA_SL_WORD0272_REAL01_F_morpheme.json"
WORD0273,초상화,ok,"D:\매핑용( 단어 생성 비디오, 단어)\map_syn\datasets\morpheme\01\NIA_SL_WORD0273_REAL01_F_morpheme.json"
WORD0274,토기,ok,"D:\매핑용( 단어 생성 비디오, 단어)\map_syn\datasets\morpheme\01\NIA_SL_WORD0274_REAL01_F_morpheme.json"
WORD0275,흑백영화,ok,"D:\매핑용( 단어 생성 비디오, 단어)\map_syn\datasets\morpheme\01\NIA_SL_WORD0275_REAL01_F_morpheme.json"
WORD0276,공군,ok,"D:\매핑용( 단어 생성 비디오, 단어)\map_syn\datasets\morpheme\01\NIA_SL_WORD0276_REAL01_F_morpheme.json"
WORD0277,감옥,ok,"D:\매핑용( 단어 생성 비디오, 단어)\map_syn\datasets\morpheme\01\NIA_SL_WORD0277_REAL01_F_morpheme.json"
WORD0278,국왕,ok,"D:\매핑용( 단어 생성 비디오, 단어)\map_syn\datasets\morpheme\01\NIA_SL_WORD0278_REAL01_F_morpheme.json"
WORD0279,보건복지,ok,"D:\매핑용( 단어 생성 비디오, 단어)\map_syn\datasets\morpheme\01\NIA_SL_WORD0279_REAL01_F_morpheme.json"
WORD0280,고소,ok,"D:\매핑용( 단어 생성 비디오, 단어)\map_syn\datasets\morpheme\01\NIA_SL_WORD0280_REAL01_F_morpheme.json"
WORD0281,유권자,ok,"D:\매핑용( 단어 생성 비디오, 단어)\map_syn\datasets\morpheme\01\NIA_SL_WORD0281_REAL01_F_morpheme.json"
WORD0282,절도죄,ok,"D:\매핑용( 단어 생성 비디오, 단어)\map_syn\datasets\morpheme\01\NIA_SL_WORD0282_REAL01_F_morpheme.json"
WORD0283,수감자,ok,"D:\매핑용( 단어 생성 비디오, 단어)\map_syn\datasets\morpheme\01\NIA_SL_WORD0283_REAL01_F_morpheme.json"
WORD0284,총무,ok,"D:\매핑용( 단어 생성 비디오, 단어)\map_syn\datasets\morpheme\01\NIA_SL_WORD0284_REAL01_F_morpheme.json"
WORD0285,강,ok,"D:\매핑용( 단어 생성 비디오, 단어)\map_syn\datasets\morpheme\01\NIA_SL_WORD0285_REAL01_F_morpheme.json"
WORD0286,달빛,ok,"D:\매핑용( 단어 생성 비디오, 단어)\map_syn\datasets\morpheme\01\NIA_SL_WORD0286_REAL01_F_morpheme.json"
WORD0287,장마,ok,"D:\매핑용( 단어 생성 비디오, 단어)\map_syn\datasets\morpheme\01\NIA_SL_WORD0287_REAL01_F_morpheme.json"
WORD0288,체온,ok,"D:\매핑용( 단어 생성 비디오, 단어)\map_syn\datasets\morpheme\01\NIA_SL_WORD0288_REAL01_F_morpheme.json"
WORD0289,파도,ok,"D:\매핑용( 단어 생성 비디오, 단어)\map_syn\datasets\morpheme\01\NIA_SL_WORD0289_REAL01_F_morpheme.json"
WORD0290,하늘,ok,"D:\매핑용( 단어 생성 비디오, 단어)\map_syn\datasets\morpheme\01\NIA_SL_WORD0290_REAL01_F_morpheme.json"
WORD0291,가시나무,ok,"D:\매핑용( 단어 생성 비디오, 단어)\map_syn\datasets\morpheme\01\NIA_SL_WORD0291_REAL01_F_morpheme.json"
WORD0292,강아지,ok,"D:\매핑용( 단어 생성 비디오, 단어)\map_syn\datasets\morpheme\01\NIA_SL_WORD0292_REAL01_F_morpheme.json"
WORD0293,구렁이,ok,"D:\매핑용( 단어 생성 비디오, 단어)\map_syn\datasets\morpheme\01\NIA_SL_WORD0293_REAL01_F_morpheme.json"
WORD0294,까마귀,ok,"D:\매핑용( 단어 생성 비디오, 단어)\map_syn\datasets\morpheme\01\NIA_SL_WORD0294_REAL01_F_morpheme.json"
WORD0295,꽃씨,ok,"D:\매핑용( 단어 생성 비디오, 단어)\map_syn\datasets\morpheme\01\NIA_SL_WORD0295_REAL01_F_morpheme.json"
WORD0296,꽃잎,ok,"D:\매핑용( 단어 생성 비디오, 단어)\map_syn\datasets\morpheme\01\NIA_SL_WORD0296_REAL01_F_morpheme.json"
WORD0297,웃는척,ok,"D:\매핑용( 단어 생성 비디오, 단어)\map_syn\datasets\morpheme\01\NIA_SL_WORD0297_REAL01_F_morpheme.json"
WORD0298,흡연실,ok,"D:\매핑용( 단어 생성 비디오, 단어)\map_syn\datasets\morpheme\01\NIA_SL_WORD0298_REAL01_F_morpheme.json"
WORD0299,무궁화,ok,"D:\매핑용( 단어 생성 비디오, 단어)\map_syn\datasets\morpheme\01\NIA_SL_WORD0299_REAL01_F_morpheme.json"
WORD0300,밤나무,ok,"D:\매핑용( 단어 생성 비디오, 단어)\map_syn\datasets\morpheme\01\NIA_SL_WORD0300_REAL01_F_morpheme.json"
WORD0301,벚꽃,ok,"D:\매핑용( 단어 생성 비디오, 단어)\map_syn\datasets\morpheme\01\NIA_SL_WORD0301_REAL01_F_morpheme.json"
WORD0302,깃털,ok,"D:\매핑용( 단어 생성 비디오, 단어)\map_syn\datasets\morpheme\01\NIA_SL_WORD0302_REAL01_F_morpheme.json"
WORD0303,솔잎,ok,"D:\매핑용( 단어 생성 비디오, 단어)\map_syn\datasets\morpheme\01\NIA_SL_WORD0303_REAL01_F_morpheme.json"
WORD0304,송아지,ok,"D:\매핑용( 단어 생성 비디오, 단어)\map_syn\datasets\morpheme\01\NIA_SL_WORD0304_REAL01_F_morpheme.json"
WORD0305,소뿔,ok,"D:\매핑용( 단어 생성 비디오, 단어)\map_syn\datasets\morpheme\01\NIA_SL_WORD0305_REAL01_F_morpheme.json"
WORD0306,양털,ok,"D:\매핑용( 단어 생성 비디오, 단어)\map_syn\datasets\morpheme\01\NIA_SL_WORD0306_REAL01_F_morpheme.json"
WORD0307,연꽃,ok,"D:\매핑용( 단어 생성 비디오, 단어)\map_syn\datasets\morpheme\01\NIA_SL_WORD0307_REAL01_F_morpheme.json"
WORD0308,참새,ok,"D:\매핑용( 단어 생성 비디오, 단어)\map_syn\datasets\morpheme\01\NIA_SL_WORD0308_REAL01_F_morpheme.json"
WORD0309,어젯밤,ok,"D:\매핑용( 단어 생성 비디오, 단어)\map_syn\datasets\morpheme\01\NIA_SL_WORD0309_REAL01_F_morpheme.json"
WORD0310,갈색,ok,"D:\매핑용( 단어 생성 비디오, 단어)\map_syn\datasets\morpheme\01\NIA_SL_WORD0310_REAL01_F_morpheme.json"
WORD0311,최상급,ok,"D:\매핑용( 단어 생성 비디오, 단어)\map_syn\datasets\morpheme\01\NIA_SL_WORD0311_REAL01_F_morpheme.json"
WORD0312,공휴일,ok,"D:\매핑용( 단어 생성 비디오, 단어)\map_syn\datasets\morpheme\01\NIA_SL_WORD0312_REAL01_F_morpheme.json"
WORD0313,세번째,ok,"D:\매핑용( 단어 생성 비디오, 단어)\map_syn\datasets\morpheme\01\NIA_SL_WORD0313_REAL01_F_morpheme.json"
WORD0314,네번째,ok,"D:\매핑용( 단어 생성 비디오, 단어)\map_syn\datasets\morpheme\01\NIA_SL_WORD0314_REAL01_F_morpheme.json"
WORD0315,흙내음,ok,"D:\매핑용( 단어 생성 비디오, 단어)\map_syn\datasets\morpheme\01\NIA_SL_WORD0315_REAL01_F_morpheme.json"
WORD0316,금요일,ok,"D:\매핑용( 단어 생성 비디오, 단어)\map_syn\datasets\morpheme\01\NIA_SL_WORD0316_REAL01_F_morpheme.json"
WORD0317,급행,ok,"D:\매핑용( 단어 생성 비디오, 단어)\map_syn\datasets\morpheme\01\NIA_SL_WORD0317_REAL01_F_morpheme.json"
WORD0318,남부지방,ok,"D:\매핑용( 단어 생성 비디오, 단어)\map_syn\datasets\morpheme\01\NIA_SL_WORD0318_REAL01_F_morpheme.json"
WORD0319,식목일,ok,"D:\매핑용( 단어 생성 비디오, 단어)\map_syn\datasets\morpheme\01\NIA_SL_WORD0319_REAL01_F_morpheme.json"
WORD0320,방금,ok,"D:\매핑용( 단어 생성 비디오, 단어)\map_syn\datasets\morpheme\01\NIA_SL_WORD0320_REAL01_F_morpheme.json"
WORD0321,100만원,ok,"D:\매핑용( 단어 생성 비디오, 단어)\map_syn\datasets\morpheme\01\NIA_SL_WORD0321_REAL01_F_morpheme.json"
WORD0322,보라색,ok,"D:\매핑용( 단어 생성 비디오, 단어)\map_syn\datasets\morpheme\01\NIA_SL_WORD0322_REAL01_F_morpheme.json"
WORD0323,분홍조명,ok,"D:\매핑용( 단어 생성 비디오, 단어)\map_syn\datasets\morpheme\01\NIA_SL_WORD0323_REAL01_F_morpheme.json"
WORD0324,분혹색,ok,"D:\매핑용( 단어 생성 비디오, 단어)\map_syn\datasets\morpheme\01\NIA_SL_WORD0324_REAL01_F_morpheme.json"
WORD0325,얼굴이빨개지다,ok,"D:\매핑용( 단어 생성 비디오, 단어)\map_syn\datasets\morpheme\01\NIA_SL_WORD0325_REAL01_F_morpheme.json"
WORD0326,사춘기,ok,"D:\매핑용( 단어 생성 비디오, 단어)\map_syn\datasets\morpheme\01\NIA_SL_WORD0326_REAL01_F_morpheme.json"
WORD0327,3.1절,ok,"D:\매핑용( 단어 생성 비디오, 단어)\map_syn\datasets\morpheme\01\NIA_SL_WORD0327_REAL01_F_morpheme.json"
WORD0328,생년월일,ok,"D:\매핑용( 단어 생성 비디오, 단어)\map_syn\datasets\morpheme\01\NIA_SL_WORD0328_REAL01_F_morpheme.json"
WORD0329,수요일,ok,"D:\매핑용( 단어 생성 비디오, 단어)\map_syn\datasets\morpheme\01\NIA_SL_WORD0329_REAL01_F_morpheme.json"
WORD0330,10만원,ok,"D:\매핑용( 단어 생성 비디오, 단어)\map_syn\datasets\morpheme\01\NIA_SL_WORD0330_REAL01_F_morpheme.json"
WORD0331,어떻게,ok,"D:\매핑용( 단어 생성 비디오, 단어)\map_syn\datasets\morpheme\01\NIA_SL_WORD0331_REAL01_F_morpheme.json"
WORD0332,어린이날,ok,"D:\매핑용( 단어 생성 비디오, 단어)\map_syn\datasets\morpheme\01\NIA_SL_WORD0332_REAL01_F_morpheme.json"
WORD0333,연말,ok,"D:\매핑용( 단어 생성 비디오, 단어)\map_syn\datasets\morpheme\01\NIA_SL_WORD0333_REAL01_F_morpheme.json"
WORD0334,예전,ok,"D:\매핑용( 단어 생성 비디오, 단어)\map_syn\datasets\morpheme\01\NIA_SL_WORD0334_REAL01_F_morpheme.json"
WORD0335,식전,ok,"D:\매핑용( 단어 생성 비디오, 단어)\map_syn\datasets\morpheme\01\NIA_SL_WORD0335_REAL01_F_morpheme.json"
WORD0336,월요일,ok,"D:\매핑용( 단어 생성 비디오, 단어)\map_syn\datasets\morpheme\01\NIA_SL_WORD0336_REAL01_F_morpheme.json"
WORD0337,일요일,ok,"D:\매핑용( 단어 생성 비디오, 단어)\map_syn\datasets\morpheme\01\NIA_SL_WORD0337_REAL01_F_morpheme.json"
WORD0338,자정,ok,"D:\매핑용( 단어 생성 비디오, 단어)\map_syn\datasets\morpheme\01\NIA_SL_WORD0338_REAL01_F_morpheme.json"
WORD0339,아까,ok,"D:\매핑용( 단어 생성 비디오, 단어)\map_syn\datasets\morpheme\01\NIA_SL_WORD0339_REAL01_F_morpheme.json"
WORD0340,진하기,ok,"D:\매핑용( 단어 생성 비디오, 단어)\map_syn\datasets\morpheme\01\NIA_SL_WORD0340_REAL01_F_morpheme.json"
WORD0341,검정머리,ok,"D:\매핑용( 단어 생성 비디오, 단어)\map_syn\datasets\morpheme\01\NIA_SL_WORD0341_REAL01_F_morpheme.json"
WORD0342,최대,ok,"D:\매핑용( 단어 생성 비디오, 단어)\map_syn\datasets\morpheme\01\NIA_SL_WORD0342_REAL01_F_morpheme.json"
WORD0343,최소,ok,"D:\매핑용( 단어 생성 비디오, 단어)\map_syn\datasets\morpheme\01\NIA_SL_WORD0343_REAL01_F_morpheme.json"
WORD0344,평일,ok,"D:\매핑용( 단어 생성 비디오, 단어)\map_syn\datasets\morpheme\01\NIA_SL_WORD0344_REAL01_F_morpheme.json"
WORD0345,한글날,ok,"D:\매핑용( 단어 생성 비디오, 단어)\map_syn\datasets\morpheme\01\NIA_SL_WORD0345_REAL01_F_morpheme.json"
WORD0346,현충일,ok,"D:\매핑용( 단어 생성 비디오, 단어)\map_syn\datasets\morpheme\01\NIA_SL_WORD0346_REAL01_F_morpheme.json"
WORD0347,화요일,ok,"D:\매핑용( 단어 생성 비디오, 단어)\map_syn\datasets\morpheme\01\NIA_SL_WORD0347_REAL01_F_morpheme.json"
WORD0348,황금색,ok,"D:\매핑용( 단어 생성 비디오, 단어)\map_syn\datasets\morpheme\01\NIA_SL_WORD0348_REAL01_F_morpheme.json"
WORD0349,흑백,ok,"D:\매핑용( 단어 생성 비디오, 단어)\map_syn\datasets\morpheme\01\NIA_SL_WORD0349_REAL01_F_morpheme.json"
WORD0350,흑색,ok,"D:\매핑용( 단어 생성 비디오, 단어)\map_syn\datasets\morpheme\01\NIA_SL_WORD0350_REAL01_F_morpheme.json"
WORD0351,임시협약,ok,"D:\매핑용( 단어 생성 비디오, 단어)\map_syn\datasets\morpheme\01\NIA_SL_WORD0351_REAL01_F_morpheme.json"
WORD0352,감금,ok,"D:\매핑용( 단어 생성 비디오, 단어)\map_syn\datasets\morpheme\01\NIA_SL_WORD0352_REAL01_F_morpheme.json"
WORD0353,탈춤,ok,"D:\매핑용( 단어 생성 비디오, 단어)\map_syn\datasets\morpheme\01\NIA_SL_WORD0353_REAL01_F_morpheme.json"
WORD0354,가명,ok,"D:\매핑용( 단어 생성 비디오, 단어)\map_syn\datasets\morpheme\01\NIA_SL_WORD0354_REAL01_F_morpheme.json"
WORD0355,가발,ok,"D:\매핑용( 단어 생성 비디오, 단어)\map_syn\datasets\morpheme\01\NIA_SL_WORD0355_REAL01_F_morpheme.json"
WORD0356,가위바위보,ok,"D:\매핑용( 단어 생성 비디오, 단어)\map_syn\datasets\morpheme\01\NIA_SL_WORD0356_REAL01_F_morpheme.json"
WORD0357,가족회의,ok,"D:\매핑용( 단어 생성 비디오, 단어)\map_syn\datasets\morpheme\01\NIA_SL_WORD0357_REAL01_F_morpheme.json"
WORD0358,가짜,ok,"D:\매핑용( 단어 생성 비디오, 단어)\map_syn\datasets\morpheme\01\NIA_SL_WORD0358_REAL01_F_morpheme.json"
WORD0359,서약서,ok,"D:\매핑용( 단어 생성 비디오, 단어)\map_syn\datasets\morpheme\01\NIA_SL_WORD0359_REAL01_F_morpheme.json"
WORD0360,간편,ok,"D:\매핑용( 단어 생성 비디오, 단어)\map_syn\datasets\morpheme\01\NIA_SL_WORD0360_REAL01_F_morpheme.json"
WORD0361,감옥,ok,"D:\매핑용( 단어 생성 비디오, 단어)\map_syn\datasets\morpheme\01\NIA_SL_WORD0361_REAL01_F_morpheme.json"
WORD0362,감옥살이,ok,"D:\매핑용( 단어 생성 비디오, 단어)\map_syn\datasets\morpheme\01\NIA_SL_WORD0362_REAL01_F_morpheme.json"
WORD0363,보호,ok,"D:\매핑용( 단어 생성 비디오, 단어)\map_syn\datasets\morpheme\01\NIA_SL_WORD0363_REAL01_F_morpheme.json"
WORD0364,견습,ok,"D:\매핑용( 단어 생성 비디오, 단어)\map_syn\datasets\morpheme\01\NIA_SL_WORD0364_REAL01_F_morpheme.json"
WORD0365,강약,ok,"D:\매핑용( 단어 생성 비디오, 단어)\map_syn\datasets\morpheme\01\NIA_SL_WORD0365_REAL01_F_morpheme.json"
WORD0366,강철,ok,"D:\매핑용( 단어 생성 비디오, 단어)\map_syn\datasets\morpheme\01\NIA_SL_WORD0366_REAL01_F_morpheme.json"
WORD0367,개똥,ok,"D:\매핑용( 단어 생성 비디오, 단어)\map_syn\datasets\morpheme\01\NIA_SL_WORD0367_REAL01_F_morpheme.json"
WORD0368,개명,ok,"D:\매핑용( 단어 생성 비디오, 단어)\map_syn\datasets\morpheme\01\NIA_SL_WORD0368_REAL01_F_morpheme.json"
WORD0369,신경쓰다,ok,"D:\매핑용( 단어 생성 비디오, 단어)\map_syn\datasets\morpheme\01\NIA_SL_WORD0369_REAL01_F_morpheme.json"
WORD0370,거목,ok,"D:\매핑용( 단어 생성 비디오, 단어)\map_syn\datasets\morpheme\01\NIA_SL_WORD0370_REAL01_F_morpheme.json"
WORD0371,거북선,ok,"D:\매핑용( 단어 생성 비디오, 단어)\map_syn\datasets\morpheme\01\NIA_SL_WORD0371_REAL01_F_morpheme.json"
WORD0372,거역,ok,"D:\매핑용( 단어 생성 비디오, 단어)\map_syn\datasets\morpheme\01\NIA_SL_WORD0372_REAL01_F_morpheme.json"
WORD0373,거지,ok,"D:\매핑용( 단어 생성 비디오, 단어)\map_syn\datasets\morpheme\01\NIA_SL_WORD0373_REAL01_F_morpheme.json"
WORD0374,건장,ok,"D:\매핑용( 단어 생성 비디오, 단어)\map_syn\datasets\morpheme\01\NIA_SL_WORD0374_REAL01_F_morpheme.json"
WORD0375,걸스카우트,ok,"D:\매핑용( 단어 생성 비디오, 단어)\map_syn\datasets\morpheme\01\NIA_SL_WORD0375_REAL01_F_morpheme.json"
WORD0376,거지,ok,"D:\매핑용( 단어 생성 비디오, 단어)\map_syn\datasets\morpheme\01\NIA_SL_WORD0376_REAL01_F_morpheme.json"
WORD0377,휴학,ok,"D:\매핑용( 단어 생성 비디오, 단어)\map_syn\datasets\morpheme\01\NIA_SL_WORD0377_REAL01_F_morpheme.json"
WORD0378,휴학,ok,"D:\매핑용( 단어 생성 비디오, 단어)\map_syn\datasets\morpheme\01\NIA_SL_WORD0378_REAL01_F_morpheme.json"
WORD0379,회칙,ok,"D:\매핑용( 단어 생성 비디오, 단어)\map_syn\datasets\morpheme\01\NIA_SL_WORD0379_REAL01_F_morpheme.json"
WORD0380,결승전,ok,"D:\매핑용( 단어 생성 비디오, 단어)\map_syn\datasets\morpheme\01\NIA_SL_WORD0380_REAL01_F_morpheme.json"
WORD0381,경찰행정,ok,"D:\매핑용( 단어 생성 비디오, 단어)\map_syn\datasets\morpheme\01\NIA_SL_WORD0381_REAL01_F_morpheme.json"
WORD0382,경비실,ok,"D:\매핑용( 단어 생성 비디오, 단어)\map_syn\datasets\morpheme\01\NIA_SL_WORD0382_REAL01_F_morpheme.json"
WORD0383,고아원,ok,"D:\매핑용( 단어 생성 비디오, 단어)\map_syn\datasets\morpheme\01\NIA_SL_WORD0383_REAL01_F_morpheme.json"
WORD0384,고춧잎,ok,"D:\매핑용( 단어 생성 비디오, 단어)\map_syn\datasets\morpheme\01\NIA_SL_WORD0384_REAL01_F_morpheme.json"
WORD0385,불알,ok,"D:\매핑용( 단어 생성 비디오, 단어)\map_syn\datasets\morpheme\01\NIA_SL_WORD0385_REAL01_F_morpheme.json"
WORD0386,황금기,ok,"D:\매핑용( 단어 생성 비디오, 단어)\map_syn\datasets\morpheme\01\NIA_SL_WORD0386_REAL01_F_morpheme.json"
WORD0387,골절,ok,"D:\매핑용( 단어 생성 비디오, 단어)\map_syn\datasets\morpheme\01\NIA_SL_WORD0387_REAL01_F_morpheme.json"
WORD0388,공식발표,ok,"D:\매핑용( 단어 생성 비디오, 단어)\map_syn\datasets\morpheme\01\NIA_SL_WORD0388_REAL01_F_morpheme.json"
WORD0389,맞추다,ok,"D:\매핑용( 단어 생성 비디오, 단어)\map_syn\datasets\morpheme\01\NIA_SL_WORD0389_REAL01_F_morpheme.json"
WORD0390,공군본부,ok,"D:\매핑용( 단어 생성 비디오, 단어)\map_syn\datasets\morpheme\01\NIA_SL_WORD0390_REAL01_F_morpheme.json"
WORD0391,공범,ok,"D:\매핑용( 단어 생성 비디오, 단어)\map_syn\datasets\morpheme\01\NIA_SL_WORD0391_REAL01_F_morpheme.json"
WORD0392,동거,ok,"D:\매핑용( 단어 생성 비디오, 단어)\map_syn\datasets\morpheme\01\NIA_SL_WORD0392_REAL01_F_morpheme.json"
WORD0393,공증,ok,"D:\매핑용( 단어 생성 비디오, 단어)\map_syn\datasets\morpheme\01\NIA_SL_WORD0393_REAL01_F_morpheme.json"
WORD0394,과로,ok,"D:\매핑용( 단어 생성 비디오, 단어)\map_syn\datasets\morpheme\01\NIA_SL_WORD0394_REAL01_F_morpheme.json"
WORD0395,실수,ok,"D:\매핑용( 단어 생성 비디오, 단어)\map_syn\datasets\morpheme\01\NIA_SL_WORD0395_REAL01_F_morpheme.json"
WORD0396,회상,ok,"D:\매핑용( 단어 생성 비디오, 단어)\map_syn\datasets\morpheme\01\NIA_SL_WORD0396_REAL01_F_morpheme.json"
WORD0397,과태료,ok,"D:\매핑용( 단어 생성 비디오, 단어)\map_syn\datasets\morpheme\01\NIA_SL_WORD0397_REAL01_F_morpheme.json"
WORD0398,관습,ok,"D:\매핑용( 단어 생성 비디오, 단어)\map_syn\datasets\morpheme\01\NIA_SL_WORD0398_REAL01_F_morpheme.json"
WORD0399,직인,ok,"D:\매핑용( 단어 생성 비디오, 단어)\map_syn\datasets\morpheme\01\NIA_SL_WORD0399_REAL01_F_morpheme.json"
WORD0400,정밀검사,ok,"D:\매핑용( 단어 생성 비디오, 단어)\map_syn\datasets\morpheme\01\NIA_SL_WORD0400_REAL01_F_morpheme.json"
WORD0401,대지,ok,"D:\매핑용( 단어 생성 비디오, 단어)\map_syn\datasets\morpheme\01\NIA_SL_WORD0401_REAL01_F_morpheme.json"
WORD0402,광업,ok,"D:\매핑용( 단어 생성 비디오, 단어)\map_syn\datasets\morpheme\01\NIA_SL_WORD0402_REAL01_F_morpheme.json"
WORD0403,미치광이,ok,"D:\매핑용( 단어 생성 비디오, 단어)\map_syn\datasets\morpheme\01\NIA_SL_WORD0403_REAL01_F_morpheme.json"
WORD0404,강풍,ok,"D:\매핑용( 단어 생성 비디오, 단어)\map_syn\datasets\morpheme\01\NIA_SL_WORD0404_REAL01_F_morpheme.json"
WORD0405,환대,ok,"D:\매핑용( 단어 생성 비디오, 단어)\map_syn\datasets\morpheme\01\NIA_SL_WORD0405_REAL01_F_morpheme.json"
WORD0406,교가,ok,"D:\매핑용( 단어 생성 비디오, 단어)\map_syn\datasets\morpheme\01\NIA_SL_WORD0406_REAL01_F_morpheme.json"
WORD0407,교기,ok,"D:\매핑용( 단어 생성 비디오, 단어)\map_syn\datasets\morpheme\01\NIA_SL_WORD0407_REAL01_F_morpheme.json"
WORD0408,지도,ok,"D:\매핑용( 단어 생성 비디오, 단어)\map_syn\datasets\morpheme\01\NIA_SL_WORD0408_REAL01_F_morpheme.json"
WORD0409,교기,ok,"D:\매핑용( 단어 생성 비디오, 단어)\map_syn\datasets\morpheme\01\NIA_SL_WORD0409_REAL01_F_morpheme.json"
WORD0410,교모,ok,"D:\매핑용( 단어 생성 비디오, 단어)\map_syn\datasets\morpheme\01\NIA_SL_WORD0410_REAL01_F_morpheme.json"
WORD0411,지도법,ok,"D:\매핑용( 단어 생성 비디오, 단어)\map_syn\datasets\morpheme\01\NIA_SL_WORD0411_REAL01_F_morpheme.json"
WORD0412,학습,ok,"D:\매핑용( 단어 생성 비디오, 단어)\map_syn\datasets\morpheme\01\NIA_SL_WORD0412_REAL01_F_morpheme.json"
WORD0413,지도,ok,"D:\매핑용( 단어 생성 비디오, 단어)\map_syn\datasets\morpheme\01\NIA_SL_WORD0413_REAL01_F_morpheme.json"
WORD0414,교육과정,ok,"D:\매핑용( 단어 생성 비디오, 단어)\map_syn\datasets\morpheme\01\NIA_SL_WORD0414_REAL01_F_morpheme.json"
WORD0415,교육청,ok,"D:\매핑용( 단어 생성 비디오, 단어)\map_syn\datasets\morpheme\01\NIA_SL_WORD0415_REAL01_F_morpheme.json"
WORD0416,교사직무,ok,"D:\매핑용( 단어 생성 비디오, 단어)\map_syn\datasets\morpheme\01\NIA_SL_WORD0416_REAL01_F_morpheme.json"
WORD0417,사거리,ok,"D:\매핑용( 단어 생성 비디오, 단어)\map_syn\datasets\morpheme\01\NIA_SL_WORD0417_REAL01_F_morpheme.json"
WORD0418,교탁,ok,"D:\매핑용( 단어 생성 비디오, 단어)\map_syn\datasets\morpheme\01\NIA_SL_WORD0418_REAL01_F_morpheme.json"
WORD0419,구두액,ok,"D:\매핑용( 단어 생성 비디오, 단어)\map_syn\datasets\morpheme\01\NIA_SL_WORD0419_REAL01_F_morpheme.json"
WORD0420,수갑,ok,"D:\매핑용( 단어 생성 비디오, 단어)\map_syn\datasets\morpheme\01\NIA_SL_WORD0420_REAL01_F_morpheme.json"
WORD0421,조직도,ok,"D:\매핑용( 단어 생성 비디오, 단어)\map_syn\datasets\morpheme\01\NIA_SL_WORD0421_REAL01_F_morpheme.json"
WORD0422,국그릇,ok,"D:\매핑용( 단어 생성 비디오, 단어)\map_syn\datasets\morpheme\01\NIA_SL_WORD0422_REAL01_F_morpheme.json"
WORD0423,국기,ok,"D:\매핑용( 단어 생성 비디오, 단어)\map_syn\datasets\morpheme\01\NIA_SL_WORD0423_REAL01_F_morpheme.json"
WORD0424,독립,ok,"D:\매핑용( 단어 생성 비디오, 단어)\map_syn\datasets\morpheme\01\NIA_SL_WORD0424_REAL01_F_morpheme.json"
WORD0425,군가,ok,"D:\매핑용( 단어 생성 비디오, 단어)\map_syn\datasets\morpheme\01\NIA_SL_WORD0425_REAL01_F_morpheme.json"
WORD0426,군마,ok,"D:\매핑용( 단어 생성 비디오, 단어)\map_syn\datasets\morpheme\01\NIA_SL_WORD0426_REAL01_F_morpheme.json"
WORD0427,다섯번째,ok,"D:\매핑용( 단어 생성 비디오, 단어)\map_syn\datasets\morpheme\01\NIA_SL_WORD0427_REAL01_F_morpheme.json"
WORD0428,군비행장,ok,"D:\매핑용( 단어 생성 비디오, 단어)\map_syn\datasets\morpheme\01\NIA_SL_WORD0428_REAL01_F_morpheme.json"
WORD0429,독재자,ok,"D:\매핑용( 단어 생성 비디오, 단어)\map_syn\datasets\morpheme\01\NIA_SL_WORD0429_REAL01_F_morpheme.json"
WORD0430,귀부인,ok,"D:\매핑용( 단어 생성 비디오, 단어)\map_syn\datasets\morpheme\01\NIA_SL_WORD0430_REAL01_F_morpheme.json"
WORD0431,상류층,ok,"D:\매핑용( 단어 생성 비디오, 단어)\map_syn\datasets\morpheme\01\NIA_SL_WORD0431_REAL01_F_morpheme.json"
WORD0432,모범,ok,"D:\매핑용( 단어 생성 비디오, 단어)\map_syn\datasets\morpheme\01\NIA_SL_WORD0432_REAL01_F_morpheme.json"
WORD0433,그날,ok,"D:\매핑용( 단어 생성 비디오, 단어)\map_syn\datasets\morpheme\01\NIA_SL_WORD0433_REAL01_F_morpheme.json"
WORD0434,기초확인,ok,"D:\매핑용( 단어 생성 비디오, 단어)\map_syn\datasets\morpheme\01\NIA_SL_WORD0434_REAL01_F_morpheme.json"
WORD0435,금식,ok,"D:\매핑용( 단어 생성 비디오, 단어)\map_syn\datasets\morpheme\01\NIA_SL_WORD0435_REAL01_F_morpheme.json"
WORD0436,얼마,ok,"D:\매핑용( 단어 생성 비디오, 단어)\map_syn\datasets\morpheme\01\NIA_SL_WORD0436_REAL01_F_morpheme.json"
WORD0437,금연,ok,"D:\매핑용( 단어 생성 비디오, 단어)\map_syn\datasets\morpheme\01\NIA_SL_WORD0437_REAL01_F_morpheme.json"
WORD0438,금욕,ok,"D:\매핑용( 단어 생성 비디오, 단어)\map_syn\datasets\morpheme\01\NIA_SL_WORD0438_REAL01_F_morpheme.json"
WORD0439,금주,ok,"D:\매핑용( 단어 생성 비디오, 단어)\map_syn\datasets\morpheme\01\NIA_SL_WORD0439_REAL01_F_morpheme.json"
WORD0440,불쌍,ok,"D:\매핑용( 단어 생성 비디오, 단어)\map_syn\datasets\morpheme\01\NIA_SL_WORD0440_REAL01_F_morpheme.json"
WORD0441,식도염,ok,"D:\매핑용( 단어 생성 비디오, 단어)\map_syn\datasets\morpheme\01\NIA_SL_WORD0441_REAL01_F_morpheme.json"
WORD0442,신기,ok,"D:\매핑용( 단어 생성 비디오, 단어)\map_syn\datasets\morpheme\01\NIA_SL_WORD0442_REAL01_F_morpheme.json"
WORD0443,신기,ok,"D:\매핑용( 단어 생성 비디오, 단어)\map_syn\datasets\morpheme\01\NIA_SL_WORD0443_REAL01_F_morpheme.json"
WORD0444,기혼,ok,"D:\매핑용( 단어 생성 비디오, 단어)\map_syn\datasets\morpheme\01\NIA_SL_WORD0444_REAL01_F_morpheme.json"
WORD0445,귀중품,ok,"D:\매핑용( 단어 생성 비디오, 단어)\map_syn\datasets\morpheme\01\NIA_SL_WORD0445_REAL01_F_morpheme.json"
WORD0446,길몽,ok,"D:\매핑용( 단어 생성 비디오, 단어)\map_syn\datasets\morpheme\01\NIA_SL_WORD0446_REAL01_F_morpheme.json"
WORD0447,길일,ok,"D:\매핑용( 단어 생성 비디오, 단어)\map_syn\datasets\morpheme\01\NIA_SL_WORD0447_REAL01_F_morpheme.json"
WORD0448,길운,ok,"D:\매핑용( 단어 생성 비디오, 단어)\map_syn\datasets\morpheme\01\NIA_SL_WORD0448_REAL01_F_morpheme.json"
WORD0449,고난이도,ok,"D:\매핑용( 단어 생성 비디오, 단어)\map_syn\datasets\morpheme\01\NIA_SL_WORD0449_REAL01_F_morpheme.json"
WORD0450,비좁다,ok,"D:\매핑용( 단어 생성 비디오, 단어)\map_syn\datasets\morpheme\01\NIA_SL_WORD0450_REAL01_F_morpheme.json"
WORD0451,유언,ok,"D:\매핑용( 단어 생성 비디오, 단어)\map_syn\datasets\morpheme\01\NIA_SL_WORD0451_REAL01_F_morpheme.json"
WORD0452,온실,ok,"D:\매핑용( 단어 생성 비디오, 단어)\map_syn\datasets\morpheme\01\NIA_SL_WORD0452_REAL01_F_morpheme.json"
WORD0453,고난이도,ok,"D:\매핑용( 단어 생성 비디오, 단어)\map_syn\datasets\morpheme\01\NIA_SL_WORD0453_REAL01_F_morpheme.json"
WORD0454,날쎄다,ok,"D:\매핑용( 단어 생성 비디오, 단어)\map_syn\datasets\morpheme\01\NIA_SL_WORD0454_REAL01_F_morpheme.json"
WORD0455,비루,ok,"D:\매핑용( 단어 생성 비디오, 단어)\map_syn\datasets\morpheme\01\NIA_SL_WORD0455_REAL01_F_morpheme.json"
WORD0456,쑥쓰럽다,ok,"D:\매핑용( 단어 생성 비디오, 단어)\map_syn\datasets\morpheme\01\NIA_SL_WORD0456_REAL01_F_morpheme.json"
WORD0457,남성적,ok,"D:\매핑용( 단어 생성 비디오, 단어)\map_syn\datasets\morpheme\01\NIA_SL_WORD0457_REAL01_F_morpheme.json"
WORD0458,내정,ok,"D:\매핑용( 단어 생성 비디오, 단어)\map_syn\datasets\morpheme\01\NIA_SL_WORD0458_REAL01_F_morpheme.json"
WORD0459,능숙,ok,"D:\매핑용( 단어 생성 비디오, 단어)\map_syn\datasets\morpheme\01\NIA_SL_WORD0459_REAL01_F_morpheme.json"
WORD0460,대모,ok,"D:\매핑용( 단어 생성 비디오, 단어)\map_syn\datasets\morpheme\01\NIA_SL_WORD0460_REAL01_F_morpheme.json"
WORD0461,농인,ok,"D:\매핑용( 단어 생성 비디오, 단어)\map_syn\datasets\morpheme\01\NIA_SL_WORD0461_REAL01_F_morpheme.json"
WORD0462,다복,ok,"D:\매핑용( 단어 생성 비디오, 단어)\map_syn\datasets\morpheme\01\NIA_SL_WORD0462_REAL01_F_morpheme.json"
WORD0463,결합을끊다,ok,"D:\매핑용( 단어 생성 비디오, 단어)\map_syn\datasets\morpheme\01\NIA_SL_WORD0463_REAL01_F_morpheme.json"
WORD0464,단명,ok,"D:\매핑용( 단어 생성 비디오, 단어)\map_syn\datasets\morpheme\01\NIA_SL_WORD0464_REAL01_F_morpheme.json"
WORD0465,단문,ok,"D:\매핑용( 단어 생성 비디오, 단어)\map_syn\datasets\morpheme\01\NIA_SL_WORD0465_REAL01_F_morpheme.json"
WORD0466,능력자,ok,"D:\매핑용( 단어 생성 비디오, 단어)\map_syn\datasets\morpheme\01\NIA_SL_WORD0466_REAL01_F_morpheme.json"
WORD0467,곰방대,ok,"D:\매핑용( 단어 생성 비디오, 단어)\map_syn\datasets\morpheme\01\NIA_SL_WORD0467_REAL01_F_morpheme.json"
WORD0468,담당,ok,"D:\매핑용( 단어 생성 비디오, 단어)\map_syn\datasets\morpheme\01\NIA_SL_WORD0468_REAL01_F_morpheme.json"
WORD0469,답안지,ok,"D:\매핑용( 단어 생성 비디오, 단어)\map_syn\datasets\morpheme\01\NIA_SL_WORD0469_REAL01_F_morpheme.json"
WORD0470,책임이사,ok,"D:\매핑용( 단어 생성 비디오, 단어)\map_syn\datasets\morpheme\01\NIA_SL_WORD0470_REAL01_F_morpheme.json"
WORD0471,채용자,ok,"D:\매핑용( 단어 생성 비디오, 단어)\map_syn\datasets\morpheme\01\NIA_SL_WORD0471_REAL01_F_morpheme.json"
WORD0472,대교,ok,"D:\매핑용( 단어 생성 비디오, 단어)\map_syn\datasets\morpheme\01\NIA_SL_WORD0472_REAL01_F_morpheme.json"
WORD0473,대독,ok,"D:\매핑용( 단어 생성 비디오, 단어)\map_syn\datasets\morpheme\01\NIA_SL_WORD0473_REAL01_F_morpheme.json"
WORD0474,대필,ok,"D:\매핑용( 단어 생성 비디오, 단어)\map_syn\datasets\morpheme\01\NIA_SL_WORD0474_REAL01_F_morpheme.json"
WORD0475,대성공,ok,"D:\매핑용( 단어 생성 비디오, 단어)\map_syn\datasets\morpheme\01\NIA_SL_WORD0475_REAL01_F_morpheme.json"
WORD0476,세수대야,ok,"D:\매핑용( 단어 생성 비디오, 단어)\map_syn\datasets\morpheme\01\NIA_SL_WORD0476_REAL01_F_morpheme.json"
WORD0477,확정,ok,"D:\매핑용( 단어 생성 비디오, 단어)\map_syn\datasets\morpheme\01\NIA_SL_WORD0477_REAL01_F_morpheme.json"
WORD0478,면적,ok,"D:\매핑용( 단어 생성 비디오, 단어)\map_syn\datasets\morpheme\01\NIA_SL_WORD0478_REAL01_F_morpheme.json"
WORD0479,회장,ok,"D:\매핑용( 단어 생성 비디오, 단어)\map_syn\datasets\morpheme\01\NIA_SL_WORD0479_REAL01_F_morpheme.json"
WORD0480,품격,ok,"D:\매핑용( 단어 생성 비디오, 단어)\map_syn\datasets\morpheme\01\NIA_SL_WORD0480_REAL01_F_morpheme.json"
WORD0481,도벽,ok,"D:\매핑용( 단어 생성 비디오, 단어)\map_syn\datasets\morpheme\01\NIA_SL_WORD0481_REAL01_F_morpheme.json"
WORD0482,도자기기술,ok,"D:\매핑용( 단어 생성 비디오, 단어)\map_syn\datasets\morpheme\01\NIA_SL_WORD0482_REAL01_F_morpheme.json"
WORD0483,자습,ok,"D:\매핑용( 단어 생성 비디오, 단어)\map_syn\datasets\morpheme\01\NIA_SL_WORD0483_REAL01_F_morpheme.json"
WORD0484,돌기둥,ok,"D:\매핑용( 단어 생성 비디오, 단어)\map_syn\datasets\morpheme\01\NIA_SL_WORD0484_REAL01_F_morpheme.json"
WORD0485,돌다리,ok,"D:\매핑용( 단어 생성 비디오, 단어)\map_syn\datasets\morpheme\01\NIA_SL_WORD0485_REAL01_F_morpheme.json"
WORD0486,돌벽,ok,"D:\매핑용( 단어 생성 비디오, 단어)\map_syn\datasets\morpheme\01\NIA_SL_WORD0486_REAL01_F_morpheme.json"
WORD0487,동갑,ok,"D:\매핑용( 단어 생성 비디오, 단어)\map_syn\datasets\morpheme\01\NIA_SL_WORD0487_REAL01_F_morpheme.json"
WORD0488,동메달,ok,"D:\매핑용( 단어 생성 비디오, 단어)\map_syn\datasets\morpheme\01\NIA_SL_WORD0488_REAL01_F_morpheme.json"
WORD0489,주민센터,ok,"D:\매핑용( 단어 생성 비디오, 단어)\map_syn\datasets\morpheme\01\NIA_SL_WORD0489_REAL01_F_morpheme.json"
WORD0490,독특,ok,"D:\매핑용( 단어 생성 비디오, 단어)\map_syn\datasets\morpheme\01\NIA_SL_WORD0490_REAL01_F_morpheme.json"
WORD0491,무덤덤,ok,"D:\매핑용( 단어 생성 비디오, 단어)\map_syn\datasets\morpheme\01\NIA_SL_WORD0491_REAL01_F_morpheme.json"
WORD0492,뒷산,ok,"D:\매핑용( 단어 생성 비디오, 단어)\map_syn\datasets\morpheme\01\NIA_SL_WORD0492_REAL01_F_morpheme.json"
WORD0493,등록금,ok,"D:\매핑용( 단어 생성 비디오, 단어)\map_syn\datasets\morpheme\01\NIA_SL_WORD0493_REAL01_F_morpheme.json"
WORD0494,담당,ok,"D:\매핑용( 단어 생성 비디오, 단어)\map_syn\datasets\morpheme\01\NIA_SL_WORD0494_REAL01_F_morpheme.json"
WORD0495,생각못하다,ok,"D:\매핑용( 단어 생성 비디오, 단어)\map_syn\datasets\morpheme\01\NIA_SL_WORD0495_REAL01_F_morpheme.json"
WORD0496,주문서,ok,"D:\매핑용( 단어 생성 비디오, 단어)\map_syn\datasets\morpheme\01\NIA_SL_WORD0496_REAL01_F_morpheme.json"
WORD0497,마구간,ok,"D:\매핑용( 단어 생성 비디오, 단어)\map_syn\datasets\morpheme\01\NIA_SL_WORD0497_REAL01_F_morpheme.json"
WORD0498,마술사,ok,"D:\매핑용( 단어 생성 비디오, 단어)\map_syn\datasets\morpheme\01\NIA_SL_WORD0498_REAL01_F_morpheme.json"
WORD0499,마스크,ok,"D:\매핑용( 단어 생성 비디오, 단어)\map_syn\datasets\morpheme\01\NIA_SL_WORD0499_REAL01_F_morpheme.json"
WORD0500,마음에들다,ok,"D:\매핑용( 단어 생성 비디오, 단어)\map_syn\datasets\morpheme\01\NIA_SL_WORD0500_REAL01_F_morpheme.json"
WORD0501,막차,ok,"D:\매핑용( 단어 생성 비디오, 단어)\map_syn\datasets\morpheme\01\NIA_SL_WORD0501_REAL01_F_morpheme.json"
WORD0502,만취,ok,"D:\매핑용( 단어 생성 비디오, 단어)\map_syn\datasets\morpheme\01\NIA_SL_WORD0502_REAL01_F_morpheme.json"
WORD0503,나무기둥,ok,"D:\매핑용( 단어 생성 비디오, 단어)\map_syn\datasets\morpheme\01\NIA_SL_WORD0503_REAL01_F_morpheme.json"
WORD0504,의미,ok,"D:\매핑용( 단어 생성 비디오, 단어)\map_syn\datasets\morpheme\01\NIA_SL_WORD0504_REAL01_F_morpheme.json"
WORD0505,실언,ok,"D:\매핑용( 단어 생성 비디오, 단어)\map_syn\datasets\morpheme\01\NIA_SL_WORD0505_REAL01_F_morpheme.json"
WORD0506,말끼어들기,ok,"D:\매핑용( 단어 생성 비디오, 단어)\map_syn\datasets\morpheme\01\NIA_SL_WORD0506_REAL01_F_morpheme.json"
WORD0507,망아지,ok,"D:\매핑용( 단어 생성 비디오, 단어)\map_syn\datasets\morpheme\01\NIA_SL_WORD0507_REAL01_F_morpheme.json"
WORD0508,무매력,ok,"D:\매핑용( 단어 생성 비디오, 단어)\map_syn\datasets\morpheme\01\NIA_SL_WORD0508_REAL01_F_morpheme.json"
WORD0509,확약,ok,"D:\매핑용( 단어 생성 비디오, 단어)\map_syn\datasets\morpheme\01\NIA_SL_WORD0509_REAL01_F_morpheme.json"
WORD0510,고급지다,ok,"D:\매핑용( 단어 생성 비디오, 단어)\map_syn\datasets\morpheme\01\NIA_SL_WORD0510_REAL01_F_morpheme.json"
WORD0511,맷돌,ok,"D:\매핑용( 단어 생성 비디오, 단어)\map_syn\datasets\morpheme\01\NIA_SL_WORD0511_REAL01_F_morpheme.json"
WORD0512,먹,ok,"D:\매핑용( 단어 생성 비디오, 단어)\map_syn\datasets\morpheme\01\NIA_SL_WORD0512_REAL01_F_morpheme.json"
WORD0513,회원,ok,"D:\매핑용( 단어 생성 비디오, 단어)\map_syn\datasets\morpheme\01\NIA_SL_WORD0513_REAL01_F_morpheme.json"
WORD0514,사라지다,ok,"D:\매핑용( 단어 생성 비디오, 단어)\map_syn\datasets\morpheme\01\NIA_SL_WORD0514_REAL01_F_morpheme.json"
WORD0515,명단,ok,"D:\매핑용( 단어 생성 비디오, 단어)\map_syn\datasets\morpheme\01\NIA_SL_WORD0515_REAL01_F_morpheme.json"
WORD0516,명마,ok,"D:\매핑용( 단어 생성 비디오, 단어)\map_syn\datasets\morpheme\01\NIA_SL_WORD0516_REAL01_F_morpheme.json"
WORD0517,명예,ok,"D:\매핑용( 단어 생성 비디오, 단어)\map_syn\datasets\morpheme\01\NIA_SL_WORD0517_REAL01_F_morpheme.json"
WORD0518,모범생,ok,"D:\매핑용( 단어 생성 비디오, 단어)\map_syn\datasets\morpheme\01\NIA_SL_WORD0518_REAL01_F_morpheme.json"
WORD0519,무례,ok,"D:\매핑용( 단어 생성 비디오, 단어)\map_syn\datasets\morpheme\01\NIA_SL_WORD0519_REAL01_F_morpheme.json"
WORD0520,무법자,ok,"D:\매핑용( 단어 생성 비디오, 단어)\map_syn\datasets\morpheme\01\NIA_SL_WORD0520_REAL01_F_morpheme.json"
WORD0521,무료교육,ok,"D:\매핑용( 단어 생성 비디오, 단어)\map_syn\datasets\morpheme\01\NIA_SL_WORD0521_REAL01_F_morpheme.json"
WORD0522,무의미,ok,"D:\매핑용( 단어 생성 비디오, 단어)\map_syn\datasets\morpheme\01\NIA_SL_WORD0522_REAL01_F_morpheme.json"
WORD0523,무인상,ok,"D:\매핑용( 단어 생성 비디오, 단어)\map_syn\datasets\morpheme\01\NIA_SL_WORD0523_REAL01_F_morpheme.json"
WORD0524,무통,ok,"D:\매핑용( 단어 생성 비디오, 단어)\map_syn\datasets\morpheme\01\NIA_SL_WORD0524_REAL01_F_morpheme.json"
WORD0525,무허가,ok,"D:\매핑용( 단어 생성 비디오, 단어)\map_syn\datasets\morpheme\01\NIA_SL_WORD0525_REAL01_F_morpheme.json"
WORD0526,여배우,ok,"D:\매핑용( 단어 생성 비디오, 단어)\map_syn\datasets\morpheme\01\NIA_SL_WORD0526_REAL01_F_morpheme.json"
WORD0527,문잠그다,ok,"D:\매핑용( 단어 생성 비디오, 단어)\map_syn\datasets\morpheme\01\NIA_SL_WORD0527_REAL01_F_morpheme.json"
WORD0528,문제지,ok,"D:\매핑용( 단어 생성 비디오, 단어)\map_syn\datasets\morpheme\01\NIA_SL_WORD0528_REAL01_F_morpheme.json"
WORD0529,상세검색,ok,"D:\매핑용( 단어 생성 비디오, 단어)\map_syn\datasets\morpheme\01\NIA_SL_WORD0529_REAL01_F_morpheme.json"
WORD0530,묻다,ok,"D:\매핑용( 단어 생성 비디오, 단어)\map_syn\datasets\morpheme\01\NIA_SL_WORD0530_REAL01_F_morpheme.json"
WORD0531,물총,ok,"D:\매핑용( 단어 생성 비디오, 단어)\map_syn\datasets\morpheme\01\NIA_SL_WORD0531_REAL01_F_morpheme.json"
WORD0532,물통,ok,"D:\매핑용( 단어 생성 비디오, 단어)\map_syn\datasets\morpheme\01\NIA_SL_WORD0532_REAL01_F_morpheme.json"
WORD0533,미군,ok,"D:\매핑용( 단어 생성 비디오, 단어)\map_syn\datasets\morpheme\01\NIA_SL_WORD0533_REAL01_F_morpheme.json"
WORD0534,미납,ok,"D:\매핑용( 단어 생성 비디오, 단어)\map_syn\datasets\morpheme\01\NIA_SL_WORD0534_REAL01_F_morpheme.json"
WORD0535,미신,ok,"D:\매핑용( 단어 생성 비디오, 단어)\map_syn\datasets\morpheme\01\NIA_SL_WORD0535_REAL01_F_morpheme.json"
WORD0536,미완성,ok,"D:\매핑용( 단어 생성 비디오, 단어)\map_syn\datasets\morpheme\01\NIA_SL_WORD0536_REAL01_F_morpheme.json"
WORD0537,미행,ok,"D:\매핑용( 단어 생성 비디오, 단어)\map_syn\datasets\morpheme\01\NIA_SL_WORD0537_REAL01_F_morpheme.json"
WORD0538,미혼,ok,"D:\매핑용( 단어 생성 비디오, 단어)\map_syn\datasets\morpheme\01\NIA_SL_WORD0538_REAL01_F_morpheme.json"
WORD0539,밀고,ok,"D:\매핑용( 단어 생성 비디오, 단어)\map_syn\datasets\morpheme\01\NIA_SL_WORD0539_REAL01_F_morpheme.json"
WORD0540,밀거래,ok,"D:\매핑용( 단어 생성 비디오, 단어)\map_syn\datasets\morpheme\01\NIA_SL_WORD0540_REAL01_F_morpheme.json"
WORD0541,밀거래단,ok,"D:\매핑용( 단어 생성 비디오, 단어)\map_syn\datasets\morpheme\01\NIA_SL_WORD0541_REAL01_F_morpheme.json"
WORD0542,밀서,ok,"D:\매핑용( 단어 생성 비디오, 단어)\map_syn\datasets\morpheme\01\NIA_SL_WORD0542_REAL01_F_morpheme.json"
WORD0543,밀거래,ok,"D:\매핑용( 단어 생성 비디오, 단어)\map_syn\datasets\morpheme\01\NIA_SL_WORD0543_REAL01_F_morpheme.json"
WORD0544,밀작,ok,"D:\매핑용( 단어 생성 비디오, 단어)\map_syn\datasets\morpheme\01\NIA_SL_WORD0544_REAL01_F_morpheme.json"
WORD0545,확답,ok,"D:\매핑용( 단어 생성 비디오, 단어)\map_syn\datasets\morpheme\01\NIA_SL_WORD0545_REAL01_F_morpheme.json"
WORD0546,반역,ok,"D:\매핑용( 단어 생성 비디오, 단어)\map_syn\datasets\morpheme\01\NIA_SL_WORD0546_REAL01_F_morpheme.json"
WORD0547,반장,ok,"D:\매핑용( 단어 생성 비디오, 단어)\map_syn\datasets\morpheme\01\NIA_SL_WORD0547_REAL01_F_morpheme.json"
WORD0548,발견,ok,"D:\매핑용( 단어 생성 비디오, 단어)\map_syn\datasets\morpheme\01\NIA_SL_WORD0548_REAL01_F_morpheme.json"
WORD0549,발언권,ok,"D:\매핑용( 단어 생성 비디오, 단어)\map_syn\datasets\morpheme\01\NIA_SL_WORD0549_REAL01_F_morpheme.json"
WORD0550,방식,ok,"D:\매핑용( 단어 생성 비디오, 단어)\map_syn\datasets\morpheme\01\NIA_SL_WORD0550_REAL01_F_morpheme.json"
WORD0551,화실,ok,"D:\매핑용( 단어 생성 비디오, 단어)\map_syn\datasets\morpheme\01\NIA_SL_WORD0551_REAL01_F_morpheme.json"
WORD0552,방음,ok,"D:\매핑용( 단어 생성 비디오, 단어)\map_syn\datasets\morpheme\01\NIA_SL_WORD0552_REAL01_F_morpheme.json"
WORD0553,방직,ok,"D:\매핑용( 단어 생성 비디오, 단어)\map_syn\datasets\morpheme\01\NIA_SL_WORD0553_REAL01_F_morpheme.json"
WORD0554,방직공장,ok,"D:\매핑용( 단어 생성 비디오, 단어)\map_syn\datasets\morpheme\01\NIA_SL_WORD0554_REAL01_F_morpheme.json"
WORD0555,정보차단,ok,"D:\매핑용( 단어 생성 비디오, 단어)\map_syn\datasets\morpheme\01\NIA_SL_WORD0555_REAL01_F_morpheme.json"
WORD0556,방도,ok,"D:\매핑용( 단어 생성 비디오, 단어)\map_syn\datasets\morpheme\01\NIA_SL_WORD0556_REAL01_F_morpheme.json"
WORD0557,위로,ok,"D:\매핑용( 단어 생성 비디오, 단어)\map_syn\datasets\morpheme\01\NIA_SL_WORD0557_REAL01_F_morpheme.json"
WORD0558,견습소,ok,"D:\매핑용( 단어 생성 비디오, 단어)\map_syn\datasets\morpheme\01\NIA_SL_WORD0558_REAL01_F_morpheme.json"
WORD0559,배은,ok,"D:\매핑용( 단어 생성 비디오, 단어)\map_syn\datasets\morpheme\01\NIA_SL_WORD0559_REAL01_F_morpheme.json"
WORD0560,결심,ok,"D:\매핑용( 단어 생성 비디오, 단어)\map_syn\datasets\morpheme\01\NIA_SL_WORD0560_REAL01_F_morpheme.json"
WORD0561,백일잔치,ok,"D:\매핑용( 단어 생성 비디오, 단어)\map_syn\datasets\morpheme\01\NIA_SL_WORD0561_REAL01_F_morpheme.json"
WORD0562,번거롭다,ok,"D:\매핑용( 단어 생성 비디오, 단어)\map_syn\datasets\morpheme\01\NIA_SL_WORD0562_REAL01_F_morpheme.json"
WORD0563,출산증가,ok,"D:\매핑용( 단어 생성 비디오, 단어)\map_syn\datasets\morpheme\01\NIA_SL_WORD0563_REAL01_F_morpheme.json"
WORD0564,베다,ok,"D:\매핑용( 단어 생성 비디오, 단어)\map_syn\datasets\morpheme\01\NIA_SL_WORD0564_REAL01_F_morpheme.json"
WORD0565,벌칙사항,ok,"D:\매핑용( 단어 생성 비디오, 단어)\map_syn\datasets\morpheme\01\NIA_SL_WORD0565_REAL01_F_morpheme.json"
WORD0566,소개,ok,"D:\매핑용( 단어 생성 비디오, 단어)\map_syn\datasets\morpheme\01\NIA_SL_WORD0566_REAL01_F_morpheme.json"
WORD0567,별거,ok,"D:\매핑용( 단어 생성 비디오, 단어)\map_syn\datasets\morpheme\01\NIA_SL_WORD0567_REAL01_F_morpheme.json"
WORD0568,별미,ok,"D:\매핑용( 단어 생성 비디오, 단어)\map_syn\datasets\morpheme\01\NIA_SL_WORD0568_REAL01_F_morpheme.json"
WORD0569,병가,ok,"D:\매핑용( 단어 생성 비디오, 단어)\map_syn\datasets\morpheme\01\NIA_SL_WORD0569_REAL01_F_morpheme.json"
WORD0570,병사,ok,"D:\매핑용( 단어 생성 비디오, 단어)\map_syn\datasets\morpheme\01\NIA_SL_WORD0570_REAL01_F_morpheme.json"
WORD0571,쓰러지다,ok,"D:\매핑용( 단어 생성 비디오, 단어)\map_syn\datasets\morpheme\01\NIA_SL_WORD0571_REAL01_F_morpheme.json"
WORD0572,환자실,ok,"D:\매핑용( 단어 생성 비디오, 단어)\map_syn\datasets\morpheme\01\NIA_SL_WORD0572_REAL01_F_morpheme.json"
WORD0573,병아리,ok,"D:\매핑용( 단어 생성 비디오, 단어)\map_syn\datasets\morpheme\01\NIA_SL_WORD0573_REAL01_F_morpheme.json"
WORD0574,군책,ok,"D:\매핑용( 단어 생성 비디오, 단어)\map_syn\datasets\morpheme\01\NIA_SL_WORD0574_REAL01_F_morpheme.json"
WORD0575,보수교육,ok,"D:\매핑용( 단어 생성 비디오, 단어)\map_syn\datasets\morpheme\01\NIA_SL_WORD0575_REAL01_F_morpheme.json"
WORD0576,보이스카우트,ok,"D:\매핑용( 단어 생성 비디오, 단어)\map_syn\datasets\morpheme\01\NIA_SL_WORD0576_REAL01_F_morpheme.json"
WORD0577,부동산,ok,"D:\매핑용( 단어 생성 비디오, 단어)\map_syn\datasets\morpheme\01\NIA_SL_WORD0577_REAL01_F_morpheme.json"
WORD0578,보건복지부,ok,"D:\매핑용( 단어 생성 비디오, 단어)\map_syn\datasets\morpheme\01\NIA_SL_WORD0578_REAL01_F_morpheme.json"
WORD0579,복지카드,ok,"D:\매핑용( 단어 생성 비디오, 단어)\map_syn\datasets\morpheme\01\NIA_SL_WORD0579_REAL01_F_morpheme.json"
WORD0580,희미,ok,"D:\매핑용( 단어 생성 비디오, 단어)\map_syn\datasets\morpheme\01\NIA_SL_WORD0580_REAL01_F_morpheme.json"
WORD0581,부고,ok,"D:\매핑용( 단어 생성 비디오, 단어)\map_syn\datasets\morpheme\01\NIA_SL_WORD0581_REAL01_F_morpheme.json"
WORD0582,무자유,ok,"D:\매핑용( 단어 생성 비디오, 단어)\map_syn\datasets\morpheme\01\NIA_SL_WORD0582_REAL01_F_morpheme.json"
WORD0583,분담,ok,"D:\매핑용( 단어 생성 비디오, 단어)\map_syn\datasets\morpheme\01\NIA_SL_WORD0583_REAL01_F_morpheme.json"
WORD0584,투쟁,ok,"D:\매핑용( 단어 생성 비디오, 단어)\map_syn\datasets\morpheme\01\NIA_SL_WORD0584_REAL01_F_morpheme.json"
WORD0585,여섯번째,ok,"D:\매핑용( 단어 생성 비디오, 단어)\map_syn\datasets\morpheme\01\NIA_SL_WORD0585_REAL01_F_morpheme.json"
WORD0586,가쁘다,ok,"D:\매핑용( 단어 생성 비디오, 단어)\map_syn\datasets\morpheme\01\NIA_SL_WORD0586_REAL01_F_morpheme.json"
WORD0587,무각오,ok,"D:\매핑용( 단어 생성 비디오, 단어)\map_syn\datasets\morpheme\01\NIA_SL_WORD0587_REAL01_F_morpheme.json"
WORD0588,호명,ok,"D:\매핑용( 단어 생성 비디오, 단어)\map_syn\datasets\morpheme\01\NIA_SL_WORD0588_REAL01_F_morpheme.json"
WORD0589,비교연구,ok,"D:\매핑용( 단어 생성 비디오, 단어)\map_syn\datasets\morpheme\01\NIA_SL_WORD0589_REAL01_F_morpheme.json"
WORD0590,비닐하우스,ok,"D:\매핑용( 단어 생성 비디오, 단어)\map_syn\datasets\morpheme\01\NIA_SL_WORD0590_REAL01_F_morpheme.json"
WORD0591,비인간적,ok,"D:\매핑용( 단어 생성 비디오, 단어)\map_syn\datasets\morpheme\01\NIA_SL_WORD0591_REAL01_F_morpheme.json"
WORD0592,자비없다,ok,"D:\매핑용( 단어 생성 비디오, 단어)\map_syn\datasets\morpheme\01\NIA_SL_WORD0592_REAL01_F_morpheme.json"
WORD0593,예금,ok,"D:\매핑용( 단어 생성 비디오, 단어)\map_syn\datasets\morpheme\01\NIA_SL_WORD0593_REAL01_F_morpheme.json"
WORD0594,공석,ok,"D:\매핑용( 단어 생성 비디오, 단어)\map_syn\datasets\morpheme\01\NIA_SL_WORD0594_REAL01_F_morpheme.json"
WORD0595,완벽,ok,"D:\매핑용( 단어 생성 비디오, 단어)\map_syn\datasets\morpheme\01\NIA_SL_WORD0595_REAL01_F_morpheme.json"
WORD0596,속달,ok,"D:\매핑용( 단어 생성 비디오, 단어)\map_syn\datasets\morpheme\01\NIA_SL_WORD0596_REAL01_F_morpheme.json"
WORD0597,삐치다,ok,"D:\매핑용( 단어 생성 비디오, 단어)\map_syn\datasets\morpheme\01\NIA_SL_WORD0597_REAL01_F_morpheme.json"
WORD0598,사감,ok,"D:\매핑용( 단어 생성 비디오, 단어)\map_syn\datasets\morpheme\01\NIA_SL_WORD0598_REAL01_F_morpheme.json"
WORD0599,형제지간,ok,"D:\매핑용( 단어 생성 비디오, 단어)\map_syn\datasets\morpheme\01\NIA_SL_WORD0599_REAL01_F_morpheme.json"
WORD0600,사냥꾼,ok,"D:\매핑용( 단어 생성 비디오, 단어)\map_syn\datasets\morpheme\01\NIA_SL_WORD0600_REAL01_F_morpheme.json"
WORD0601,겉모습,ok,"D:\매핑용( 단어 생성 비디오, 단어)\map_syn\datasets\morpheme\01\NIA_SL_WORD0601_REAL01_F_morpheme.json"
WORD0602,면제,ok,"D:\매핑용( 단어 생성 비디오, 단어)\map_syn\datasets\morpheme\01\NIA_SL_WORD0602_REAL01_F_morpheme.json"
WORD0603,사모님,ok,"D:\매핑용( 단어 생성 비디오, 단어)\map_syn\datasets\morpheme\01\NIA_SL_WORD0603_REAL01_F_morpheme.json"
WORD0604,복사본,ok,"D:\매핑용( 단어 생성 비디오, 단어)\map_syn\datasets\morpheme\01\NIA_SL_WORD0604_REAL01_F_morpheme.json"
WORD0605,사생활,ok,"D:\매핑용( 단어 생성 비디오, 단어)\map_syn\datasets\morpheme\01\NIA_SL_WORD0605_REAL01_F_morpheme.json"
WORD0606,혈통,ok,"D:\매핑용( 단어 생성 비디오, 단어)\map_syn\datasets\morpheme\01\NIA_SL_WORD0606_REAL01_F_morpheme.json"
WORD0607,사립,ok,"D:\매핑용( 단어 생성 비디오, 단어)\map_syn\datasets\morpheme\01\NIA_SL_WORD0607_REAL01_F_morpheme.json"
WORD0608,친척,ok,"D:\매핑용( 단어 생성 비디오, 단어)\map_syn\datasets\morpheme\01\NIA_SL_WORD0608_REAL01_F_morpheme.json"
WORD0609,사용법,ok,"D:\매핑용( 단어 생성 비디오, 단어)\map_syn\datasets\morpheme\01\NIA_SL_WORD0609_REAL01_F_morpheme.json"
WORD0610,친가족,ok,"D:\매핑용( 단어 생성 비디오, 단어)\map_syn\datasets\morpheme\01\NIA_SL_WORD0610_REAL01_F_morpheme.json"
WORD0611,사인,ok,"D:\매핑용( 단어 생성 비디오, 단어)\map_syn\datasets\morpheme\01\NIA_SL_WORD0611_REAL01_F_morpheme.json"
WORD0612,혈액형,ok,"D:\매핑용( 단어 생성 비디오, 단어)\map_syn\datasets\morpheme\01\NIA_SL_WORD0612_REAL01_F_morpheme.json"
WORD0613,부채질,ok,"D:\매핑용( 단어 생성 비디오, 단어)\map_syn\datasets\morpheme\01\NIA_SL_WORD0613_REAL01_F_morpheme.json"
WORD0614,사진작가,ok,"D:\매핑용( 단어 생성 비디오, 단어)\map_syn\datasets\morpheme\01\NIA_SL_WORD0614_REAL01_F_morpheme.json"
WORD0615,과용,ok,"D:\매핑용( 단어 생성 비디오, 단어)\map_syn\datasets\morpheme\01\NIA_SL_WORD0615_REAL01_F_morpheme.json"
WORD0616,사립학교,ok,"D:\매핑용( 단어 생성 비디오, 단어)\map_syn\datasets\morpheme\01\NIA_SL_WORD0616_REAL01_F_morpheme.json"
WORD0617,사후,ok,"D:\매핑용( 단어 생성 비디오, 단어)\map_syn\datasets\morpheme\01\NIA_SL_WORD0617_REAL01_F_morpheme.json"
WORD0618,삭발,ok,"D:\매핑용( 단어 생성 비디오, 단어)\map_syn\datasets\morpheme\01\NIA_SL_WORD0618_REAL01_F_morpheme.json"
WORD0619,38선,ok,"D:\매핑용( 단어 생성 비디오, 단어)\map_syn\datasets\morpheme\01\NIA_SL_WORD0619_REAL01_F_morpheme.json"
WORD0620,상품,ok,"D:\매핑용( 단어 생성 비디오, 단어)\map_syn\datasets\morpheme\01\NIA_SL_WORD0620_REAL01_F_morpheme.json"
WORD0621,새,ok,"D:\매핑용( 단어 생성 비디오, 단어)\map_syn\datasets\morpheme\01\NIA_SL_WORD0621_REAL01_F_morpheme.json"
WORD0622,새똥,ok,"D:\매핑용( 단어 생성 비디오, 단어)\map_syn\datasets\morpheme\01\NIA_SL_WORD0622_REAL01_F_morpheme.json"
WORD0623,새알,ok,"D:\매핑용( 단어 생성 비디오, 단어)\map_syn\datasets\morpheme\01\NIA_SL_WORD0623_REAL01_F_morpheme.json"
WORD0624,새집,ok,"D:\매핑용( 단어 생성 비디오, 단어)\map_syn\datasets\morpheme\01\NIA_SL_WORD0624_REAL01_F_morpheme.json"
WORD0625,색맹,ok,"D:\매핑용( 단어 생성 비디오, 단어)\map_syn\datasets\morpheme\01\NIA_SL_WORD0625_REAL01_F_morpheme.json"
WORD0626,색연필,ok,"D:\매핑용( 단어 생성 비디오, 단어)\map_syn\datasets\morpheme\01\NIA_SL_WORD0626_REAL01_F_morpheme.json"
WORD0627,색종이,ok,"D:\매핑용( 단어 생성 비디오, 단어)\map_syn\datasets\morpheme\01\NIA_SL_WORD0627_REAL01_F_morpheme.json"
WORD0628,학생생활기록부,ok,"D:\매핑용( 단어 생성 비디오, 단어)\map_syn\datasets\morpheme\01\NIA_SL_WORD0628_REAL01_F_morpheme.json"
WORD0629,혈서,ok,"D:\매핑용( 단어 생성 비디오, 단어)\map_syn\datasets\morpheme\01\NIA_SL_WORD0629_REAL01_F_morpheme.json"
WORD0630,후천적,ok,"D:\매핑용( 단어 생성 비디오, 단어)\map_syn\datasets\morpheme\01\NIA_SL_WORD0630_REAL01_F_morpheme.json"
WORD0631,벨트,ok,"D:\매핑용( 단어 생성 비디오, 단어)\map_syn\datasets\morpheme\01\NIA_SL_WORD0631_REAL01_F_morpheme.json"
WORD0632,맹세,ok,"D:\매핑용( 단어 생성 비디오, 단어)\map_syn\datasets\morpheme\01\NIA_SL_WORD0632_REAL01_F_morpheme.json"
WORD0633,서구식,ok,"D:\매핑용( 단어 생성 비디오, 단어)\map_syn\datasets\morpheme\01\NIA_SL_WORD0633_REAL01_F_morpheme.json"
WORD0634,서울역,ok,"D:\매핑용( 단어 생성 비디오, 단어)\map_syn\datasets\morpheme\01\NIA_SL_WORD0634_REAL01_F_morpheme.json"
WORD0635,헤드라이트,ok,"D:\매핑용( 단어 생성 비디오, 단어)\map_syn\datasets\morpheme\01\NIA_SL_WORD0635_REAL01_F_morpheme.json"
WORD0636,편견,ok,"D:\매핑용( 단어 생성 비디오, 단어)\map_syn\datasets\morpheme\01\NIA_SL_WORD0636_REAL01_F_morpheme.json"
WORD0637,정벌,ok,"D:\매핑용( 단어 생성 비디오, 단어)\map_syn\datasets\morpheme\01\NIA_SL_WORD0637_REAL01_F_morpheme.json"
WORD0638,사납다,ok,"D:\매핑용( 단어 생성 비디오, 단어)\map_syn\datasets\morpheme\01\NIA_SL_WORD0638_REAL01_F_morpheme.json"
WORD0639,섬나라,ok,"D:\매핑용( 단어 생성 비디오, 단어)\map_syn\datasets\morpheme\01\NIA_SL_WORD0639_REAL01_F_morpheme.json"
WORD0640,직무대행,ok,"D:\매핑용( 단어 생성 비디오, 단어)\map_syn\datasets\morpheme\01\NIA_SL_WORD0640_REAL01_F_morpheme.json"
WORD0641,성인,ok,"D:\매핑용( 단어 생성 비디오, 단어)\map_syn\datasets\morpheme\01\NIA_SL_WORD0641_REAL01_F_morpheme.json"
WORD0642,연설,ok,"D:\매핑용( 단어 생성 비디오, 단어)\map_syn\datasets\morpheme\01\NIA_SL_WORD0642_REAL01_F_morpheme.json"
WORD0643,연설문,ok,"D:\매핑용( 단어 생성 비디오, 단어)\map_syn\datasets\morpheme\01\NIA_SL_WORD0643_REAL01_F_morpheme.json"
WORD0644,제사,ok,"D:\매핑용( 단어 생성 비디오, 단어)\map_syn\datasets\morpheme\01\NIA_SL_WORD0644_REAL01_F_morpheme.json"
WORD0645,성씨,ok,"D:\매핑용( 단어 생성 비디오, 단어)\map_syn\datasets\morpheme\01\NIA_SL_WORD0645_REAL01_F_morpheme.json"
WORD0646,성조기,ok,"D:\매핑용( 단어 생성 비디오, 단어)\map_syn\datasets\morpheme\01\NIA_SL_WORD0646_REAL01_F_morpheme.json"
WORD0647,성폭행,ok,"D:\매핑용( 단어 생성 비디오, 단어)\map_syn\datasets\morpheme\01\NIA_SL_WORD0647_REAL01_F_morpheme.json"
WORD0648,세뇌,ok,"D:\매핑용( 단어 생성 비디오, 단어)\map_syn\datasets\morpheme\01\NIA_SL_WORD0648_REAL01_F_morpheme.json"
WORD0649,센티미터,ok,"D:\매핑용( 단어 생성 비디오, 단어)\map_syn\datasets\morpheme\01\NIA_SL_WORD0649_REAL01_F_morpheme.json"
WORD0650,소금물,ok,"D:\매핑용( 단어 생성 비디오, 단어)\map_syn\datasets\morpheme\01\NIA_SL_WORD0650_REAL01_F_morpheme.json"
WORD0651,소복,ok,"D:\매핑용( 단어 생성 비디오, 단어)\map_syn\datasets\morpheme\01\NIA_SL_WORD0651_REAL01_F_morpheme.json"
WORD0652,소화불량,ok,"D:\매핑용( 단어 생성 비디오, 단어)\map_syn\datasets\morpheme\01\NIA_SL_WORD0652_REAL01_F_morpheme.json"
WORD0653,송년회,ok,"D:\매핑용( 단어 생성 비디오, 단어)\map_syn\datasets\morpheme\01\NIA_SL_WORD0653_REAL01_F_morpheme.json"
WORD0654,쇄신,ok,"D:\매핑용( 단어 생성 비디오, 단어)\map_syn\datasets\morpheme\01\NIA_SL_WORD0654_REAL01_F_morpheme.json"
WORD0655,수영장,ok,"D:\매핑용( 단어 생성 비디오, 단어)\map_syn\datasets\morpheme\01\NIA_SL_WORD0655_REAL01_F_morpheme.json"
WORD0656,수재,ok,"D:\매핑용( 단어 생성 비디오, 단어)\map_syn\datasets\morpheme\01\NIA_SL_WORD0656_REAL01_F_morpheme.json"
WORD0657,수저통,ok,"D:\매핑용( 단어 생성 비디오, 단어)\map_syn\datasets\morpheme\01\NIA_SL_WORD0657_REAL01_F_morpheme.json"
WORD0658,숙련,ok,"D:\매핑용( 단어 생성 비디오, 단어)\map_syn\datasets\morpheme\01\NIA_SL_WORD0658_REAL01_F_morpheme.json"
WORD0659,야간경비,ok,"D:\매핑용( 단어 생성 비디오, 단어)\map_syn\datasets\morpheme\01\NIA_SL_WORD0659_REAL01_F_morpheme.json"
WORD0660,순금,ok,"D:\매핑용( 단어 생성 비디오, 단어)\map_syn\datasets\morpheme\01\NIA_SL_WORD0660_REAL01_F_morpheme.json"
WORD0661,순산,ok,"D:\매핑용( 단어 생성 비디오, 단어)\map_syn\datasets\morpheme\01\NIA_SL_WORD0661_REAL01_F_morpheme.json"
WORD0662,술값,ok,"D:\매핑용( 단어 생성 비디오, 단어)\map_syn\datasets\morpheme\01\NIA_SL_WORD0662_REAL01_F_morpheme.json"
WORD0663,술집,ok,"D:\매핑용( 단어 생성 비디오, 단어)\map_syn\datasets\morpheme\01\NIA_SL_WORD0663_REAL01_F_morpheme.json"
WORD0664,숨차다,ok,"D:\매핑용( 단어 생성 비디오, 단어)\map_syn\datasets\morpheme\01\NIA_SL_WORD0664_REAL01_F_morpheme.json"
WORD0665,일곱번째,ok,"D:\매핑용( 단어 생성 비디오, 단어)\map_syn\datasets\morpheme\01\NIA_SL_WORD0665_REAL01_F_morpheme.json"
WORD0666,습자,ok,"D:\매핑용( 단어 생성 비디오, 단어)\map_syn\datasets\morpheme\01\NIA_SL_WORD0666_REAL01_F_morpheme.json"
WORD0667,승마복,ok,"D:\매핑용( 단어 생성 비디오, 단어)\map_syn\datasets\morpheme\01\NIA_SL_WORD0667_REAL01_F_morpheme.json"
WORD0668,승패,ok,"D:\매핑용( 단어 생성 비디오, 단어)\map_syn\datasets\morpheme\01\NIA_SL_WORD0668_REAL01_F_morpheme.json"
WORD0669,시댁,ok,"D:\매핑용( 단어 생성 비디오, 단어)\map_syn\datasets\morpheme\01\NIA_SL_WORD0669_REAL01_F_morpheme.json"
WORD0670,시달리다,ok,"D:\매핑용( 단어 생성 비디오, 단어)\map_syn\datasets\morpheme\01\NIA_SL_WORD0670_REAL01_F_morpheme.json"
WORD0671,시차,ok,"D:\매핑용( 단어 생성 비디오, 단어)\map_syn\datasets\morpheme\01\NIA_SL_WORD0671_REAL01_F_morpheme.json"
WORD0672,첫째,ok,"D:\매핑용( 단어 생성 비디오, 단어)\map_syn\datasets\morpheme\01\NIA_SL_WORD0672_REAL01_F_morpheme.json"
WORD0673,시험감독,ok,"D:\매핑용( 단어 생성 비디오, 단어)\map_syn\datasets\morpheme\01\NIA_SL_WORD0673_REAL01_F_morpheme.json"
WORD0674,선별,ok,"D:\매핑용( 단어 생성 비디오, 단어)\map_syn\datasets\morpheme\01\NIA_SL_WORD0674_REAL01_F_morpheme.json"
WORD0675,신식,ok,"D:\매핑용( 단어 생성 비디오, 단어)\map_syn\datasets\morpheme\01\NIA_SL_WORD0675_REAL01_F_morpheme.json"
WORD0676,신체적장애,ok,"D:\매핑용( 단어 생성 비디오, 단어)\map_syn\datasets\morpheme\01\NIA_SL_WORD0676_REAL01_F_morpheme.json"
WORD0677,신통하다,ok,"D:\매핑용( 단어 생성 비디오, 단어)\map_syn\datasets\morpheme\01\NIA_SL_WORD0677_REAL01_F_morpheme.json"
WORD0678,실명,ok,"D:\매핑용( 단어 생성 비디오, 단어)\map_syn\datasets\morpheme\01\NIA_SL_WORD0678_REAL01_F_morpheme.json"
WORD0679,실생활,ok,"D:\매핑용( 단어 생성 비디오, 단어)\map_syn\datasets\morpheme\01\NIA_SL_WORD0679_REAL01_F_morpheme.json"
WORD0680,여덟번째,ok,"D:\매핑용( 단어 생성 비디오, 단어)\map_syn\datasets\morpheme\01\NIA_SL_WORD0680_REAL01_F_morpheme.json"
WORD0681,증거,ok,"D:\매핑용( 단어 생성 비디오, 단어)\map_syn\datasets\morpheme\01\NIA_SL_WORD0681_REAL01_F_morpheme.json"
WORD0682,실천,ok,"D:\매핑용( 단어 생성 비디오, 단어)\map_syn\datasets\morpheme\01\NIA_SL_WORD0682_REAL01_F_morpheme.json"
WORD0683,공개,ok,"D:\매핑용( 단어 생성 비디오, 단어)\map_syn\datasets\morpheme\01\NIA_SL_WORD0683_REAL01_F_morpheme.json"
WORD0684,괴롭다,ok,"D:\매핑용( 단어 생성 비디오, 단어)\map_syn\datasets\morpheme\01\NIA_SL_WORD0684_REAL01_F_morpheme.json"
WORD0685,논의,ok,"D:\매핑용( 단어 생성 비디오, 단어)\map_syn\datasets\morpheme\01\NIA_SL_WORD0685_REAL01_F_morpheme.json"
WORD0686,쌀값,ok,"D:\매핑용( 단어 생성 비디오, 단어)\map_syn\datasets\morpheme\01\NIA_SL_WORD0686_REAL01_F_morpheme.json"
WORD0687,아끼다,ok,"D:\매핑용( 단어 생성 비디오, 단어)\map_syn\datasets\morpheme\01\NIA_SL_WORD0687_REAL01_F_morpheme.json"
WORD0688,고집,ok,"D:\매핑용( 단어 생성 비디오, 단어)\map_syn\datasets\morpheme\01\NIA_SL_WORD0688_REAL01_F_morpheme.json"
WORD0689,통증,ok,"D:\매핑용( 단어 생성 비디오, 단어)\map_syn\datasets\morpheme\01\NIA_SL_WORD0689_REAL01_F_morpheme.json"
WORD0690,악몽,ok,"D:\매핑용( 단어 생성 비디오, 단어)\map_syn\datasets\morpheme\01\NIA_SL_WORD0690_REAL01_F_morpheme.json"
WORD0691,악습,ok,"D:\매핑용( 단어 생성 비디오, 단어)\map_syn\datasets\morpheme\01\NIA_SL_WORD0691_REAL01_F_morpheme.json"
WORD0692,악영향,ok,"D:\매핑용( 단어 생성 비디오, 단어)\map_syn\datasets\morpheme\01\NIA_SL_WORD0692_REAL01_F_morpheme.json"
WORD0693,악용,ok,"D:\매핑용( 단어 생성 비디오, 단어)\map_syn\datasets\morpheme\01\NIA_SL_WORD0693_REAL01_F_morpheme.json"
WORD0694,나빠지다,ok,"D:\매핑용( 단어 생성 비디오, 단어)\map_syn\datasets\morpheme\01\NIA_SL_WORD0694_REAL01_F_morpheme.json"
WORD0695,안경원,ok,"D:\매핑용( 단어 생성 비디오, 단어)\map_syn\datasets\morpheme\01\NIA_SL_WORD0695_REAL01_F_morpheme.json"
WORD0696,안내원,ok,"D:\매핑용( 단어 생성 비디오, 단어)\map_syn\datasets\morpheme\01\NIA_SL_WORD0696_REAL01_F_morpheme.json"
WORD0697,안위,ok,"D:\매핑용( 단어 생성 비디오, 단어)\map_syn\datasets\morpheme\01\NIA_SL_WORD0697_REAL01_F_morpheme.json"
WORD0698,암살,ok,"D:\매핑용( 단어 생성 비디오, 단어)\map_syn\datasets\morpheme\01\NIA_SL_WORD0698_REAL01_F_morpheme.json"
WORD0699,깜깜하다,ok,"D:\매핑용( 단어 생성 비디오, 단어)\map_syn\datasets\morpheme\01\NIA_SL_WORD0699_REAL01_F_morpheme.json"
WORD0700,압정,ok,"D:\매핑용( 단어 생성 비디오, 단어)\map_syn\datasets\morpheme\01\NIA_SL_WORD0700_REAL01_F_morpheme.json"
WORD0701,애국자,ok,"D:\매핑용( 단어 생성 비디오, 단어)\map_syn\datasets\morpheme\01\NIA_SL_WORD0701_REAL01_F_morpheme.json"
WORD0702,안쓰럽다,ok,"D:\매핑용( 단어 생성 비디오, 단어)\map_syn\datasets\morpheme\01\NIA_SL_WORD0702_REAL01_F_morpheme.json"
WORD0703,애착,ok,"D:\매핑용( 단어 생성 비디오, 단어)\map_syn\datasets\morpheme\01\NIA_SL_WORD0703_REAL01_F_morpheme.json"
WORD0704,애처,ok,"D:\매핑용( 단어 생성 비디오, 단어)\map_syn\datasets\morpheme\01\NIA_SL_WORD0704_REAL01_F_morpheme.json"
WORD0705,야구부,ok,"D:\매핑용( 단어 생성 비디오, 단어)\map_syn\datasets\morpheme\01\NIA_SL_WORD0705_REAL01_F_morpheme.json"
WORD0706,건달,ok,"D:\매핑용( 단어 생성 비디오, 단어)\map_syn\datasets\morpheme\01\NIA_SL_WORD0706_REAL01_F_morpheme.json"
WORD0707,약학,ok,"D:\매핑용( 단어 생성 비디오, 단어)\map_syn\datasets\morpheme\01\NIA_SL_WORD0707_REAL01_F_morpheme.json"
WORD0708,얌전하다,ok,"D:\매핑용( 단어 생성 비디오, 단어)\map_syn\datasets\morpheme\01\NIA_SL_WORD0708_REAL01_F_morpheme.json"
WORD0709,양계,ok,"D:\매핑용( 단어 생성 비디오, 단어)\map_syn\datasets\morpheme\01\NIA_SL_WORD0709_REAL01_F_morpheme.json"
WORD0710,일임,ok,"D:\매핑용( 단어 생성 비디오, 단어)\map_syn\datasets\morpheme\01\NIA_SL_WORD0710_REAL01_F_morpheme.json"
WORD0711,경로당,ok,"D:\매핑용( 단어 생성 비디오, 단어)\map_syn\datasets\morpheme\01\NIA_SL_WORD0711_REAL01_F_morpheme.json"
WORD0712,양서,ok,"D:\매핑용( 단어 생성 비디오, 단어)\map_syn\datasets\morpheme\01\NIA_SL_WORD0712_REAL01_F_morpheme.json"
WORD0713,온순하다,ok,"D:\매핑용( 단어 생성 비디오, 단어)\map_syn\datasets\morpheme\01\NIA_SL_WORD0713_REAL01_F_morpheme.json"
WORD0714,형식,ok,"D:\매핑용( 단어 생성 비디오, 단어)\map_syn\datasets\morpheme\01\NIA_SL_WORD0714_REAL01_F_morpheme.json"
WORD0715,숙녀복,ok,"D:\매핑용( 단어 생성 비디오, 단어)\map_syn\datasets\morpheme\01\NIA_SL_WORD0715_REAL01_F_morpheme.json"
WORD0716,양젖,ok,"D:\매핑용( 단어 생성 비디오, 단어)\map_syn\datasets\morpheme\01\NIA_SL_WORD0716_REAL01_F_morpheme.json"
WORD0717,언약,ok,"D:\매핑용( 단어 생성 비디오, 단어)\map_syn\datasets\morpheme\01\NIA_SL_WORD0717_REAL01_F_morpheme.json"
WORD0718,알록달록,ok,"D:\매핑용( 단어 생성 비디오, 단어)\map_syn\datasets\morpheme\01\NIA_SL_WORD0718_REAL01_F_morpheme.json"
WORD0719,깎다,ok,"D:\매핑용( 단어 생성 비디오, 단어)\map_syn\datasets\morpheme\01\NIA_SL_WORD0719_REAL01_F_morpheme.json"
WORD0720,여공,ok,"D:\매핑용( 단어 생성 비디오, 단어)\map_syn\datasets\morpheme\01\NIA_SL_WORD0720_REAL01_F_morpheme.json"
WORD0721,여군,ok,"D:\매핑용( 단어 생성 비디오, 단어)\map_syn\datasets\morpheme\01\NIA_SL_WORD0721_REAL01_F_morpheme.json"
WORD0722,여대생,ok,"D:\매핑용( 단어 생성 비디오, 단어)\map_syn\datasets\morpheme\01\NIA_SL_WORD0722_REAL01_F_morpheme.json"
WORD0723,여성복,ok,"D:\매핑용( 단어 생성 비디오, 단어)\map_syn\datasets\morpheme\01\NIA_SL_WORD0723_REAL01_F_morpheme.json"
WORD0724,여성학과,ok,"D:\매핑용( 단어 생성 비디오, 단어)\map_syn\datasets\morpheme\01\NIA_SL_WORD0724_REAL01_F_morpheme.json"
WORD0725,여경,ok,"D:\매핑용( 단어 생성 비디오, 단어)\map_syn\datasets\morpheme\01\NIA_SL_WORD0725_REAL01_F_morpheme.json"
WORD0726,여탕,ok,"D:\매핑용( 단어 생성 비디오, 단어)\map_syn\datasets\morpheme\01\NIA_SL_WORD0726_REAL01_F_morpheme.json"
WORD0727,연애편지,ok,"D:\매핑용( 단어 생성 비디오, 단어)\map_syn\datasets\morpheme\01\NIA_SL_WORD0727_REAL01_F_morpheme.json"
WORD0728,연초,ok,"D:\매핑용( 단어 생성 비디오, 단어)\map_syn\datasets\morpheme\01\NIA_SL_WORD0728_REAL01_F_morpheme.json"
WORD0729,연패,ok,"D:\매핑용( 단어 생성 비디오, 단어)\map_syn\datasets\morpheme\01\NIA_SL_WORD0729_REAL01_F_morpheme.json"
WORD0730,연합,ok,"D:\매핑용( 단어 생성 비디오, 단어)\map_syn\datasets\morpheme\01\NIA_SL_WORD0730_REAL01_F_morpheme.json"
WORD0731,연하다,ok,"D:\매핑용( 단어 생성 비디오, 단어)\map_syn\datasets\morpheme\01\NIA_SL_WORD0731_REAL01_F_morpheme.json"
WORD0732,영문법,ok,"D:\매핑용( 단어 생성 비디오, 단어)\map_syn\datasets\morpheme\01\NIA_SL_WORD0732_REAL01_F_morpheme.json"
WORD0733,독보적,ok,"D:\매핑용( 단어 생성 비디오, 단어)\map_syn\datasets\morpheme\01\NIA_SL_WORD0733_REAL01_F_morpheme.json"
WORD0734,일반직,ok,"D:\매핑용( 단어 생성 비디오, 단어)\map_syn\datasets\morpheme\01\NIA_SL_WORD0734_REAL01_F_morpheme.json"
WORD0735,예정,ok,"D:\매핑용( 단어 생성 비디오, 단어)\map_syn\datasets\morpheme\01\NIA_SL_WORD0735_REAL01_F_morpheme.json"
WORD0736,오리알,ok,"D:\매핑용( 단어 생성 비디오, 단어)\map_syn\datasets\morpheme\01\NIA_SL_WORD0736_REAL01_F_morpheme.json"
WORD0737,오산,ok,"D:\매핑용( 단어 생성 비디오, 단어)\map_syn\datasets\morpheme\01\NIA_SL_WORD0737_REAL01_F_morpheme.json"
WORD0738,좋다,ok,"D:\매핑용( 단어 생성 비디오, 단어)\map_syn\datasets\morpheme\01\NIA_SL_WORD0738_REAL01_F_morpheme.json"
WORD0739,순종,ok,"D:\매핑용( 단어 생성 비디오, 단어)\map_syn\datasets\morpheme\01\NIA_SL_WORD0739_REAL01_F_morpheme.json"
WORD0740,황소고집,ok,"D:\매핑용( 단어 생성 비디오, 단어)\map_syn\datasets\morpheme\01\NIA_SL_WORD0740_REAL01_F_morpheme.json"
WORD0741,완납,ok,"D:\매핑용( 단어 생성 비디오, 단어)\map_syn\datasets\morpheme\01\NIA_SL_WORD0741_REAL01_F_morpheme.json"
WORD0742,완료,ok,"D:\매핑용( 단어 생성 비디오, 단어)\map_syn\datasets\morpheme\01\NIA_SL_WORD0742_REAL01_F_morpheme.json"
WORD0743,완패,ok,"D:\매핑용( 단어 생성 비디오, 단어)\map_syn\datasets\morpheme\01\NIA_SL_WORD0743_REAL01_F_morpheme.json"
WORD0744,왕족,ok,"D:\매핑용( 단어 생성 비디오, 단어)\map_syn\datasets\morpheme\01\NIA_SL_WORD0744_REAL01_F_morpheme.json"
WORD0745,천황,ok,"D:\매핑용( 단어 생성 비디오, 단어)\map_syn\datasets\morpheme\01\NIA_SL_WORD0745_REAL01_F_morpheme.json"
WORD0746,의문,ok,"D:\매핑용( 단어 생성 비디오, 단어)\map_syn\datasets\morpheme\01\NIA_SL_WORD0746_REAL01_F_morpheme.json"
WORD0747,외상값,ok,"D:\매핑용( 단어 생성 비디오, 단어)\map_syn\datasets\morpheme\01\NIA_SL_WORD0747_REAL01_F_morpheme.json"
WORD0748,외손녀,ok,"D:\매핑용( 단어 생성 비디오, 단어)\map_syn\datasets\morpheme\01\NIA_SL_WORD0748_REAL01_F_morpheme.json"
WORD0749,외손자,ok,"D:\매핑용( 단어 생성 비디오, 단어)\map_syn\datasets\morpheme\01\NIA_SL_WORD0749_REAL01_F_morpheme.json"
WORD0750,요강,ok,"D:\매핑용( 단어 생성 비디오, 단어)\map_syn\datasets\morpheme\01\NIA_SL_WORD0750_REAL01_F_morpheme.json"
WORD0751,주요점,ok,"D:\매핑용( 단어 생성 비디오, 단어)\map_syn\datasets\morpheme\01\NIA_SL_WORD0751_REAL01_F_morpheme.json"
WORD0752,사용처,ok,"D:\매핑용( 단어 생성 비디오, 단어)\map_syn\datasets\morpheme\01\NIA_SL_WORD0752_REAL01_F_morpheme.json"
WORD0753,용사,ok,"D:\매핑용( 단어 생성 비디오, 단어)\map_syn\datasets\morpheme\01\NIA_SL_WORD0753_REAL01_F_morpheme.json"
WORD0754,큰소리,ok,"D:\매핑용( 단어 생성 비디오, 단어)\map_syn\datasets\morpheme\01\NIA_SL_WORD0754_REAL01_F_morpheme.json"
WORD0755,우물,ok,"D:\매핑용( 단어 생성 비디오, 단어)\map_syn\datasets\morpheme\01\NIA_SL_WORD0755_REAL01_F_morpheme.json"
WORD0756,우승,ok,"D:\매핑용( 단어 생성 비디오, 단어)\map_syn\datasets\morpheme\01\NIA_SL_WORD0756_REAL01_F_morpheme.json"
WORD0757,우승자,ok,"D:\매핑용( 단어 생성 비디오, 단어)\map_syn\datasets\morpheme\01\NIA_SL_WORD0757_REAL01_F_morpheme.json"
WORD0758,아홉번째,ok,"D:\매핑용( 단어 생성 비디오, 단어)\map_syn\datasets\morpheme\01\NIA_SL_WORD0758_REAL01_F_morpheme.json"
WORD0759,열번째,ok,"D:\매핑용( 단어 생성 비디오, 단어)\map_syn\datasets\morpheme\01\NIA_SL_WORD0759_REAL01_F_morpheme.json"
WORD0760,열두번째,ok,"D:\매핑용( 단어 생성 비디오, 단어)\map_syn\datasets\morpheme\01\NIA_SL_WORD0760_REAL01_F_morpheme.json"
WORD0761,위임,ok,"D:\매핑용( 단어 생성 비디오, 단어)\map_syn\datasets\morpheme\01\NIA_SL_WORD0761_REAL01_F_morpheme.json"
WORD0762,유대인,ok,"D:\매핑용( 단어 생성 비디오, 단어)\map_syn\datasets\morpheme\01\NIA_SL_WORD0762_REAL01_F_morpheme.json"
WORD0763,유전,ok,"D:\매핑용( 단어 생성 비디오, 단어)\map_syn\datasets\morpheme\01\NIA_SL_WORD0763_REAL01_F_morpheme.json"
WORD0764,유조선,ok,"D:\매핑용( 단어 생성 비디오, 단어)\map_syn\datasets\morpheme\01\NIA_SL_WORD0764_REAL01_F_morpheme.json"
WORD0765,은신처,ok,"D:\매핑용( 단어 생성 비디오, 단어)\map_syn\datasets\morpheme\01\NIA_SL_WORD0765_REAL01_F_morpheme.json"
WORD0766,응접실,ok,"D:\매핑용( 단어 생성 비디오, 단어)\map_syn\datasets\morpheme\01\NIA_SL_WORD0766_REAL01_F_morpheme.json"
WORD0767,정의,ok,"D:\매핑용( 단어 생성 비디오, 단어)\map_syn\datasets\morpheme\01\NIA_SL_WORD0767_REAL01_F_morpheme.json"
WORD0768,지도,ok,"D:\매핑용( 단어 생성 비디오, 단어)\map_syn\datasets\morpheme\01\NIA_SL_WORD0768_REAL01_F_morpheme.json"
WORD0769,회의록,ok,"D:\매핑용( 단어 생성 비디오, 단어)\map_syn\datasets\morpheme\01\NIA_SL_WORD0769_REAL01_F_morpheme.json"
WORD0770,이의,ok,"D:\매핑용( 단어 생성 비디오, 단어)\map_syn\datasets\morpheme\01\NIA_SL_WORD0770_REAL01_F_morpheme.json"
WORD0771,익명,ok,"D:\매핑용( 단어 생성 비디오, 단어)\map_syn\datasets\morpheme\01\NIA_SL_WORD0771_REAL01_F_morpheme.json"
WORD0772,익사,ok,"D:\매핑용( 단어 생성 비디오, 단어)\map_syn\datasets\morpheme\01\NIA_SL_WORD0772_REAL01_F_morpheme.json"
WORD0773,인력,ok,"D:\매핑용( 단어 생성 비디오, 단어)\map_syn\datasets\morpheme\01\NIA_SL_WORD0773_REAL01_F_morpheme.json"
WORD0774,농부,ok,"D:\매핑용( 단어 생성 비디오, 단어)\map_syn\datasets\morpheme\01\NIA_SL_WORD0774_REAL01_F_morpheme.json"
WORD0775,인사법,ok,"D:\매핑용( 단어 생성 비디오, 단어)\map_syn\datasets\morpheme\01\NIA_SL_WORD0775_REAL01_F_morpheme.json"
WORD0776,인자,ok,"D:\매핑용( 단어 생성 비디오, 단어)\map_syn\datasets\morpheme\01\NIA_SL_WORD0776_REAL01_F_morpheme.json"
WORD0777,인증,ok,"D:\매핑용( 단어 생성 비디오, 단어)\map_syn\datasets\morpheme\01\NIA_SL_WORD0777_REAL01_F_morpheme.json"
WORD0778,인질,ok,"D:\매핑용( 단어 생성 비디오, 단어)\map_syn\datasets\morpheme\01\NIA_SL_WORD0778_REAL01_F_morpheme.json"
WORD0779,일본인,ok,"D:\매핑용( 단어 생성 비디오, 단어)\map_syn\datasets\morpheme\01\NIA_SL_WORD0779_REAL01_F_morpheme.json"
WORD0780,열세번째,ok,"D:\매핑용( 단어 생성 비디오, 단어)\map_syn\datasets\morpheme\01\NIA_SL_WORD0780_REAL01_F_morpheme.json"
WORD0781,자막,ok,"D:\매핑용( 단어 생성 비디오, 단어)\map_syn\datasets\morpheme\01\NIA_SL_WORD0781_REAL01_F_morpheme.json"
WORD0782,자살자,ok,"D:\매핑용( 단어 생성 비디오, 단어)\map_syn\datasets\morpheme\01\NIA_SL_WORD0782_REAL01_F_morpheme.json"
WORD0783,자석,ok,"D:\매핑용( 단어 생성 비디오, 단어)\map_syn\datasets\morpheme\01\NIA_SL_WORD0783_REAL01_F_morpheme.json"
WORD0784,경과실,ok,"D:\매핑용( 단어 생성 비디오, 단어)\map_syn\datasets\morpheme\01\NIA_SL_WORD0784_REAL01_F_morpheme.json"
WORD0785,작명,ok,"D:\매핑용( 단어 생성 비디오, 단어)\map_syn\datasets\morpheme\01\NIA_SL_WORD0785_REAL01_F_morpheme.json"
WORD0786,작업복,ok,"D:\매핑용( 단어 생성 비디오, 단어)\map_syn\datasets\morpheme\01\NIA_SL_WORD0786_REAL01_F_morpheme.json"
WORD0787,장단점,ok,"D:\매핑용( 단어 생성 비디오, 단어)\map_syn\datasets\morpheme\01\NIA_SL_WORD0787_REAL01_F_morpheme.json"
WORD0788,장려하다,ok,"D:\매핑용( 단어 생성 비디오, 단어)\map_syn\datasets\morpheme\01\NIA_SL_WORD0788_REAL01_F_morpheme.json"
WORD0789,옷장,ok,"D:\매핑용( 단어 생성 비디오, 단어)\map_syn\datasets\morpheme\01\NIA_SL_WORD0789_REAL01_F_morpheme.json"
WORD0790,장애인연금,ok,"D:\매핑용( 단어 생성 비디오, 단어)\map_syn\datasets\morpheme\01\NIA_SL_WORD0790_REAL01_F_morpheme.json"
WORD0791,장애아동수당,ok,"D:\매핑용( 단어 생성 비디오, 단어)\map_syn\datasets\morpheme\01\NIA_SL_WORD0791_REAL01_F_morpheme.json"
WORD0792,장애유형,ok,"D:\매핑용( 단어 생성 비디오, 단어)\map_syn\datasets\morpheme\01\NIA_SL_WORD0792_REAL01_F_morpheme.json"
WORD0793,장애인기능경기대회,ok,"D:\매핑용( 단어 생성 비디오, 단어)\map_syn\datasets\morpheme\01\NIA_SL_WORD0793_REAL01_F_morpheme.json"
WORD0794,장애인등에대한특수교육법,ok,"D:\매핑용( 단어 생성 비디오, 단어)\map_syn\datasets\morpheme\01\NIA_SL_WORD0794_REAL01_F_morpheme.json"
WORD0795,장애인복지관,ok,"D:\매핑용( 단어 생성 비디오, 단어)\map_syn\datasets\morpheme\01\NIA_SL_WORD0795_REAL01_F_morpheme.json"
WORD0796,장점,ok,"D:\매핑용( 단어 생성 비디오, 단어)\map_syn\datasets\morpheme\01\NIA_SL_WORD0796_REAL01_F_morpheme.json"
WORD0797,장학,ok,"D:\매핑용( 단어 생성 비디오, 단어)\map_syn\datasets\morpheme\01\NIA_SL_WORD0797_REAL01_F_morpheme.json"
WORD0798,재고,ok,"D:\매핑용( 단어 생성 비디오, 단어)\map_syn\datasets\morpheme\01\NIA_SL_WORD0798_REAL01_F_morpheme.json"
WORD0799,목재,ok,"D:\매핑용( 단어 생성 비디오, 단어)\map_syn\datasets\morpheme\01\NIA_SL_WORD0799_REAL01_F_morpheme.json"
WORD0800,재봉틀,ok,"D:\매핑용( 단어 생성 비디오, 단어)\map_syn\datasets\morpheme\01\NIA_SL_WORD0800_REAL01_F_morpheme.json"
WORD0801,복습,ok,"D:\매핑용( 단어 생성 비디오, 단어)\map_syn\datasets\morpheme\01\NIA_SL_WORD0801_REAL01_F_morpheme.json"
WORD0802,재청,ok,"D:\매핑용( 단어 생성 비디오, 단어)\map_syn\datasets\morpheme\01\NIA_SL_WORD0802_REAL01_F_morpheme.json"
WORD0803,무식,ok,"D:\매핑용( 단어 생성 비디오, 단어)\map_syn\datasets\morpheme\01\NIA_SL_WORD0803_REAL01_F_morpheme.json"
WORD0804,저명인사,ok,"D:\매핑용( 단어 생성 비디오, 단어)\map_syn\datasets\morpheme\01\NIA_SL_WORD0804_REAL01_F_morpheme.json"
WORD0805,전기기술자,ok,"D:\매핑용( 단어 생성 비디오, 단어)\map_syn\datasets\morpheme\01\NIA_SL_WORD0805_REAL01_F_morpheme.json"
WORD0806,전기세,ok,"D:\매핑용( 단어 생성 비디오, 단어)\map_syn\datasets\morpheme\01\NIA_SL_WORD0806_REAL01_F_morpheme.json"
WORD0807,전쟁터,ok,"D:\매핑용( 단어 생성 비디오, 단어)\map_syn\datasets\morpheme\01\NIA_SL_WORD0807_REAL01_F_morpheme.json"
WORD0808,전화번호,ok,"D:\매핑용( 단어 생성 비디오, 단어)\map_syn\datasets\morpheme\01\NIA_SL_WORD0808_REAL01_F_morpheme.json"
WORD0809,절수,ok,"D:\매핑용( 단어 생성 비디오, 단어)\map_syn\datasets\morpheme\01\NIA_SL_WORD0809_REAL01_F_morpheme.json"
WORD0810,틀림없다,ok,"D:\매핑용( 단어 생성 비디오, 단어)\map_syn\datasets\morpheme\01\NIA_SL_WORD0810_REAL01_F_morpheme.json"
WORD0811,공식,ok,"D:\매핑용( 단어 생성 비디오, 단어)\map_syn\datasets\morpheme\01\NIA_SL_WORD0811_REAL01_F_morpheme.json"
WORD0812,정신장애,ok,"D:\매핑용( 단어 생성 비디오, 단어)\map_syn\datasets\morpheme\01\NIA_SL_WORD0812_REAL01_F_morpheme.json"
WORD0813,단전,ok,"D:\매핑용( 단어 생성 비디오, 단어)\map_syn\datasets\morpheme\01\NIA_SL_WORD0813_REAL01_F_morpheme.json"
WORD0814,월초,ok,"D:\매핑용( 단어 생성 비디오, 단어)\map_syn\datasets\morpheme\01\NIA_SL_WORD0814_REAL01_F_morpheme.json"
WORD0815,우유,ok,"D:\매핑용( 단어 생성 비디오, 단어)\map_syn\datasets\morpheme\01\NIA_SL_WORD0815_REAL01_F_morpheme.json"
WORD0816,구두,ok,"D:\매핑용( 단어 생성 비디오, 단어)\map_syn\datasets\morpheme\01\NIA_SL_WORD0816_REAL01_F_morpheme.json"
WORD0817,조간신문,ok,"D:\매핑용( 단어 생성 비디오, 단어)\map_syn\datasets\morpheme\01\NIA_SL_WORD0817_REAL01_F_morpheme.json"
WORD0818,조회,ok,"D:\매핑용( 단어 생성 비디오, 단어)\map_syn\datasets\morpheme\01\NIA_SL_WORD0818_REAL01_F_morpheme.json"
WORD0819,졸업장,ok,"D:\매핑용( 단어 생성 비디오, 단어)\map_syn\datasets\morpheme\01\NIA_SL_WORD0819_REAL01_F_morpheme.json"
WORD0820,종소리,ok,"D:\매핑용( 단어 생성 비디오, 단어)\map_syn\datasets\morpheme\01\NIA_SL_WORD0820_REAL01_F_morpheme.json"
WORD0821,종점,ok,"D:\매핑용( 단어 생성 비디오, 단어)\map_syn\datasets\morpheme\01\NIA_SL_WORD0821_REAL01_F_morpheme.json"
WORD0822,주관,ok,"D:\매핑용( 단어 생성 비디오, 단어)\map_syn\datasets\morpheme\01\NIA_SL_WORD0822_REAL01_F_morpheme.json"
WORD0823,주방장,ok,"D:\매핑용( 단어 생성 비디오, 단어)\map_syn\datasets\morpheme\01\NIA_SL_WORD0823_REAL01_F_morpheme.json"
WORD0824,사고방식,ok,"D:\매핑용( 단어 생성 비디오, 단어)\map_syn\datasets\morpheme\01\NIA_SL_WORD0824_REAL01_F_morpheme.json"
WORD0825,알코올중독,ok,"D:\매핑용( 단어 생성 비디오, 단어)\map_syn\datasets\morpheme\01\NIA_SL_WORD0825_REAL01_F_morpheme.json"
WORD0826,준우승,ok,"D:\매핑용( 단어 생성 비디오, 단어)\map_syn\datasets\morpheme\01\NIA_SL_WORD0826_REAL01_F_morpheme.json"
WORD0827,중매,ok,"D:\매핑용( 단어 생성 비디오, 단어)\map_syn\datasets\morpheme\01\NIA_SL_WORD0827_REAL01_F_morpheme.json"
WORD0828,재임,ok,"D:\매핑용( 단어 생성 비디오, 단어)\map_syn\datasets\morpheme\01\NIA_SL_WORD0828_REAL01_F_morpheme.json"
WORD0829,쥐덫,ok,"D:\매핑용( 단어 생성 비디오, 단어)\map_syn\datasets\morpheme\01\NIA_SL_WORD0829_REAL01_F_morpheme.json"
WORD0830,확인서,ok,"D:\매핑용( 단어 생성 비디오, 단어)\map_syn\datasets\morpheme\01\NIA_SL_WORD0830_REAL01_F_morpheme.json"
WORD0831,증원,ok,"D:\매핑용( 단어 생성 비디오, 단어)\map_syn\datasets\morpheme\01\NIA_SL_WORD0831_REAL01_F_morpheme.json"
WORD0832,증인,ok,"D:\매핑용( 단어 생성 비디오, 단어)\map_syn\datasets\morpheme\01\NIA_SL_WORD0832_REAL01_F_morpheme.json"
WORD0833,지급일,ok,"D:\매핑용( 단어 생성 비디오, 단어)\map_syn\datasets\morpheme\01\NIA_SL_WORD0833_REAL01_F_morpheme.json"
WORD0834,총괄자,ok,"D:\매핑용( 단어 생성 비디오, 단어)\map_syn\datasets\morpheme\01\NIA_SL_WORD0834_REAL01_F_morpheme.json"
WORD0835,지팡이,ok,"D:\매핑용( 단어 생성 비디오, 단어)\map_syn\datasets\morpheme\01\NIA_SL_WORD0835_REAL01_F_morpheme.json"
WORD0836,직책,ok,"D:\매핑용( 단어 생성 비디오, 단어)\map_syn\datasets\morpheme\01\NIA_SL_WORD0836_REAL01_F_morpheme.json"
WORD0837,진상,ok,"D:\매핑용( 단어 생성 비디오, 단어)\map_syn\datasets\morpheme\01\NIA_SL_WORD0837_REAL01_F_morpheme.json"
WORD0838,진실,ok,"D:\매핑용( 단어 생성 비디오, 단어)\map_syn\datasets\morpheme\01\NIA_SL_WORD0838_REAL01_F_morpheme.json"
WORD0839,징검다리,ok,"D:\매핑용( 단어 생성 비디오, 단어)\map_syn\datasets\morpheme\01\NIA_SL_WORD0839_REAL01_F_morpheme.json"
WORD0840,가르다,ok,"D:\매핑용( 단어 생성 비디오, 단어)\map_syn\datasets\morpheme\01\NIA_SL_WORD0840_REAL01_F_morpheme.json"
WORD0841,백석,ok,"D:\매핑용( 단어 생성 비디오, 단어)\map_syn\datasets\morpheme\01\NIA_SL_WORD0841_REAL01_F_morpheme.json"
WORD0842,차멀미,ok,"D:\매핑용( 단어 생성 비디오, 단어)\map_syn\datasets\morpheme\01\NIA_SL_WORD0842_REAL01_F_morpheme.json"
WORD0843,복잡하다,ok,"D:\매핑용( 단어 생성 비디오, 단어)\map_syn\datasets\morpheme\01\NIA_SL_WORD0843_REAL01_F_morpheme.json"
WORD0844,참가자,ok,"D:\매핑용( 단어 생성 비디오, 단어)\map_syn\datasets\morpheme\01\NIA_SL_WORD0844_REAL01_F_morpheme.json"
WORD0845,참관,ok,"D:\매핑용( 단어 생성 비디오, 단어)\map_syn\datasets\morpheme\01\NIA_SL_WORD0845_REAL01_F_morpheme.json"
WORD0846,차도,ok,"D:\매핑용( 단어 생성 비디오, 단어)\map_syn\datasets\morpheme\01\NIA_SL_WORD0846_REAL01_F_morpheme.json"
WORD0847,쓸쓸하다,ok,"D:\매핑용( 단어 생성 비디오, 단어)\map_syn\datasets\morpheme\01\NIA_SL_WORD0847_REAL01_F_morpheme.json"
WORD0848,천리,ok,"D:\매핑용( 단어 생성 비디오, 단어)\map_syn\datasets\morpheme\01\NIA_SL_WORD0848_REAL01_F_morpheme.json"
WORD0849,천벌,ok,"D:\매핑용( 단어 생성 비디오, 단어)\map_syn\datasets\morpheme\01\NIA_SL_WORD0849_REAL01_F_morpheme.json"
WORD0850,천연색,ok,"D:\매핑용( 단어 생성 비디오, 단어)\map_syn\datasets\morpheme\01\NIA_SL_WORD0850_REAL01_F_morpheme.json"
WORD0851,철교,ok,"D:\매핑용( 단어 생성 비디오, 단어)\map_syn\datasets\morpheme\01\NIA_SL_WORD0851_REAL01_F_morpheme.json"
WORD0852,철근,ok,"D:\매핑용( 단어 생성 비디오, 단어)\map_syn\datasets\morpheme\01\NIA_SL_WORD0852_REAL01_F_morpheme.json"
WORD0853,철면피,ok,"D:\매핑용( 단어 생성 비디오, 단어)\map_syn\datasets\morpheme\01\NIA_SL_WORD0853_REAL01_F_morpheme.json"
WORD0854,철모,ok,"D:\매핑용( 단어 생성 비디오, 단어)\map_syn\datasets\morpheme\01\NIA_SL_WORD0854_REAL01_F_morpheme.json"
WORD0855,철문,ok,"D:\매핑용( 단어 생성 비디오, 단어)\map_syn\datasets\morpheme\01\NIA_SL_WORD0855_REAL01_F_morpheme.json"
WORD0856,철판,ok,"D:\매핑용( 단어 생성 비디오, 단어)\map_syn\datasets\morpheme\01\NIA_SL_WORD0856_REAL01_F_morpheme.json"
WORD0857,앞서가다,ok,"D:\매핑용( 단어 생성 비디오, 단어)\map_syn\datasets\morpheme\01\NIA_SL_WORD0857_REAL01_F_morpheme.json"
WORD0858,제안,ok,"D:\매핑용( 단어 생성 비디오, 단어)\map_syn\datasets\morpheme\01\NIA_SL_WORD0858_REAL01_F_morpheme.json"
WORD0859,청소당번,ok,"D:\매핑용( 단어 생성 비디오, 단어)\map_syn\datasets\morpheme\01\NIA_SL_WORD0859_REAL01_F_morpheme.json"
WORD0860,청원,ok,"D:\매핑용( 단어 생성 비디오, 단어)\map_syn\datasets\morpheme\01\NIA_SL_WORD0860_REAL01_F_morpheme.json"
WORD0861,청진기,ok,"D:\매핑용( 단어 생성 비디오, 단어)\map_syn\datasets\morpheme\01\NIA_SL_WORD0861_REAL01_F_morpheme.json"
WORD0862,체납,ok,"D:\매핑용( 단어 생성 비디오, 단어)\map_syn\datasets\morpheme\01\NIA_SL_WORD0862_REAL01_F_morpheme.json"
WORD0863,체취,ok,"D:\매핑용( 단어 생성 비디오, 단어)\map_syn\datasets\morpheme\01\NIA_SL_WORD0863_REAL01_F_morpheme.json"
WORD0864,체험,ok,"D:\매핑용( 단어 생성 비디오, 단어)\map_syn\datasets\morpheme\01\NIA_SL_WORD0864_REAL01_F_morpheme.json"
WORD0865,체험담,ok,"D:\매핑용( 단어 생성 비디오, 단어)\map_syn\datasets\morpheme\01\NIA_SL_WORD0865_REAL01_F_morpheme.json"
WORD0866,초대권,ok,"D:\매핑용( 단어 생성 비디오, 단어)\map_syn\datasets\morpheme\01\NIA_SL_WORD0866_REAL01_F_morpheme.json"
WORD0867,초라,ok,"D:\매핑용( 단어 생성 비디오, 단어)\map_syn\datasets\morpheme\01\NIA_SL_WORD0867_REAL01_F_morpheme.json"
WORD0868,초면,ok,"D:\매핑용( 단어 생성 비디오, 단어)\map_syn\datasets\morpheme\01\NIA_SL_WORD0868_REAL01_F_morpheme.json"
WORD0869,초산,ok,"D:\매핑용( 단어 생성 비디오, 단어)\map_syn\datasets\morpheme\01\NIA_SL_WORD0869_REAL01_F_morpheme.json"
WORD0870,초혼,ok,"D:\매핑용( 단어 생성 비디오, 단어)\map_syn\datasets\morpheme\01\NIA_SL_WORD0870_REAL01_F_morpheme.json"
WORD0871,촉진,ok,"D:\매핑용( 단어 생성 비디오, 단어)\map_syn\datasets\morpheme\01\NIA_SL_WORD0871_REAL01_F_morpheme.json"
WORD0872,촛불,ok,"D:\매핑용( 단어 생성 비디오, 단어)\map_syn\datasets\morpheme\01\NIA_SL_WORD0872_REAL01_F_morpheme.json"
WORD0873,총소리,ok,"D:\매핑용( 단어 생성 비디오, 단어)\map_syn\datasets\morpheme\01\NIA_SL_WORD0873_REAL01_F_morpheme.json"
WORD0874,총회,ok,"D:\매핑용( 단어 생성 비디오, 단어)\map_syn\datasets\morpheme\01\NIA_SL_WORD0874_REAL01_F_morpheme.json"
WORD0875,추남,ok,"D:\매핑용( 단어 생성 비디오, 단어)\map_syn\datasets\morpheme\01\NIA_SL_WORD0875_REAL01_F_morpheme.json"
WORD0876,추녀,ok,"D:\매핑용( 단어 생성 비디오, 단어)\map_syn\datasets\morpheme\01\NIA_SL_WORD0876_REAL01_F_morpheme.json"
WORD0877,추수,ok,"D:\매핑용( 단어 생성 비디오, 단어)\map_syn\datasets\morpheme\01\NIA_SL_WORD0877_REAL01_F_morpheme.json"
WORD0878,출석,ok,"D:\매핑용( 단어 생성 비디오, 단어)\map_syn\datasets\morpheme\01\NIA_SL_WORD0878_REAL01_F_morpheme.json"
WORD0879,격노,ok,"D:\매핑용( 단어 생성 비디오, 단어)\map_syn\datasets\morpheme\01\NIA_SL_WORD0879_REAL01_F_morpheme.json"
WORD0880,부추기다,ok,"D:\매핑용( 단어 생성 비디오, 단어)\map_syn\datasets\morpheme\01\NIA_SL_WORD0880_REAL01_F_morpheme.json"
WORD0881,풍성,ok,"D:\매핑용( 단어 생성 비디오, 단어)\map_syn\datasets\morpheme\01\NIA_SL_WORD0881_REAL01_F_morpheme.json"
WORD0882,충성,ok,"D:\매핑용( 단어 생성 비디오, 단어)\map_syn\datasets\morpheme\01\NIA_SL_WORD0882_REAL01_F_morpheme.json"
WORD0883,취객,ok,"D:\매핑용( 단어 생성 비디오, 단어)\map_syn\datasets\morpheme\01\NIA_SL_WORD0883_REAL01_F_morpheme.json"
WORD0884,치과의사,ok,"D:\매핑용( 단어 생성 비디오, 단어)\map_syn\datasets\morpheme\01\NIA_SL_WORD0884_REAL01_F_morpheme.json"
WORD0885,치료제,ok,"D:\매핑용( 단어 생성 비디오, 단어)\map_syn\datasets\morpheme\01\NIA_SL_WORD0885_REAL01_F_morpheme.json"
WORD0886,친자,ok,"D:\매핑용( 단어 생성 비디오, 단어)\map_syn\datasets\morpheme\01\NIA_SL_WORD0886_REAL01_F_morpheme.json"
WORD0887,카지노,ok,"D:\매핑용( 단어 생성 비디오, 단어)\map_syn\datasets\morpheme\01\NIA_SL_WORD0887_REAL01_F_morpheme.json"
WORD0888,칼,ok,"D:\매핑용( 단어 생성 비디오, 단어)\map_syn\datasets\morpheme\01\NIA_SL_WORD0888_REAL01_F_morpheme.json"
WORD0889,칼슘,ok,"D:\매핑용( 단어 생성 비디오, 단어)\map_syn\datasets\morpheme\01\NIA_SL_WORD0889_REAL01_F_morpheme.json"
WORD0890,코코아,ok,"D:\매핑용( 단어 생성 비디오, 단어)\map_syn\datasets\morpheme\01\NIA_SL_WORD0890_REAL01_F_morpheme.json"
WORD0891,콩기름,ok,"D:\매핑용( 단어 생성 비디오, 단어)\map_syn\datasets\morpheme\01\NIA_SL_WORD0891_REAL01_F_morpheme.json"
WORD0892,콩밭,ok,"D:\매핑용( 단어 생성 비디오, 단어)\map_syn\datasets\morpheme\01\NIA_SL_WORD0892_REAL01_F_morpheme.json"
WORD0893,콩잎,ok,"D:\매핑용( 단어 생성 비디오, 단어)\map_syn\datasets\morpheme\01\NIA_SL_WORD0893_REAL01_F_morpheme.json"
WORD0894,군사혁명,ok,"D:\매핑용( 단어 생성 비디오, 단어)\map_syn\datasets\morpheme\01\NIA_SL_WORD0894_REAL01_F_morpheme.json"
WORD0895,키다리,ok,"D:\매핑용( 단어 생성 비디오, 단어)\map_syn\datasets\morpheme\01\NIA_SL_WORD0895_REAL01_F_morpheme.json"
WORD0896,킬로그램,ok,"D:\매핑용( 단어 생성 비디오, 단어)\map_syn\datasets\morpheme\01\NIA_SL_WORD0896_REAL01_F_morpheme.json"
WORD0897,킬로미터,ok,"D:\매핑용( 단어 생성 비디오, 단어)\map_syn\datasets\morpheme\01\NIA_SL_WORD0897_REAL01_F_morpheme.json"
WORD0898,탁구공,ok,"D:\매핑용( 단어 생성 비디오, 단어)\map_syn\datasets\morpheme\01\NIA_SL_WORD0898_REAL01_F_morpheme.json"
WORD0899,탈영,ok,"D:\매핑용( 단어 생성 비디오, 단어)\map_syn\datasets\morpheme\01\NIA_SL_WORD0899_REAL01_F_morpheme.json"
WORD0900,탈환,ok,"D:\매핑용( 단어 생성 비디오, 단어)\map_syn\datasets\morpheme\01\NIA_SL_WORD0900_REAL01_F_morpheme.json"
WORD0901,독서광,ok,"D:\매핑용( 단어 생성 비디오, 단어)\map_syn\datasets\morpheme\01\NIA_SL_WORD0901_REAL01_F_morpheme.json"
WORD0902,탐욕,ok,"D:\매핑용( 단어 생성 비디오, 단어)\map_syn\datasets\morpheme\01\NIA_SL_WORD0902_REAL01_F_morpheme.json"
WORD0903,태극기,ok,"D:\매핑용( 단어 생성 비디오, 단어)\map_syn\datasets\morpheme\01\NIA_SL_WORD0903_REAL01_F_morpheme.json"
WORD0904,총괄,ok,"D:\매핑용( 단어 생성 비디오, 단어)\map_syn\datasets\morpheme\01\NIA_SL_WORD0904_REAL01_F_morpheme.json"
WORD0905,바래다,ok,"D:\매핑용( 단어 생성 비디오, 단어)\map_syn\datasets\morpheme\01\NIA_SL_WORD0905_REAL01_F_morpheme.json"
WORD0906,수감,ok,"D:\매핑용( 단어 생성 비디오, 단어)\map_syn\datasets\morpheme\01\NIA_SL_WORD0906_REAL01_F_morpheme.json"
WORD0907,특권,ok,"D:\매핑용( 단어 생성 비디오, 단어)\map_syn\datasets\morpheme\01\NIA_SL_WORD0907_REAL01_F_morpheme.json"
WORD0908,특명,ok,"D:\매핑용( 단어 생성 비디오, 단어)\map_syn\datasets\morpheme\01\NIA_SL_WORD0908_REAL01_F_morpheme.json"
WORD0909,특선,ok,"D:\매핑용( 단어 생성 비디오, 단어)\map_syn\datasets\morpheme\01\NIA_SL_WORD0909_REAL01_F_morpheme.json"
WORD0910,막히다,ok,"D:\매핑용( 단어 생성 비디오, 단어)\map_syn\datasets\morpheme\01\NIA_SL_WORD0910_REAL01_F_morpheme.json"
WORD0911,건성건성,ok,"D:\매핑용( 단어 생성 비디오, 단어)\map_syn\datasets\morpheme\01\NIA_SL_WORD0911_REAL01_F_morpheme.json"
WORD0912,여분,ok,"D:\매핑용( 단어 생성 비디오, 단어)\map_syn\datasets\morpheme\01\NIA_SL_WORD0912_REAL01_F_morpheme.json"
WORD0913,소심,ok,"D:\매핑용( 단어 생성 비디오, 단어)\map_syn\datasets\morpheme\01\NIA_SL_WORD0913_REAL01_F_morpheme.json"
WORD0914,뽐내다,ok,"D:\매핑용( 단어 생성 비디오, 단어)\map_syn\datasets\morpheme\01\NIA_SL_WORD0914_REAL01_F_morpheme.json"
WORD0915,쇼하다,ok,"D:\매핑용( 단어 생성 비디오, 단어)\map_syn\datasets\morpheme\01\NIA_SL_WORD0915_REAL01_F_morpheme.json"
WORD0916,과시,ok,"D:\매핑용( 단어 생성 비디오, 단어)\map_syn\datasets\morpheme\01\NIA_SL_WORD0916_REAL01_F_morpheme.json"
WORD0917,정성껏,ok,"D:\매핑용( 단어 생성 비디오, 단어)\map_syn\datasets\morpheme\01\NIA_SL_WORD0917_REAL01_F_morpheme.json"
WORD0918,전심전력,ok,"D:\매핑용( 단어 생성 비디오, 단어)\map_syn\datasets\morpheme\01\NIA_SL_WORD0918_REAL01_F_morpheme.json"
WORD0919,적격,ok,"D:\매핑용( 단어 생성 비디오, 단어)\map_syn\datasets\morpheme\01\NIA_SL_WORD0919_REAL01_F_morpheme.json"
WORD0920,추출,ok,"D:\매핑용( 단어 생성 비디오, 단어)\map_syn\datasets\morpheme\01\NIA_SL_WORD0920_REAL01_F_morpheme.json"
WORD0921,드러나다,ok,"D:\매핑용( 단어 생성 비디오, 단어)\map_syn\datasets\morpheme\01\NIA_SL_WORD0921_REAL01_F_morpheme.json"
WORD0922,결점,ok,"D:\매핑용( 단어 생성 비디오, 단어)\map_syn\datasets\morpheme\01\NIA_SL_WORD0922_REAL01_F_morpheme.json"
WORD0923,결점,ok,"D:\매핑용( 단어 생성 비디오, 단어)\map_syn\datasets\morpheme\01\NIA_SL_WORD0923_REAL01_F_morpheme.json"
WORD0924,결점,ok,"D:\매핑용( 단어 생성 비디오, 단어)\map_syn\datasets\morpheme\01\NIA_SL_WORD0924_REAL01_F_morpheme.json"
WORD0925,결점,ok,"D:\매핑용( 단어 생성 비디오, 단어)\map_syn\datasets\morpheme\01\NIA_SL_WORD0925_REAL01_F_morpheme.json"
WORD0926,흠집,ok,"D:\매핑용( 단어 생성 비디오, 단어)\map_syn\datasets\morpheme\01\NIA_SL_WORD0926_REAL01_F_morpheme.json"
WORD0927,불량,ok,"D:\매핑용( 단어 생성 비디오, 단어)\map_syn\datasets\morpheme\01\NIA_SL_WORD0927_REAL01_F_morpheme.json"
WORD0928,계기,ok,"D:\매핑용( 단어 생성 비디오, 단어)\map_syn\datasets\morpheme\01\NIA_SL_WORD0928_REAL01_F_morpheme.json"
WORD0929,걸핏하면,ok,"D:\매핑용( 단어 생성 비디오, 단어)\map_syn\datasets\morpheme\01\NIA_SL_WORD0929_REAL01_F_morpheme.json"
WORD0930,독식,ok,"D:\매핑용( 단어 생성 비디오, 단어)\map_syn\datasets\morpheme\01\NIA_SL_WORD0930_REAL01_F_morpheme.json"
WORD0931,물귀신,ok,"D:\매핑용( 단어 생성 비디오, 단어)\map_syn\datasets\morpheme\01\NIA_SL_WORD0931_REAL01_F_morpheme.json"
WORD0932,매일매일,ok,"D:\매핑용( 단어 생성 비디오, 단어)\map_syn\datasets\morpheme\01\NIA_SL_WORD0932_REAL01_F_morpheme.json"
WORD0933,순식간,ok,"D:\매핑용( 단어 생성 비디오, 단어)\map_syn\datasets\morpheme\01\NIA_SL_WORD0933_REAL01_F_morpheme.json"
WORD0934,촉박,ok,"D:\매핑용( 단어 생성 비디오, 단어)\map_syn\datasets\morpheme\01\NIA_SL_WORD0934_REAL01_F_morpheme.json"
WORD0935,더디다,ok,"D:\매핑용( 단어 생성 비디오, 단어)\map_syn\datasets\morpheme\01\NIA_SL_WORD0935_REAL01_F_morpheme.json"
WORD0936,놓치다,ok,"D:\매핑용( 단어 생성 비디오, 단어)\map_syn\datasets\morpheme\01\NIA_SL_WORD0936_REAL01_F_morpheme.json"
WORD0937,허탕,ok,"D:\매핑용( 단어 생성 비디오, 단어)\map_syn\datasets\morpheme\01\NIA_SL_WORD0937_REAL01_F_morpheme.json"
WORD0938,혹시,ok,"D:\매핑용( 단어 생성 비디오, 단어)\map_syn\datasets\morpheme\01\NIA_SL_WORD0938_REAL01_F_morpheme.json"
WORD0939,밤샘,ok,"D:\매핑용( 단어 생성 비디오, 단어)\map_syn\datasets\morpheme\01\NIA_SL_WORD0939_REAL01_F_morpheme.json"
WORD0940,들어맞다,ok,"D:\매핑용( 단어 생성 비디오, 단어)\map_syn\datasets\morpheme\01\NIA_SL_WORD0940_REAL01_F_morpheme.json"
WORD0941,복귀,ok,"D:\매핑용( 단어 생성 비디오, 단어)\map_syn\datasets\morpheme\01\NIA_SL_WORD0941_REAL01_F_morpheme.json"
WORD0942,학수고대,ok,"D:\매핑용( 단어 생성 비디오, 단어)\map_syn\datasets\morpheme\01\NIA_SL_WORD0942_REAL01_F_morpheme.json"
WORD0943,가다,ok,"D:\매핑용( 단어 생성 비디오, 단어)\map_syn\datasets\morpheme\01\NIA_SL_WORD0943_REAL01_F_morpheme.json"
WORD0944,가다,ok,"D:\매핑용( 단어 생성 비디오, 단어)\map_syn\datasets\morpheme\01\NIA_SL_WORD0944_REAL01_F_morpheme.json"
WORD0945,지름길,ok,"D:\매핑용( 단어 생성 비디오, 단어)\map_syn\datasets\morpheme\01\NIA_SL_WORD0945_REAL01_F_morpheme.json"
WORD0946,가다,ok,"D:\매핑용( 단어 생성 비디오, 단어)\map_syn\datasets\morpheme\01\NIA_SL_WORD0946_REAL01_F_morpheme.json"
WORD0947,사라지다,ok,"D:\매핑용( 단어 생성 비디오, 단어)\map_syn\datasets\morpheme\01\NIA_SL_WORD0947_REAL01_F_morpheme.json"
WORD0948,가깝다,ok,"D:\매핑용( 단어 생성 비디오, 단어)\map_syn\datasets\morpheme\01\NIA_SL_WORD0948_REAL01_F_morpheme.json"
WORD0949,멀다,ok,"D:\매핑용( 단어 생성 비디오, 단어)\map_syn\datasets\morpheme\01\NIA_SL_WORD0949_REAL01_F_morpheme.json"
WORD0950,오래도록,ok,"D:\매핑용( 단어 생성 비디오, 단어)\map_syn\datasets\morpheme\01\NIA_SL_WORD0950_REAL01_F_morpheme.json"
WORD0951,결사,ok,"D:\매핑용( 단어 생성 비디오, 단어)\map_syn\datasets\morpheme\01\NIA_SL_WORD0951_REAL01_F_morpheme.json"
WORD0952,진수성찬,ok,"D:\매핑용( 단어 생성 비디오, 단어)\map_syn\datasets\morpheme\01\NIA_SL_WORD0952_REAL01_F_morpheme.json"
WORD0953,배고프다,ok,"D:\매핑용( 단어 생성 비디오, 단어)\map_syn\datasets\morpheme\01\NIA_SL_WORD0953_REAL01_F_morpheme.json"
WORD0954,입맛에맞지않다,ok,"D:\매핑용( 단어 생성 비디오, 단어)\map_syn\datasets\morpheme\01\NIA_SL_WORD0954_REAL01_F_morpheme.json"
WORD0955,과음,ok,"D:\매핑용( 단어 생성 비디오, 단어)\map_syn\datasets\morpheme\01\NIA_SL_WORD0955_REAL01_F_morpheme.json"
WORD0956,주정뱅이,ok,"D:\매핑용( 단어 생성 비디오, 단어)\map_syn\datasets\morpheme\01\NIA_SL_WORD0956_REAL01_F_morpheme.json"
WORD0957,타이트하다,ok,"D:\매핑용( 단어 생성 비디오, 단어)\map_syn\datasets\morpheme\01\NIA_SL_WORD0957_REAL01_F_morpheme.json"
WORD0958,칩거,ok,"D:\매핑용( 단어 생성 비디오, 단어)\map_syn\datasets\morpheme\01\NIA_SL_WORD0958_REAL01_F_morpheme.json"
WORD0959,대박,ok,"D:\매핑용( 단어 생성 비디오, 단어)\map_syn\datasets\morpheme\01\NIA_SL_WORD0959_REAL01_F_morpheme.json"
WORD0960,저택,ok,"D:\매핑용( 단어 생성 비디오, 단어)\map_syn\datasets\morpheme\01\NIA_SL_WORD0960_REAL01_F_morpheme.json"
WORD0961,궁핍하다,ok,"D:\매핑용( 단어 생성 비디오, 단어)\map_syn\datasets\morpheme\01\NIA_SL_WORD0961_REAL01_F_morpheme.json"
WORD0962,쓰다,ok,"D:\매핑용( 단어 생성 비디오, 단어)\map_syn\datasets\morpheme\01\NIA_SL_WORD0962_REAL01_F_morpheme.json"
WORD0963,옛것,ok,"D:\매핑용( 단어 생성 비디오, 단어)\map_syn\datasets\morpheme\01\NIA_SL_WORD0963_REAL01_F_morpheme.json"
WORD0964,수북하다,ok,"D:\매핑용( 단어 생성 비디오, 단어)\map_syn\datasets\morpheme\01\NIA_SL_WORD0964_REAL01_F_morpheme.json"
WORD0965,회복,ok,"D:\매핑용( 단어 생성 비디오, 단어)\map_syn\datasets\morpheme\01\NIA_SL_WORD0965_REAL01_F_morpheme.json"
WORD0966,녹초,ok,"D:\매핑용( 단어 생성 비디오, 단어)\map_syn\datasets\morpheme\01\NIA_SL_WORD0966_REAL01_F_morpheme.json"
WORD0967,진땀나다,ok,"D:\매핑용( 단어 생성 비디오, 단어)\map_syn\datasets\morpheme\01\NIA_SL_WORD0967_REAL01_F_morpheme.json"
WORD0968,난감하다,ok,"D:\매핑용( 단어 생성 비디오, 단어)\map_syn\datasets\morpheme\01\NIA_SL_WORD0968_REAL01_F_morpheme.json"
WORD0969,마르다,ok,"D:\매핑용( 단어 생성 비디오, 단어)\map_syn\datasets\morpheme\01\NIA_SL_WORD0969_REAL01_F_morpheme.json"
WORD0970,불면,ok,"D:\매핑용( 단어 생성 비디오, 단어)\map_syn\datasets\morpheme\01\NIA_SL_WORD0970_REAL01_F_morpheme.json"
WORD0971,결벽,ok,"D:\매핑용( 단어 생성 비디오, 단어)\map_syn\datasets\morpheme\01\NIA_SL_WORD0971_REAL01_F_morpheme.json"
WORD0972,뙤약볕,ok,"D:\매핑용( 단어 생성 비디오, 단어)\map_syn\datasets\morpheme\01\NIA_SL_WORD0972_REAL01_F_morpheme.json"
WORD0973,못견디다,ok,"D:\매핑용( 단어 생성 비디오, 단어)\map_syn\datasets\morpheme\01\NIA_SL_WORD0973_REAL01_F_morpheme.json"
WORD0974,안심,ok,"D:\매핑용( 단어 생성 비디오, 단어)\map_syn\datasets\morpheme\01\NIA_SL_WORD0974_REAL01_F_morpheme.json"
WORD0975,익숙,ok,"D:\매핑용( 단어 생성 비디오, 단어)\map_syn\datasets\morpheme\01\NIA_SL_WORD0975_REAL01_F_morpheme.json"
WORD0976,이심전심,ok,"D:\매핑용( 단어 생성 비디오, 단어)\map_syn\datasets\morpheme\01\NIA_SL_WORD0976_REAL01_F_morpheme.json"
WORD0977,유명무실,ok,"D:\매핑용( 단어 생성 비디오, 단어)\map_syn\datasets\morpheme\01\NIA_SL_WORD0977_REAL01_F_morpheme.json"
WORD0978,소식,ok,"D:\매핑용( 단어 생성 비디오, 단어)\map_syn\datasets\morpheme\01\NIA_SL_WORD0978_REAL01_F_morpheme.json"
WORD0979,겹치다,ok,"D:\매핑용( 단어 생성 비디오, 단어)\map_syn\datasets\morpheme\01\NIA_SL_WORD0979_REAL01_F_morpheme.json"
WORD0980,첩첩산중,ok,"D:\매핑용( 단어 생성 비디오, 단어)\map_syn\datasets\morpheme\01\NIA_SL_WORD0980_REAL01_F_morpheme.json"
WORD0981,동상이몽,ok,"D:\매핑용( 단어 생성 비디오, 단어)\map_syn\datasets\morpheme\01\NIA_SL_WORD0981_REAL01_F_morpheme.json"
WORD0982,일자무식,ok,"D:\매핑용( 단어 생성 비디오, 단어)\map_syn\datasets\morpheme\01\NIA_SL_WORD0982_REAL01_F_morpheme.json"
WORD0983,싫증나다,ok,"D:\매핑용( 단어 생성 비디오, 단어)\map_syn\datasets\morpheme\01\NIA_SL_WORD0983_REAL01_F_morpheme.json"
WORD0984,일석이조,ok,"D:\매핑용( 단어 생성 비디오, 단어)\map_syn\datasets\morpheme\01\NIA_SL_WORD0984_REAL01_F_morpheme.json"
WORD0985,자승자박,ok,"D:\매핑용( 단어 생성 비디오, 단어)\map_syn\datasets\morpheme\01\NIA_SL_WORD0985_REAL01_F_morpheme.json"
WORD0986,궁지,ok,"D:\매핑용( 단어 생성 비디오, 단어)\map_syn\datasets\morpheme\01\NIA_SL_WORD0986_REAL01_F_morpheme.json"
WORD0987,찰나,ok,"D:\매핑용( 단어 생성 비디오, 단어)\map_syn\datasets\morpheme\01\NIA_SL_WORD0987_REAL01_F_morpheme.json"
WORD0988,순식간,ok,"D:\매핑용( 단어 생성 비디오, 단어)\map_syn\datasets\morpheme\01\NIA_SL_WORD0988_REAL01_F_morpheme.json"
WORD0989,순식간,ok,"D:\매핑용( 단어 생성 비디오, 단어)\map_syn\datasets\morpheme\01\NIA_SL_WORD0989_REAL01_F_morpheme.json"
WORD0990,이미,ok,"D:\매핑용( 단어 생성 비디오, 단어)\map_syn\datasets\morpheme\01\NIA_SL_WORD0990_REAL01_F_morpheme.json"
WORD0991,수포,ok,"D:\매핑용( 단어 생성 비디오, 단어)\map_syn\datasets\morpheme\01\NIA_SL_WORD0991_REAL01_F_morpheme.json"
WORD0992,기세등등,ok,"D:\매핑용( 단어 생성 비디오, 단어)\map_syn\datasets\morpheme\01\NIA_SL_WORD0992_REAL01_F_morpheme.json"
WORD0993,공교롭다,ok,"D:\매핑용( 단어 생성 비디오, 단어)\map_syn\datasets\morpheme\01\NIA_SL_WORD0993_REAL01_F_morpheme.json"
WORD0994,보복,ok,"D:\매핑용( 단어 생성 비디오, 단어)\map_syn\datasets\morpheme\01\NIA_SL_WORD0994_REAL01_F_morpheme.json"
WORD0995,남몰래,ok,"D:\매핑용( 단어 생성 비디오, 단어)\map_syn\datasets\morpheme\01\NIA_SL_WORD0995_REAL01_F_morpheme.json"
WORD0996,근근이,ok,"D:\매핑용( 단어 생성 비디오, 단어)\map_syn\datasets\morpheme\01\NIA_SL_WORD0996_REAL01_F_morpheme.json"
WORD0997,근근이,ok,"D:\매핑용( 단어 생성 비디오, 단어)\map_syn\datasets\morpheme\01\NIA_SL_WORD0997_REAL01_F_morpheme.json"
WORD0998,얻어먹다,ok,"D:\매핑용( 단어 생성 비디오, 단어)\map_syn\datasets\morpheme\01\NIA_SL_WORD0998_REAL01_F_morpheme.json"
WORD0999,황소고집,ok,"D:\매핑용( 단어 생성 비디오, 단어)\map_syn\datasets\morpheme\01\NIA_SL_WORD0999_REAL01_F_morpheme.json"
WORD1000,속다,ok,"D:\매핑용( 단어 생성 비디오, 단어)\map_syn\datasets\morpheme\01\NIA_SL_WORD1000_REAL01_F_morpheme.json"
WORD1001,한국농아인협회,ok,"D:\매핑용( 단어 생성 비디오, 단어)\map_syn\datasets\morpheme\01\NIA_SL_WORD1001_REAL01_F_morpheme.json"
WORD1002,한국농아인협회,ok,"D:\매핑용( 단어 생성 비디오, 단어)\map_syn\datasets\morpheme\01\NIA_SL_WORD1002_REAL01_F_morpheme.json"
WORD1003,서울특별시농아인협회,ok,"D:\매핑용( 단어 생성 비디오, 단어)\map_syn\datasets\morpheme\01\NIA_SL_WORD1003_REAL01_F_morpheme.json"
WORD1004,서울특별시수어통역센터,ok,"D:\매핑용( 단어 생성 비디오, 단어)\map_syn\datasets\morpheme\01\NIA_SL_WORD1004_REAL01_F_morpheme.json"
WORD1005,서울시청,ok,"D:\매핑용( 단어 생성 비디오, 단어)\map_syn\datasets\morpheme\01\NIA_SL_WORD1005_REAL01_F_morpheme.json"
WORD1006,강남구지부,ok,"D:\매핑용( 단어 생성 비디오, 단어)\map_syn\datasets\morpheme\01\NIA_SL_WORD1006_REAL01_F_morpheme.json"
WORD1007,강남구수어통역센터,ok,"D:\매핑용( 단어 생성 비디오, 단어)\map_syn\datasets\morpheme\01\NIA_SL_WORD1007_REAL01_F_morpheme.json"
WORD1008,강동구지부,ok,"D:\매핑용( 단어 생성 비디오, 단어)\map_syn\datasets\morpheme\01\NIA_SL_WORD1008_REAL01_F_morpheme.json"
WORD1009,강동구수어통역센터,ok,"D:\매핑용( 단어 생성 비디오, 단어)\map_syn\datasets\morpheme\01\NIA_SL_WORD1009_REAL01_F_morpheme.json"
WORD1010,강동구주민지원센터,ok,"D:\매핑용( 단어 생성 비디오, 단어)\map_syn\datasets\morpheme\01\NIA_SL_WORD1010_REAL01_F_morpheme.json"
WORD1011,강북구지부,ok,"D:\매핑용( 단어 생성 비디오, 단어)\map_syn\datasets\morpheme\01\NIA_SL_WORD1011_REAL01_F_morpheme.json"
WORD1012,강북구수어통역센터,ok,"D:\매핑용( 단어 생성 비디오, 단어)\map_syn\datasets\morpheme\01\NIA_SL_WORD1012_REAL01_F_morpheme.json"
WORD1013,강북구주민지원센터,ok,"D:\매핑용( 단어 생성 비디오, 단어)\map_syn\datasets\morpheme\01\NIA_SL_WORD1013_REAL01_F_morpheme.json"
WORD1014,강서구지부,ok,"D:\매핑용( 단어 생성 비디오, 단어)\map_syn\datasets\morpheme\01\NIA_SL_WORD1014_REAL01_F_morpheme.json"
WORD1015,강서구수어통역센터,ok,"D:\매핑용( 단어 생성 비디오, 단어)\map_syn\datasets\morpheme\01\NIA_SL_WORD1015_REAL01_F_morpheme.json"
WORD1016,강서구주민지원센터,ok,"D:\매핑용( 단어 생성 비디오, 단어)\map_syn\datasets\morpheme\01\NIA_SL_WORD1016_REAL01_F_morpheme.json"
WORD1017,관악구지부,ok,"D:\매핑용( 단어 생성 비디오, 단어)\map_syn\datasets\morpheme\01\NIA_SL_WORD1017_REAL01_F_morpheme.json"
WORD1018,관악구수어통역센터,ok,"D:\매핑용( 단어 생성 비디오, 단어)\map_syn\datasets\morpheme\01\NIA_SL_WORD1018_REAL01_F_morpheme.json"
WORD1019,관악구주민지원센터,ok,"D:\매핑용( 단어 생성 비디오, 단어)\map_syn\datasets\morpheme\01\NIA_SL_WORD1019_REAL01_F_morpheme.json"
WORD1020,광진구지부,ok,"D:\매핑용( 단어 생성 비디오, 단어)\map_syn\datasets\morpheme\01\NIA_SL_WORD1020_REAL01_F_morpheme.json"
WORD1021,광진구수어통역센터,ok,"D:\매핑용( 단어 생성 비디오, 단어)\map_syn\datasets\morpheme\01\NIA_SL_WORD1021_REAL01_F_morpheme.json"
WORD1022,광진구주민지원센터,ok,"D:\매핑용( 단어 생성 비디오, 단어)\map_syn\datasets\morpheme\01\NIA_SL_WORD1022_REAL01_F_morpheme.json"
WORD1023,구로구지부,ok,"D:\매핑용( 단어 생성 비디오, 단어)\map_syn\datasets\morpheme\01\NIA_SL_WORD1023_REAL01_F_morpheme.json"
WORD1024,구로구수어통역센터,ok,"D:\매핑용( 단어 생성 비디오, 단어)\map_syn\datasets\morpheme\01\NIA_SL_WORD1024_REAL01_F_morpheme.json"
WORD1025,구로구주민지원센터,ok,"D:\매핑용( 단어 생성 비디오, 단어)\map_syn\datasets\morpheme\01\NIA_SL_WORD1025_REAL01_F_morpheme.json"
WORD1026,금천구지부,ok,"D:\매핑용( 단어 생성 비디오, 단어)\map_syn\datasets\morpheme\01\NIA_SL_WORD1026_REAL01_F_morpheme.json"
WORD1027,금천구수어통역센터,ok,"D:\매핑용( 단어 생성 비디오, 단어)\map_syn\datasets\morpheme\01\NIA_SL_WORD1027_REAL01_F_morpheme.json"
WORD1028,노원구지부,ok,"D:\매핑용( 단어 생성 비디오, 단어)\map_syn\datasets\morpheme\01\NIA_SL_WORD1028_REAL01_F_morpheme.json"
WORD1029,노원구수어통역센터,ok,"D:\매핑용( 단어 생성 비디오, 단어)\map_syn\datasets\morpheme\01\NIA_SL_WORD1029_REAL01_F_morpheme.json"
WORD1030,노원구주민지원센터,ok,"D:\매핑용( 단어 생성 비디오, 단어)\map_syn\datasets\morpheme\01\NIA_SL_WORD1030_REAL01_F_morpheme.json"
WORD1031,도봉구지부,ok,"D:\매핑용( 단어 생성 비디오, 단어)\map_syn\datasets\morpheme\01\NIA_SL_WORD1031_REAL01_F_morpheme.json"
WORD1032,도봉구수어통역센터,ok,"D:\매핑용( 단어 생성 비디오, 단어)\map_syn\datasets\morpheme\01\NIA_SL_WORD1032_REAL01_F_morpheme.json"
WORD1033,도봉구주민지원센터,ok,"D:\매핑용( 단어 생성 비디오, 단어)\map_syn\datasets\morpheme\01\NIA_SL_WORD1033_REAL01_F_morpheme.json"
WORD1034,동대문구지부,ok,"D:\매핑용( 단어 생성 비디오, 단어)\map_syn\datasets\morpheme\01\NIA_SL_WORD1034_REAL01_F_morpheme.json"
WORD1035,동대문구수어통역센터,ok,"D:\매핑용( 단어 생성 비디오, 단어)\map_syn\datasets\morpheme\01\NIA_SL_WORD1035_REAL01_F_morpheme.json"
WORD1036,동대문구주민지원센터,ok,"D:\매핑용( 단어 생성 비디오, 단어)\map_syn\datasets\morpheme\01\NIA_SL_WORD1036_REAL01_F_morpheme.json"
WORD1037,동작구지부,ok,"D:\매핑용( 단어 생성 비디오, 단어)\map_syn\datasets\morpheme\01\NIA_SL_WORD1037_REAL01_F_morpheme.json"
WORD1038,동작구수어통역센터,ok,"D:\매핑용( 단어 생성 비디오, 단어)\map_syn\datasets\morpheme\01\NIA_SL_WORD1038_REAL01_F_morpheme.json"
WORD1039,동작구주민지원센터,ok,"D:\매핑용( 단어 생성 비디오, 단어)\map_syn\datasets\morpheme\01\NIA_SL_WORD1039_REAL01_F_morpheme.json"
WORD1040,마포구지부,ok,"D:\매핑용( 단어 생성 비디오, 단어)\map_syn\datasets\morpheme\01\NIA_SL_WORD1040_REAL01_F_morpheme.json"
WORD1041,마포구수어통역센터,ok,"D:\매핑용( 단어 생성 비디오, 단어)\map_syn\datasets\morpheme\01\NIA_SL_WORD1041_REAL01_F_morpheme.json"
WORD1042,마포구주민지원센터,ok,"D:\매핑용( 단어 생성 비디오, 단어)\map_syn\datasets\morpheme\01\NIA_SL_WORD1042_REAL01_F_morpheme.json"
WORD1043,서대문구지부,ok,"D:\매핑용( 단어 생성 비디오, 단어)\map_syn\datasets\morpheme\01\NIA_SL_WORD1043_REAL01_F_morpheme.json"
WORD1044,서대문구수어통역센터,ok,"D:\매핑용( 단어 생성 비디오, 단어)\map_syn\datasets\morpheme\01\NIA_SL_WORD1044_REAL01_F_morpheme.json"
WORD1045,서대문구주민지원센터,ok,"D:\매핑용( 단어 생성 비디오, 단어)\map_syn\datasets\morpheme\01\NIA_SL_WORD1045_REAL01_F_morpheme.json"
WORD1046,서초구지부,ok,"D:\매핑용( 단어 생성 비디오, 단어)\map_syn\datasets\morpheme\01\NIA_SL_WORD1046_REAL01_F_morpheme.json"
WORD1047,서초구수어통역센터,ok,"D:\매핑용( 단어 생성 비디오, 단어)\map_syn\datasets\morpheme\01\NIA_SL_WORD1047_REAL01_F_morpheme.json"
WORD1048,서초구주민지원센터,ok,"D:\매핑용( 단어 생성 비디오, 단어)\map_syn\datasets\morpheme\01\NIA_SL_WORD1048_REAL01_F_morpheme.json"
WORD1049,성동구지부,ok,"D:\매핑용( 단어 생성 비디오, 단어)\map_syn\datasets\morpheme\01\NIA_SL_WORD1049_REAL01_F_morpheme.json"
WORD1050,성동구수어통역센터,ok,"D:\매핑용( 단어 생성 비디오, 단어)\map_syn\datasets\morpheme\01\NIA_SL_WORD1050_REAL01_F_morpheme.json"
WORD1051,성동구주민지원센터,ok,"D:\매핑용( 단어 생성 비디오, 단어)\map_syn\datasets\morpheme\01\NIA_SL_WORD1051_REAL01_F_morpheme.json"
WORD1052,성북구지부,ok,"D:\매핑용( 단어 생성 비디오, 단어)\map_syn\datasets\morpheme\01\NIA_SL_WORD1052_REAL01_F_morpheme.json"
WORD1053,성북구수어통역센터,ok,"D:\매핑용( 단어 생성 비디오, 단어)\map_syn\datasets\morpheme\01\NIA_SL_WORD1053_REAL01_F_morpheme.json"
WORD1054,성북구주민지원센터,ok,"D:\매핑용( 단어 생성 비디오, 단어)\map_syn\datasets\morpheme\01\NIA_SL_WORD1054_REAL01_F_morpheme.json"
WORD1055,송파구지부,ok,"D:\매핑용( 단어 생성 비디오, 단어)\map_syn\datasets\morpheme\01\NIA_SL_WORD1055_REAL01_F_morpheme.json"
WORD1056,송파구수어통역센터,ok,"D:\매핑용( 단어 생성 비디오, 단어)\map_syn\datasets\morpheme\01\NIA_SL_WORD1056_REAL01_F_morpheme.json"
WORD1057,송파구주민지원센터,ok,"D:\매핑용( 단어 생성 비디오, 단어)\map_syn\datasets\morpheme\01\NIA_SL_WORD1057_REAL01_F_morpheme.json"
WORD1058,양천구지부,ok,"D:\매핑용( 단어 생성 비디오, 단어)\map_syn\datasets\morpheme\01\NIA_SL_WORD1058_REAL01_F_morpheme.json"
WORD1059,양천구수어통역센터,ok,"D:\매핑용( 단어 생성 비디오, 단어)\map_syn\datasets\morpheme\01\NIA_SL_WORD1059_REAL01_F_morpheme.json"
WORD1060,양천구주민지원센터,ok,"D:\매핑용( 단어 생성 비디오, 단어)\map_syn\datasets\morpheme\01\NIA_SL_WORD1060_REAL01_F_morpheme.json"
WORD1061,영등포구지부,ok,"D:\매핑용( 단어 생성 비디오, 단어)\map_syn\datasets\morpheme\01\NIA_SL_WORD1061_REAL01_F_morpheme.json"
WORD1062,영등포구수어통역센터,ok,"D:\매핑용( 단어 생성 비디오, 단어)\map_syn\datasets\morpheme\01\NIA_SL_WORD1062_REAL01_F_morpheme.json"
WORD1063,영등포구주민지원센터,ok,"D:\매핑용( 단어 생성 비디오, 단어)\map_syn\datasets\morpheme\01\NIA_SL_WORD1063_REAL01_F_morpheme.json"
WORD1064,용산구지부,ok,"D:\매핑용( 단어 생성 비디오, 단어)\map_syn\datasets\morpheme\01\NIA_SL_WORD1064_REAL01_F_morpheme.json"
WORD1065,용산구수어통역센터,ok,"D:\매핑용( 단어 생성 비디오, 단어)\map_syn\datasets\morpheme\01\NIA_SL_WORD1065_REAL01_F_morpheme.json"
WORD1066,용산구주민지원센터,ok,"D:\매핑용( 단어 생성 비디오, 단어)\map_syn\datasets\morpheme\01\NIA_SL_WORD1066_REAL01_F_morpheme.json"
WORD1067,은평구지부,ok,"D:\매핑용( 단어 생성 비디오, 단어)\map_syn\datasets\morpheme\01\NIA_SL_WORD1067_REAL01_F_morpheme.json"
WORD1068,은평구수어통역센터,ok,"D:\매핑용( 단어 생성 비디오, 단어)\map_syn\datasets\morpheme\01\NIA_SL_WORD1068_REAL01_F_morpheme.json"
WORD1069,은평구주민지원센터,ok,"D:\매핑용( 단어 생성 비디오, 단어)\map_syn\datasets\morpheme\01\NIA_SL_WORD1069_REAL01_F_morpheme.json"
WORD1070,종로구지부,ok,"D:\매핑용( 단어 생성 비디오, 단어)\map_syn\datasets\morpheme\01\NIA_SL_WORD1070_REAL01_F_morpheme.json"
WORD1071,종로구수어통역센터,ok,"D:\매핑용( 단어 생성 비디오, 단어)\map_syn\datasets\morpheme\01\NIA_SL_WORD1071_REAL01_F_morpheme.json"
WORD1072,종로구주민지원센터,ok,"D:\매핑용( 단어 생성 비디오, 단어)\map_syn\datasets\morpheme\01\NIA_SL_WORD1072_REAL01_F_morpheme.json"
WORD1073,중구지부,ok,"D:\매핑용( 단어 생성 비디오, 단어)\map_syn\datasets\morpheme\01\NIA_SL_WORD1073_REAL01_F_morpheme.json"
WORD1074,중구수어통역센터,ok,"D:\매핑용( 단어 생성 비디오, 단어)\map_syn\datasets\morpheme\01\NIA_SL_WORD1074_REAL01_F_morpheme.json"
WORD1075,중구주민지원센터,ok,"D:\매핑용( 단어 생성 비디오, 단어)\map_syn\datasets\morpheme\01\NIA_SL_WORD1075_REAL01_F_morpheme.json"
WORD1076,중랑구지부,ok,"D:\매핑용( 단어 생성 비디오, 단어)\map_syn\datasets\morpheme\01\NIA_SL_WORD1076_REAL01_F_morpheme.json"
WORD1077,중랑구수어통역센터,ok,"D:\매핑용( 단어 생성 비디오, 단어)\map_syn\datasets\morpheme\01\NIA_SL_WORD1077_REAL01_F_morpheme.json"
WORD1078,중랑구주민지원센터,ok,"D:\매핑용( 단어 생성 비디오, 단어)\map_syn\datasets\morpheme\01\NIA_SL_WORD1078_REAL01_F_morpheme.json"
WORD1079,부산광역시농아인협회,ok,"D:\매핑용( 단어 생성 비디오, 단어)\map_syn\datasets\morpheme\01\NIA_SL_WORD1079_REAL01_F_morpheme.json"
WORD1080,금정구지부,ok,"D:\매핑용( 단어 생성 비디오, 단어)\map_syn\datasets\morpheme\01\NIA_SL_WORD1080_REAL01_F_morpheme.json"
WORD1081,금정구수어통역센터,ok,"D:\매핑용( 단어 생성 비디오, 단어)\map_syn\datasets\morpheme\01\NIA_SL_WORD1081_REAL01_F_morpheme.json"
WORD1082,금정구주민지원센터,ok,"D:\매핑용( 단어 생성 비디오, 단어)\map_syn\datasets\morpheme\01\NIA_SL_WORD1082_REAL01_F_morpheme.json"
WORD1083,북구지부,ok,"D:\매핑용( 단어 생성 비디오, 단어)\map_syn\datasets\morpheme\01\NIA_SL_WORD1083_REAL01_F_morpheme.json"
WORD1084,북구수어통역센터,ok,"D:\매핑용( 단어 생성 비디오, 단어)\map_syn\datasets\morpheme\01\NIA_SL_WORD1084_REAL01_F_morpheme.json"
WORD1085,북구주민지원센터,ok,"D:\매핑용( 단어 생성 비디오, 단어)\map_syn\datasets\morpheme\01\NIA_SL_WORD1085_REAL01_F_morpheme.json"
WORD1086,사하구지부,ok,"D:\매핑용( 단어 생성 비디오, 단어)\map_syn\datasets\morpheme\01\NIA_SL_WORD1086_REAL01_F_morpheme.json"
WORD1087,사하구수어통역센터,ok,"D:\매핑용( 단어 생성 비디오, 단어)\map_syn\datasets\morpheme\01\NIA_SL_WORD1087_REAL01_F_morpheme.json"
WORD1088,사하구주민지원센터,ok,"D:\매핑용( 단어 생성 비디오, 단어)\map_syn\datasets\morpheme\01\NIA_SL_WORD1088_REAL01_F_morpheme.json"
WORD1089,서구지부,ok,"D:\매핑용( 단어 생성 비디오, 단어)\map_syn\datasets\morpheme\01\NIA_SL_WORD1089_REAL01_F_morpheme.json"
WORD1090,서구수어통역센터,ok,"D:\매핑용( 단어 생성 비디오, 단어)\map_syn\datasets\morpheme\01\NIA_SL_WORD1090_REAL01_F_morpheme.json"
WORD1091,서구주민지원센터,ok,"D:\매핑용( 단어 생성 비디오, 단어)\map_syn\datasets\morpheme\01\NIA_SL_WORD1091_REAL01_F_morpheme.json"
WORD1092,수영구지부,ok,"D:\매핑용( 단어 생성 비디오, 단어)\map_syn\datasets\morpheme\01\NIA_SL_WORD1092_REAL01_F_morpheme.json"
WORD1093,수영구수어통역센터,ok,"D:\매핑용( 단어 생성 비디오, 단어)\map_syn\datasets\morpheme\01\NIA_SL_WORD1093_REAL01_F_morpheme.json"
WORD1094,수영구주민지원센터,ok,"D:\매핑용( 단어 생성 비디오, 단어)\map_syn\datasets\morpheme\01\NIA_SL_WORD1094_REAL01_F_morpheme.json"
WORD1095,어쩔 수 없다,ok,"D:\매핑용( 단어 생성 비디오, 단어)\map_syn\datasets\morpheme\01\NIA_SL_WORD1095_REAL01_F_morpheme.json"
WORD1096,모르다,ok,"D:\매핑용( 단어 생성 비디오, 단어)\map_syn\datasets\morpheme\01\NIA_SL_WORD1096_REAL01_F_morpheme.json"
WORD1097,불가능,ok,"D:\매핑용( 단어 생성 비디오, 단어)\map_syn\datasets\morpheme\01\NIA_SL_WORD1097_REAL01_F_morpheme.json"
WORD1098,대구광역시농아인협회,ok,"D:\매핑용( 단어 생성 비디오, 단어)\map_syn\datasets\morpheme\01\NIA_SL_WORD1098_REAL01_F_morpheme.json"
WORD1099,달서구지부,ok,"D:\매핑용( 단어 생성 비디오, 단어)\map_syn\datasets\morpheme\01\NIA_SL_WORD1099_REAL01_F_morpheme.json"
WORD1100,달서구수어통역센터,ok,"D:\매핑용( 단어 생성 비디오, 단어)\map_syn\datasets\morpheme\01\NIA_SL_WORD1100_REAL01_F_morpheme.json"
WORD1101,가렵다,ok,"D:\매핑용( 단어 생성 비디오, 단어)\map_syn\datasets\morpheme\01\NIA_SL_WORD1101_REAL01_F_morpheme.json"
WORD1102,답답,ok,"D:\매핑용( 단어 생성 비디오, 단어)\map_syn\datasets\morpheme\01\NIA_SL_WORD1102_REAL01_F_morpheme.json"
WORD1103,설거지,ok,"D:\매핑용( 단어 생성 비디오, 단어)\map_syn\datasets\morpheme\01\NIA_SL_WORD1103_REAL01_F_morpheme.json"
WORD1104,남자,ok,"D:\매핑용( 단어 생성 비디오, 단어)\map_syn\datasets\morpheme\01\NIA_SL_WORD1104_REAL01_F_morpheme.json"
WORD1105,마음,ok,"D:\매핑용( 단어 생성 비디오, 단어)\map_syn\datasets\morpheme\01\NIA_SL_WORD1105_REAL01_F_morpheme.json"
WORD1106,잊다,ok,"D:\매핑용( 단어 생성 비디오, 단어)\map_syn\datasets\morpheme\01\NIA_SL_WORD1106_REAL01_F_morpheme.json"
WORD1107,충분,ok,"D:\매핑용( 단어 생성 비디오, 단어)\map_syn\datasets\morpheme\01\NIA_SL_WORD1107_REAL01_F_morpheme.json"
WORD1108,미남,ok,"D:\매핑용( 단어 생성 비디오, 단어)\map_syn\datasets\morpheme\01\NIA_SL_WORD1108_REAL01_F_morpheme.json"
WORD1109,한명,ok,"D:\매핑용( 단어 생성 비디오, 단어)\map_syn\datasets\morpheme\01\NIA_SL_WORD1109_REAL01_F_morpheme.json"
WORD1110,징그럽다,ok,"D:\매핑용( 단어 생성 비디오, 단어)\map_syn\datasets\morpheme\01\NIA_SL_WORD1110_REAL01_F_morpheme.json"
WORD1111,급하다,ok,"D:\매핑용( 단어 생성 비디오, 단어)\map_syn\datasets\morpheme\01\NIA_SL_WORD1111_REAL01_F_morpheme.json"
WORD1112,던지다,ok,"D:\매핑용( 단어 생성 비디오, 단어)\map_syn\datasets\morpheme\01\NIA_SL_WORD1112_REAL01_F_morpheme.json"
WORD1113,미녀,ok,"D:\매핑용( 단어 생성 비디오, 단어)\map_syn\datasets\morpheme\01\NIA_SL_WORD1113_REAL01_F_morpheme.json"
WORD1114,쌍둥이,ok,"D:\매핑용( 단어 생성 비디오, 단어)\map_syn\datasets\morpheme\01\NIA_SL_WORD1114_REAL01_F_morpheme.json"
WORD1115,건강,ok,"D:\매핑용( 단어 생성 비디오, 단어)\map_syn\datasets\morpheme\01\NIA_SL_WORD1115_REAL01_F_morpheme.json"
WORD1116,어리석다,ok,"D:\매핑용( 단어 생성 비디오, 단어)\map_syn\datasets\morpheme\01\NIA_SL_WORD1116_REAL01_F_morpheme.json"
WORD1117,나이,ok,"D:\매핑용( 단어 생성 비디오, 단어)\map_syn\datasets\morpheme\01\NIA_SL_WORD1117_REAL01_F_morpheme.json"
WORD1118,달래다,ok,"D:\매핑용( 단어 생성 비디오, 단어)\map_syn\datasets\morpheme\01\NIA_SL_WORD1118_REAL01_F_morpheme.json"
WORD1119,집중,ok,"D:\매핑용( 단어 생성 비디오, 단어)\map_syn\datasets\morpheme\01\NIA_SL_WORD1119_REAL01_F_morpheme.json"
WORD1120,자랑,ok,"D:\매핑용( 단어 생성 비디오, 단어)\map_syn\datasets\morpheme\01\NIA_SL_WORD1120_REAL01_F_morpheme.json"
WORD1121,흰,ok,"D:\매핑용( 단어 생성 비디오, 단어)\map_syn\datasets\morpheme\01\NIA_SL_WORD1121_REAL01_F_morpheme.json"
WORD1122,기막히다,ok,"D:\매핑용( 단어 생성 비디오, 단어)\map_syn\datasets\morpheme\01\NIA_SL_WORD1122_REAL01_F_morpheme.json"
WORD1123,불안,ok,"D:\매핑용( 단어 생성 비디오, 단어)\map_syn\datasets\morpheme\01\NIA_SL_WORD1123_REAL01_F_morpheme.json"
WORD1124,밉다,ok,"D:\매핑용( 단어 생성 비디오, 단어)\map_syn\datasets\morpheme\01\NIA_SL_WORD1124_REAL01_F_morpheme.json"
WORD1125,자존심,ok,"D:\매핑용( 단어 생성 비디오, 단어)\map_syn\datasets\morpheme\01\NIA_SL_WORD1125_REAL01_F_morpheme.json"
WORD1126,배려,ok,"D:\매핑용( 단어 생성 비디오, 단어)\map_syn\datasets\morpheme\01\NIA_SL_WORD1126_REAL01_F_morpheme.json"
WORD1127,기분,ok,"D:\매핑용( 단어 생성 비디오, 단어)\map_syn\datasets\morpheme\01\NIA_SL_WORD1127_REAL01_F_morpheme.json"
WORD1128,당황,ok,"D:\매핑용( 단어 생성 비디오, 단어)\map_syn\datasets\morpheme\01\NIA_SL_WORD1128_REAL01_F_morpheme.json"
WORD1129,검사,ok,"D:\매핑용( 단어 생성 비디오, 단어)\map_syn\datasets\morpheme\01\NIA_SL_WORD1129_REAL01_F_morpheme.json"
WORD1130,원하다,ok,"D:\매핑용( 단어 생성 비디오, 단어)\map_syn\datasets\morpheme\01\NIA_SL_WORD1130_REAL01_F_morpheme.json"
WORD1131,미치다,ok,"D:\매핑용( 단어 생성 비디오, 단어)\map_syn\datasets\morpheme\01\NIA_SL_WORD1131_REAL01_F_morpheme.json"
WORD1132,처녀,ok,"D:\매핑용( 단어 생성 비디오, 단어)\map_syn\datasets\morpheme\01\NIA_SL_WORD1132_REAL01_F_morpheme.json"
WORD1133,잘하다,ok,"D:\매핑용( 단어 생성 비디오, 단어)\map_syn\datasets\morpheme\01\NIA_SL_WORD1133_REAL01_F_morpheme.json"
WORD1134,무섭다,ok,"D:\매핑용( 단어 생성 비디오, 단어)\map_syn\datasets\morpheme\01\NIA_SL_WORD1134_REAL01_F_morpheme.json"
WORD1135,빠르다,ok,"D:\매핑용( 단어 생성 비디오, 단어)\map_syn\datasets\morpheme\01\NIA_SL_WORD1135_REAL01_F_morpheme.json"
WORD1136,예민,ok,"D:\매핑용( 단어 생성 비디오, 단어)\map_syn\datasets\morpheme\01\NIA_SL_WORD1136_REAL01_F_morpheme.json"
WORD1137,기술,ok,"D:\매핑용( 단어 생성 비디오, 단어)\map_syn\datasets\morpheme\01\NIA_SL_WORD1137_REAL01_F_morpheme.json"
WORD1138,눕다,ok,"D:\매핑용( 단어 생성 비디오, 단어)\map_syn\datasets\morpheme\01\NIA_SL_WORD1138_REAL01_F_morpheme.json"
WORD1139,믿다,ok,"D:\매핑용( 단어 생성 비디오, 단어)\map_syn\datasets\morpheme\01\NIA_SL_WORD1139_REAL01_F_morpheme.json"
WORD1140,즐겁다,ok,"D:\매핑용( 단어 생성 비디오, 단어)\map_syn\datasets\morpheme\01\NIA_SL_WORD1140_REAL01_F_morpheme.json"
WORD1141,살인,ok,"D:\매핑용( 단어 생성 비디오, 단어)\map_syn\datasets\morpheme\01\NIA_SL_WORD1141_REAL01_F_morpheme.json"
WORD1142,마지막,ok,"D:\매핑용( 단어 생성 비디오, 단어)\map_syn\datasets\morpheme\01\NIA_SL_WORD1142_REAL01_F_morpheme.json"
WORD1143,듣다,ok,"D:\매핑용( 단어 생성 비디오, 단어)\map_syn\datasets\morpheme\01\NIA_SL_WORD1143_REAL01_F_morpheme.json"
WORD1144,생각,ok,"D:\매핑용( 단어 생성 비디오, 단어)\map_syn\datasets\morpheme\01\NIA_SL_WORD1144_REAL01_F_morpheme.json"
WORD1145,예쁘다,ok,"D:\매핑용( 단어 생성 비디오, 단어)\map_syn\datasets\morpheme\01\NIA_SL_WORD1145_REAL01_F_morpheme.json"
WORD1146,인상,ok,"D:\매핑용( 단어 생성 비디오, 단어)\map_syn\datasets\morpheme\01\NIA_SL_WORD1146_REAL01_F_morpheme.json"
WORD1147,팔,ok,"D:\매핑용( 단어 생성 비디오, 단어)\map_syn\datasets\morpheme\01\NIA_SL_WORD1147_REAL01_F_morpheme.json"
WORD1148,서다,ok,"D:\매핑용( 단어 생성 비디오, 단어)\map_syn\datasets\morpheme\01\NIA_SL_WORD1148_REAL01_F_morpheme.json"
WORD1149,오다,ok,"D:\매핑용( 단어 생성 비디오, 단어)\map_syn\datasets\morpheme\01\NIA_SL_WORD1149_REAL01_F_morpheme.json"
WORD1150,적극,ok,"D:\매핑용( 단어 생성 비디오, 단어)\map_syn\datasets\morpheme\01\NIA_SL_WORD1150_REAL01_F_morpheme.json"
WORD1151,섭섭하다,ok,"D:\매핑용( 단어 생성 비디오, 단어)\map_syn\datasets\morpheme\01\NIA_SL_WORD1151_REAL01_F_morpheme.json"
WORD1152,아프다,ok,"D:\매핑용( 단어 생성 비디오, 단어)\map_syn\datasets\morpheme\01\NIA_SL_WORD1152_REAL01_F_morpheme.json"
WORD1153,오줌,ok,"D:\매핑용( 단어 생성 비디오, 단어)\map_syn\datasets\morpheme\01\NIA_SL_WORD1153_REAL01_F_morpheme.json"
WORD1154,깨끗하다,ok,"D:\매핑용( 단어 생성 비디오, 단어)\map_syn\datasets\morpheme\01\NIA_SL_WORD1154_REAL01_F_morpheme.json"
WORD1155,못생기다,ok,"D:\매핑용( 단어 생성 비디오, 단어)\map_syn\datasets\morpheme\01\NIA_SL_WORD1155_REAL01_F_morpheme.json"
WORD1156,나쁘다,ok,"D:\매핑용( 단어 생성 비디오, 단어)\map_syn\datasets\morpheme\01\NIA_SL_WORD1156_REAL01_F_morpheme.json"
WORD1157,나,ok,"D:\매핑용( 단어 생성 비디오, 단어)\map_syn\datasets\morpheme\01\NIA_SL_WORD1157_REAL01_F_morpheme.json"
WORD1158,피곤하다,ok,"D:\매핑용( 단어 생성 비디오, 단어)\map_syn\datasets\morpheme\01\NIA_SL_WORD1158_REAL01_F_morpheme.json"
WORD1159,한숨,ok,"D:\매핑용( 단어 생성 비디오, 단어)\map_syn\datasets\morpheme\01\NIA_SL_WORD1159_REAL01_F_morpheme.json"
WORD1160,때리다,ok,"D:\매핑용( 단어 생성 비디오, 단어)\map_syn\datasets\morpheme\01\NIA_SL_WORD1160_REAL01_F_morpheme.json"
WORD1161,성격,ok,"D:\매핑용( 단어 생성 비디오, 단어)\map_syn\datasets\morpheme\01\NIA_SL_WORD1161_REAL01_F_morpheme.json"
WORD1162,등산,ok,"D:\매핑용( 단어 생성 비디오, 단어)\map_syn\datasets\morpheme\01\NIA_SL_WORD1162_REAL01_F_morpheme.json"
WORD1163,젊다,ok,"D:\매핑용( 단어 생성 비디오, 단어)\map_syn\datasets\morpheme\01\NIA_SL_WORD1163_REAL01_F_morpheme.json"
WORD1164,창백,ok,"D:\매핑용( 단어 생성 비디오, 단어)\map_syn\datasets\morpheme\01\NIA_SL_WORD1164_REAL01_F_morpheme.json"
WORD1165,자유,ok,"D:\매핑용( 단어 생성 비디오, 단어)\map_syn\datasets\morpheme\01\NIA_SL_WORD1165_REAL01_F_morpheme.json"
WORD1166,종아리맞다,ok,"D:\매핑용( 단어 생성 비디오, 단어)\map_syn\datasets\morpheme\01\NIA_SL_WORD1166_REAL01_F_morpheme.json"
WORD1167,성급,ok,"D:\매핑용( 단어 생성 비디오, 단어)\map_syn\datasets\morpheme\01\NIA_SL_WORD1167_REAL01_F_morpheme.json"
WORD1168,바르다,ok,"D:\매핑용( 단어 생성 비디오, 단어)\map_syn\datasets\morpheme\01\NIA_SL_WORD1168_REAL01_F_morpheme.json"
WORD1169,행복,ok,"D:\매핑용( 단어 생성 비디오, 단어)\map_syn\datasets\morpheme\01\NIA_SL_WORD1169_REAL01_F_morpheme.json"
WORD1170,깨물다,ok,"D:\매핑용( 단어 생성 비디오, 단어)\map_syn\datasets\morpheme\01\NIA_SL_WORD1170_REAL01_F_morpheme.json"
WORD1171,떨다,ok,"D:\매핑용( 단어 생성 비디오, 단어)\map_syn\datasets\morpheme\01\NIA_SL_WORD1171_REAL01_F_morpheme.json"
WORD1172,때문,ok,"D:\매핑용( 단어 생성 비디오, 단어)\map_syn\datasets\morpheme\01\NIA_SL_WORD1172_REAL01_F_morpheme.json"
WORD1173,평안,ok,"D:\매핑용( 단어 생성 비디오, 단어)\map_syn\datasets\morpheme\01\NIA_SL_WORD1173_REAL01_F_morpheme.json"
WORD1174,맞다,ok,"D:\매핑용( 단어 생성 비디오, 단어)\map_syn\datasets\morpheme\01\NIA_SL_WORD1174_REAL01_F_morpheme.json"
WORD1175,챔피언,ok,"D:\매핑용( 단어 생성 비디오, 단어)\map_syn\datasets\morpheme\01\NIA_SL_WORD1175_REAL01_F_morpheme.json"
WORD1176,안다,ok,"D:\매핑용( 단어 생성 비디오, 단어)\map_syn\datasets\morpheme\01\NIA_SL_WORD1176_REAL01_F_morpheme.json"
WORD1177,솔직,ok,"D:\매핑용( 단어 생성 비디오, 단어)\map_syn\datasets\morpheme\01\NIA_SL_WORD1177_REAL01_F_morpheme.json"
WORD1178,꼬마,ok,"D:\매핑용( 단어 생성 비디오, 단어)\map_syn\datasets\morpheme\01\NIA_SL_WORD1178_REAL01_F_morpheme.json"
WORD1179,바보,ok,"D:\매핑용( 단어 생성 비디오, 단어)\map_syn\datasets\morpheme\01\NIA_SL_WORD1179_REAL01_F_morpheme.json"
WORD1180,비율,ok,"D:\매핑용( 단어 생성 비디오, 단어)\map_syn\datasets\morpheme\01\NIA_SL_WORD1180_REAL01_F_morpheme.json"
WORD1181,혀,ok,"D:\매핑용( 단어 생성 비디오, 단어)\map_syn\datasets\morpheme\01\NIA_SL_WORD1181_REAL01_F_morpheme.json"
WORD1182,의자,ok,"D:\매핑용( 단어 생성 비디오, 단어)\map_syn\datasets\morpheme\01\NIA_SL_WORD1182_REAL01_F_morpheme.json"
WORD1183,열심,ok,"D:\매핑용( 단어 생성 비디오, 단어)\map_syn\datasets\morpheme\01\NIA_SL_WORD1183_REAL01_F_morpheme.json"
WORD1184,뚱뚱하다,ok,"D:\매핑용( 단어 생성 비디오, 단어)\map_syn\datasets\morpheme\01\NIA_SL_WORD1184_REAL01_F_morpheme.json"
WORD1185,알다,ok,"D:\매핑용( 단어 생성 비디오, 단어)\map_syn\datasets\morpheme\01\NIA_SL_WORD1185_REAL01_F_morpheme.json"
WORD1186,조심,ok,"D:\매핑용( 단어 생성 비디오, 단어)\map_syn\datasets\morpheme\01\NIA_SL_WORD1186_REAL01_F_morpheme.json"
WORD1187,꿇다,ok,"D:\매핑용( 단어 생성 비디오, 단어)\map_syn\datasets\morpheme\01\NIA_SL_WORD1187_REAL01_F_morpheme.json"
WORD1188,차분,ok,"D:\매핑용( 단어 생성 비디오, 단어)\map_syn\datasets\morpheme\01\NIA_SL_WORD1188_REAL01_F_morpheme.json"
WORD1189,아기,ok,"D:\매핑용( 단어 생성 비디오, 단어)\map_syn\datasets\morpheme\01\NIA_SL_WORD1189_REAL01_F_morpheme.json"
WORD1190,방법,ok,"D:\매핑용( 단어 생성 비디오, 단어)\map_syn\datasets\morpheme\01\NIA_SL_WORD1190_REAL01_F_morpheme.json"
WORD1191,좋다,ok,"D:\매핑용( 단어 생성 비디오, 단어)\map_syn\datasets\morpheme\01\NIA_SL_WORD1191_REAL01_F_morpheme.json"
WORD1192,두배,ok,"D:\매핑용( 단어 생성 비디오, 단어)\map_syn\datasets\morpheme\01\NIA_SL_WORD1192_REAL01_F_morpheme.json"
WORD1193,중요,ok,"D:\매핑용( 단어 생성 비디오, 단어)\map_syn\datasets\morpheme\01\NIA_SL_WORD1193_REAL01_F_morpheme.json"
WORD1194,알다,ok,"D:\매핑용( 단어 생성 비디오, 단어)\map_syn\datasets\morpheme\01\NIA_SL_WORD1194_REAL01_F_morpheme.json"
WORD1195,실망,ok,"D:\매핑용( 단어 생성 비디오, 단어)\map_syn\datasets\morpheme\01\NIA_SL_WORD1195_REAL01_F_morpheme.json"
WORD1196,의미,ok,"D:\매핑용( 단어 생성 비디오, 단어)\map_syn\datasets\morpheme\01\NIA_SL_WORD1196_REAL01_F_morpheme.json"
WORD1197,배고프다,ok,"D:\매핑용( 단어 생성 비디오, 단어)\map_syn\datasets\morpheme\01\NIA_SL_WORD1197_REAL01_F_morpheme.json"
WORD1198,욕심,ok,"D:\매핑용( 단어 생성 비디오, 단어)\map_syn\datasets\morpheme\01\NIA_SL_WORD1198_REAL01_F_morpheme.json"
WORD1199,훌륭,ok,"D:\매핑용( 단어 생성 비디오, 단어)\map_syn\datasets\morpheme\01\NIA_SL_WORD1199_REAL01_F_morpheme.json"
WORD1200,배부르다,ok,"D:\매핑용( 단어 생성 비디오, 단어)\map_syn\datasets\morpheme\01\NIA_SL_WORD1200_REAL01_F_morpheme.json"
WORD1201,죄송,ok,"D:\매핑용( 단어 생성 비디오, 단어)\map_syn\datasets\morpheme\01\NIA_SL_WORD1201_REAL01_F_morpheme.json"
WORD1202,추억,ok,"D:\매핑용( 단어 생성 비디오, 단어)\map_syn\datasets\morpheme\01\NIA_SL_WORD1202_REAL01_F_morpheme.json"
WORD1203,변덕,ok,"D:\매핑용( 단어 생성 비디오, 단어)\map_syn\datasets\morpheme\01\NIA_SL_WORD1203_REAL01_F_morpheme.json"
WORD1204,친구,ok,"D:\매핑용( 단어 생성 비디오, 단어)\map_syn\datasets\morpheme\01\NIA_SL_WORD1204_REAL01_F_morpheme.json"
WORD1205,우습다,ok,"D:\매핑용( 단어 생성 비디오, 단어)\map_syn\datasets\morpheme\01\NIA_SL_WORD1205_REAL01_F_morpheme.json"
WORD1206,똑똑하다,ok,"D:\매핑용( 단어 생성 비디오, 단어)\map_syn\datasets\morpheme\01\NIA_SL_WORD1206_REAL01_F_morpheme.json"
WORD1207,이해,ok,"D:\매핑용( 단어 생성 비디오, 단어)\map_syn\datasets\morpheme\01\NIA_SL_WORD1207_REAL01_F_morpheme.json"
WORD1208,애매하다,ok,"D:\매핑용( 단어 생성 비디오, 단어)\map_syn\datasets\morpheme\01\NIA_SL_WORD1208_REAL01_F_morpheme.json"
WORD1209,흔들리다,ok,"D:\매핑용( 단어 생성 비디오, 단어)\map_syn\datasets\morpheme\01\NIA_SL_WORD1209_REAL01_F_morpheme.json"
WORD1210,얼굴,ok,"D:\매핑용( 단어 생성 비디오, 단어)\map_syn\datasets\morpheme\01\NIA_SL_WORD1210_REAL01_F_morpheme.json"
WORD1211,어렵다,ok,"D:\매핑용( 단어 생성 비디오, 단어)\map_syn\datasets\morpheme\01\NIA_SL_WORD1211_REAL01_F_morpheme.json"
WORD1212,지겹다,ok,"D:\매핑용( 단어 생성 비디오, 단어)\map_syn\datasets\morpheme\01\NIA_SL_WORD1212_REAL01_F_morpheme.json"
WORD1213,낳다,ok,"D:\매핑용( 단어 생성 비디오, 단어)\map_syn\datasets\morpheme\01\NIA_SL_WORD1213_REAL01_F_morpheme.json"
WORD1214,망설이다,ok,"D:\매핑용( 단어 생성 비디오, 단어)\map_syn\datasets\morpheme\01\NIA_SL_WORD1214_REAL01_F_morpheme.json"
WORD1215,창피,ok,"D:\매핑용( 단어 생성 비디오, 단어)\map_syn\datasets\morpheme\01\NIA_SL_WORD1215_REAL01_F_morpheme.json"
WORD1216,친하다,ok,"D:\매핑용( 단어 생성 비디오, 단어)\map_syn\datasets\morpheme\01\NIA_SL_WORD1216_REAL01_F_morpheme.json"
WORD1217,희망,ok,"D:\매핑용( 단어 생성 비디오, 단어)\map_syn\datasets\morpheme\01\NIA_SL_WORD1217_REAL01_F_morpheme.json"
WORD1218,하산,ok,"D:\매핑용( 단어 생성 비디오, 단어)\map_syn\datasets\morpheme\01\NIA_SL_WORD1218_REAL01_F_morpheme.json"
WORD1219,냄새맡다,ok,"D:\매핑용( 단어 생성 비디오, 단어)\map_syn\datasets\morpheme\01\NIA_SL_WORD1219_REAL01_F_morpheme.json"
WORD1220,부럽다,ok,"D:\매핑용( 단어 생성 비디오, 단어)\map_syn\datasets\morpheme\01\NIA_SL_WORD1220_REAL01_F_morpheme.json"
WORD1221,행동,ok,"D:\매핑용( 단어 생성 비디오, 단어)\map_syn\datasets\morpheme\01\NIA_SL_WORD1221_REAL01_F_morpheme.json"
WORD1222,힘들다,ok,"D:\매핑용( 단어 생성 비디오, 단어)\map_syn\datasets\morpheme\01\NIA_SL_WORD1222_REAL01_F_morpheme.json"
WORD1223,매력,ok,"D:\매핑용( 단어 생성 비디오, 단어)\map_syn\datasets\morpheme\01\NIA_SL_WORD1223_REAL01_F_morpheme.json"
WORD1224,웃다,ok,"D:\매핑용( 단어 생성 비디오, 단어)\map_syn\datasets\morpheme\01\NIA_SL_WORD1224_REAL01_F_morpheme.json"
WORD1225,전문,ok,"D:\매핑용( 단어 생성 비디오, 단어)\map_syn\datasets\morpheme\01\NIA_SL_WORD1225_REAL01_F_morpheme.json"
WORD1226,손,ok,"D:\매핑용( 단어 생성 비디오, 단어)\map_syn\datasets\morpheme\01\NIA_SL_WORD1226_REAL01_F_morpheme.json"
WORD1227,너그럽다,ok,"D:\매핑용( 단어 생성 비디오, 단어)\map_syn\datasets\morpheme\01\NIA_SL_WORD1227_REAL01_F_morpheme.json"
WORD1228,유식,ok,"D:\매핑용( 단어 생성 비디오, 단어)\map_syn\datasets\morpheme\01\NIA_SL_WORD1228_REAL01_F_morpheme.json"
WORD1229,쓰러지다,ok,"D:\매핑용( 단어 생성 비디오, 단어)\map_syn\datasets\morpheme\01\NIA_SL_WORD1229_REAL01_F_morpheme.json"
WORD1230,질투,ok,"D:\매핑용( 단어 생성 비디오, 단어)\map_syn\datasets\morpheme\01\NIA_SL_WORD1230_REAL01_F_morpheme.json"
WORD1231,나누다,ok,"D:\매핑용( 단어 생성 비디오, 단어)\map_syn\datasets\morpheme\01\NIA_SL_WORD1231_REAL01_F_morpheme.json"
WORD1232,쉽다,ok,"D:\매핑용( 단어 생성 비디오, 단어)\map_syn\datasets\morpheme\01\NIA_SL_WORD1232_REAL01_F_morpheme.json"
WORD1233,평가,ok,"D:\매핑용( 단어 생성 비디오, 단어)\map_syn\datasets\morpheme\01\NIA_SL_WORD1233_REAL01_F_morpheme.json"
WORD1234,의심,ok,"D:\매핑용( 단어 생성 비디오, 단어)\map_syn\datasets\morpheme\01\NIA_SL_WORD1234_REAL01_F_morpheme.json"
WORD1235,코,ok,"D:\매핑용( 단어 생성 비디오, 단어)\map_syn\datasets\morpheme\01\NIA_SL_WORD1235_REAL01_F_morpheme.json"
WORD1236,화나다,ok,"D:\매핑용( 단어 생성 비디오, 단어)\map_syn\datasets\morpheme\01\NIA_SL_WORD1236_REAL01_F_morpheme.json"
WORD1237,이것,ok,"D:\매핑용( 단어 생성 비디오, 단어)\map_syn\datasets\morpheme\01\NIA_SL_WORD1237_REAL01_F_morpheme.json"
WORD1238,짓밟다,ok,"D:\매핑용( 단어 생성 비디오, 단어)\map_syn\datasets\morpheme\01\NIA_SL_WORD1238_REAL01_F_morpheme.json"
WORD1239,콧물,ok,"D:\매핑용( 단어 생성 비디오, 단어)\map_syn\datasets\morpheme\01\NIA_SL_WORD1239_REAL01_F_morpheme.json"
WORD1240,놀라다,ok,"D:\매핑용( 단어 생성 비디오, 단어)\map_syn\datasets\morpheme\01\NIA_SL_WORD1240_REAL01_F_morpheme.json"
WORD1241,머리카락,ok,"D:\매핑용( 단어 생성 비디오, 단어)\map_syn\datasets\morpheme\01\NIA_SL_WORD1241_REAL01_F_morpheme.json"
WORD1242,사람,ok,"D:\매핑용( 단어 생성 비디오, 단어)\map_syn\datasets\morpheme\01\NIA_SL_WORD1242_REAL01_F_morpheme.json"
WORD1243,우유,ok,"D:\매핑용( 단어 생성 비디오, 단어)\map_syn\datasets\morpheme\01\NIA_SL_WORD1243_REAL01_F_morpheme.json"
WORD1244,졸리다,ok,"D:\매핑용( 단어 생성 비디오, 단어)\map_syn\datasets\morpheme\01\NIA_SL_WORD1244_REAL01_F_morpheme.json"
WORD1245,잠자다,ok,"D:\매핑용( 단어 생성 비디오, 단어)\map_syn\datasets\morpheme\01\NIA_SL_WORD1245_REAL01_F_morpheme.json"
WORD1246,뺨맞다,ok,"D:\매핑용( 단어 생성 비디오, 단어)\map_syn\datasets\morpheme\01\NIA_SL_WORD1246_REAL01_F_morpheme.json"
WORD1247,이상,ok,"D:\매핑용( 단어 생성 비디오, 단어)\map_syn\datasets\morpheme\01\NIA_SL_WORD1247_REAL01_F_morpheme.json"
WORD1248,춥다,ok,"D:\매핑용( 단어 생성 비디오, 단어)\map_syn\datasets\morpheme\01\NIA_SL_WORD1248_REAL01_F_morpheme.json"
WORD1249,머리,ok,"D:\매핑용( 단어 생성 비디오, 단어)\map_syn\datasets\morpheme\01\NIA_SL_WORD1249_REAL01_F_morpheme.json"
WORD1250,몰리다,ok,"D:\매핑용( 단어 생성 비디오, 단어)\map_syn\datasets\morpheme\01\NIA_SL_WORD1250_REAL01_F_morpheme.json"
WORD1251,우울,ok,"D:\매핑용( 단어 생성 비디오, 단어)\map_syn\datasets\morpheme\01\NIA_SL_WORD1251_REAL01_F_morpheme.json"
WORD1252,후회,ok,"D:\매핑용( 단어 생성 비디오, 단어)\map_syn\datasets\morpheme\01\NIA_SL_WORD1252_REAL01_F_morpheme.json"
WORD1253,몸,ok,"D:\매핑용( 단어 생성 비디오, 단어)\map_syn\datasets\morpheme\01\NIA_SL_WORD1253_REAL01_F_morpheme.json"
WORD1254,두근거리다,ok,"D:\매핑용( 단어 생성 비디오, 단어)\map_syn\datasets\morpheme\01\NIA_SL_WORD1254_REAL01_F_morpheme.json"
WORD1255,짜증,ok,"D:\매핑용( 단어 생성 비디오, 단어)\map_syn\datasets\morpheme\01\NIA_SL_WORD1255_REAL01_F_morpheme.json"
WORD1256,인격,ok,"D:\매핑용( 단어 생성 비디오, 단어)\map_syn\datasets\morpheme\01\NIA_SL_WORD1256_REAL01_F_morpheme.json"
WORD1257,착각,ok,"D:\매핑용( 단어 생성 비디오, 단어)\map_syn\datasets\morpheme\01\NIA_SL_WORD1257_REAL01_F_morpheme.json"
WORD1258,훑어보다,ok,"D:\매핑용( 단어 생성 비디오, 단어)\map_syn\datasets\morpheme\01\NIA_SL_WORD1258_REAL01_F_morpheme.json"
WORD1259,느낌,ok,"D:\매핑용( 단어 생성 비디오, 단어)\map_syn\datasets\morpheme\01\NIA_SL_WORD1259_REAL01_F_morpheme.json"
WORD1260,빨리,ok,"D:\매핑용( 단어 생성 비디오, 단어)\map_syn\datasets\morpheme\01\NIA_SL_WORD1260_REAL01_F_morpheme.json"
WORD1261,참다,ok,"D:\매핑용( 단어 생성 비디오, 단어)\map_syn\datasets\morpheme\01\NIA_SL_WORD1261_REAL01_F_morpheme.json"
WORD1262,턱,ok,"D:\매핑용( 단어 생성 비디오, 단어)\map_syn\datasets\morpheme\01\NIA_SL_WORD1262_REAL01_F_morpheme.json"
WORD1263,늙다,ok,"D:\매핑용( 단어 생성 비디오, 단어)\map_syn\datasets\morpheme\01\NIA_SL_WORD1263_REAL01_F_morpheme.json"
WORD1264,소극적,ok,"D:\매핑용( 단어 생성 비디오, 단어)\map_syn\datasets\morpheme\01\NIA_SL_WORD1264_REAL01_F_morpheme.json"
WORD1265,털,ok,"D:\매핑용( 단어 생성 비디오, 단어)\map_syn\datasets\morpheme\01\NIA_SL_WORD1265_REAL01_F_morpheme.json"
WORD1266,까다롭다,ok,"D:\매핑용( 단어 생성 비디오, 단어)\map_syn\datasets\morpheme\01\NIA_SL_WORD1266_REAL01_F_morpheme.json"
WORD1267,책임,ok,"D:\매핑용( 단어 생성 비디오, 단어)\map_syn\datasets\morpheme\01\NIA_SL_WORD1267_REAL01_F_morpheme.json"
WORD1268,기름,ok,"D:\매핑용( 단어 생성 비디오, 단어)\map_syn\datasets\morpheme\01\NIA_SL_WORD1268_REAL01_F_morpheme.json"
WORD1269,못하다,ok,"D:\매핑용( 단어 생성 비디오, 단어)\map_syn\datasets\morpheme\01\NIA_SL_WORD1269_REAL01_F_morpheme.json"
WORD1270,엉덩이,ok,"D:\매핑용( 단어 생성 비디오, 단어)\map_syn\datasets\morpheme\01\NIA_SL_WORD1270_REAL01_F_morpheme.json"
WORD1271,부드럽다,ok,"D:\매핑용( 단어 생성 비디오, 단어)\map_syn\datasets\morpheme\01\NIA_SL_WORD1271_REAL01_F_morpheme.json"
WORD1272,뽀뽀,ok,"D:\매핑용( 단어 생성 비디오, 단어)\map_syn\datasets\morpheme\01\NIA_SL_WORD1272_REAL01_F_morpheme.json"
WORD1273,일어나다,ok,"D:\매핑용( 단어 생성 비디오, 단어)\map_syn\datasets\morpheme\01\NIA_SL_WORD1273_REAL01_F_morpheme.json"
WORD1274,달리다,ok,"D:\매핑용( 단어 생성 비디오, 단어)\map_syn\datasets\morpheme\01\NIA_SL_WORD1274_REAL01_F_morpheme.json"
WORD1275,여자,ok,"D:\매핑용( 단어 생성 비디오, 단어)\map_syn\datasets\morpheme\01\NIA_SL_WORD1275_REAL01_F_morpheme.json"
WORD1276,임신,ok,"D:\매핑용( 단어 생성 비디오, 단어)\map_syn\datasets\morpheme\01\NIA_SL_WORD1276_REAL01_F_morpheme.json"
WORD1277,무식,ok,"D:\매핑용( 단어 생성 비디오, 단어)\map_syn\datasets\morpheme\01\NIA_SL_WORD1277_REAL01_F_morpheme.json"
WORD1278,싫다,ok,"D:\매핑용( 단어 생성 비디오, 단어)\map_syn\datasets\morpheme\01\NIA_SL_WORD1278_REAL01_F_morpheme.json"
WORD1279,입,ok,"D:\매핑용( 단어 생성 비디오, 단어)\map_syn\datasets\morpheme\01\NIA_SL_WORD1279_REAL01_F_morpheme.json"
WORD1280,총각,ok,"D:\매핑용( 단어 생성 비디오, 단어)\map_syn\datasets\morpheme\01\NIA_SL_WORD1280_REAL01_F_morpheme.json"
WORD1281,날씬,ok,"D:\매핑용( 단어 생성 비디오, 단어)\map_syn\datasets\morpheme\01\NIA_SL_WORD1281_REAL01_F_morpheme.json"
WORD1282,가능,ok,"D:\매핑용( 단어 생성 비디오, 단어)\map_syn\datasets\morpheme\01\NIA_SL_WORD1282_REAL01_F_morpheme.json"
WORD1283,사라지다,ok,"D:\매핑용( 단어 생성 비디오, 단어)\map_syn\datasets\morpheme\01\NIA_SL_WORD1283_REAL01_F_morpheme.json"
WORD1284,야단치다,ok,"D:\매핑용( 단어 생성 비디오, 단어)\map_syn\datasets\morpheme\01\NIA_SL_WORD1284_REAL01_F_morpheme.json"
WORD1285,재산,ok,"D:\매핑용( 단어 생성 비디오, 단어)\map_syn\datasets\morpheme\01\NIA_SL_WORD1285_REAL01_F_morpheme.json"
WORD1286,다행,ok,"D:\매핑용( 단어 생성 비디오, 단어)\map_syn\datasets\morpheme\01\NIA_SL_WORD1286_REAL01_F_morpheme.json"
WORD1287,갈등,ok,"D:\매핑용( 단어 생성 비디오, 단어)\map_syn\datasets\morpheme\01\NIA_SL_WORD1287_REAL01_F_morpheme.json"
WORD1288,기대,ok,"D:\매핑용( 단어 생성 비디오, 단어)\map_syn\datasets\morpheme\01\NIA_SL_WORD1288_REAL01_F_morpheme.json"
WORD1289,감동,ok,"D:\매핑용( 단어 생성 비디오, 단어)\map_syn\datasets\morpheme\01\NIA_SL_WORD1289_REAL01_F_morpheme.json"
WORD1290,감사,ok,"D:\매핑용( 단어 생성 비디오, 단어)\map_syn\datasets\morpheme\01\NIA_SL_WORD1290_REAL01_F_morpheme.json"
WORD1291,무리,ok,"D:\매핑용( 단어 생성 비디오, 단어)\map_syn\datasets\morpheme\01\NIA_SL_WORD1291_REAL01_F_morpheme.json"
WORD1292,초대,ok,"D:\매핑용( 단어 생성 비디오, 단어)\map_syn\datasets\morpheme\01\NIA_SL_WORD1292_REAL01_F_morpheme.json"
WORD1293,거만,ok,"D:\매핑용( 단어 생성 비디오, 단어)\map_syn\datasets\morpheme\01\NIA_SL_WORD1293_REAL01_F_morpheme.json"
WORD1294,걱정,ok,"D:\매핑용( 단어 생성 비디오, 단어)\map_syn\datasets\morpheme\01\NIA_SL_WORD1294_REAL01_F_morpheme.json"
WORD1295,걷다,ok,"D:\매핑용( 단어 생성 비디오, 단어)\map_syn\datasets\morpheme\01\NIA_SL_WORD1295_REAL01_F_morpheme.json"
WORD1296,게으르다,ok,"D:\매핑용( 단어 생성 비디오, 단어)\map_syn\datasets\morpheme\01\NIA_SL_WORD1296_REAL01_F_morpheme.json"
WORD1297,겨드랑이,ok,"D:\매핑용( 단어 생성 비디오, 단어)\map_syn\datasets\morpheme\01\NIA_SL_WORD1297_REAL01_F_morpheme.json"
WORD1298,결심,ok,"D:\매핑용( 단어 생성 비디오, 단어)\map_syn\datasets\morpheme\01\NIA_SL_WORD1298_REAL01_F_morpheme.json"
WORD1299,겸손,ok,"D:\매핑용( 단어 생성 비디오, 단어)\map_syn\datasets\morpheme\01\NIA_SL_WORD1299_REAL01_F_morpheme.json"
WORD1300,무시,ok,"D:\매핑용( 단어 생성 비디오, 단어)\map_syn\datasets\morpheme\01\NIA_SL_WORD1300_REAL01_F_morpheme.json"
WORD1301,시원하다,ok,"D:\매핑용( 단어 생성 비디오, 단어)\map_syn\datasets\morpheme\01\NIA_SL_WORD1301_REAL01_F_morpheme.json"
WORD1302,남자,ok,"D:\매핑용( 단어 생성 비디오, 단어)\map_syn\datasets\morpheme\01\NIA_SL_WORD1302_REAL01_F_morpheme.json"
WORD1303,기억,ok,"D:\매핑용( 단어 생성 비디오, 단어)\map_syn\datasets\morpheme\01\NIA_SL_WORD1303_REAL01_F_morpheme.json"
WORD1304,부족,ok,"D:\매핑용( 단어 생성 비디오, 단어)\map_syn\datasets\morpheme\01\NIA_SL_WORD1304_REAL01_F_morpheme.json"
WORD1305,두명,ok,"D:\매핑용( 단어 생성 비디오, 단어)\map_syn\datasets\morpheme\01\NIA_SL_WORD1305_REAL01_F_morpheme.json"
WORD1306,세명,ok,"D:\매핑용( 단어 생성 비디오, 단어)\map_syn\datasets\morpheme\01\NIA_SL_WORD1306_REAL01_F_morpheme.json"
WORD1307,네명,ok,"D:\매핑용( 단어 생성 비디오, 단어)\map_syn\datasets\morpheme\01\NIA_SL_WORD1307_REAL01_F_morpheme.json"
WORD1308,다섯명,ok,"D:\매핑용( 단어 생성 비디오, 단어)\map_syn\datasets\morpheme\01\NIA_SL_WORD1308_REAL01_F_morpheme.json"
WORD1309,여섯명,ok,"D:\매핑용( 단어 생성 비디오, 단어)\map_syn\datasets\morpheme\01\NIA_SL_WORD1309_REAL01_F_morpheme.json"
WORD1310,일곱명,ok,"D:\매핑용( 단어 생성 비디오, 단어)\map_syn\datasets\morpheme\01\NIA_SL_WORD1310_REAL01_F_morpheme.json"
WORD1311,여덟명,ok,"D:\매핑용( 단어 생성 비디오, 단어)\map_syn\datasets\morpheme\01\NIA_SL_WORD1311_REAL01_F_morpheme.json"
WORD1312,아홉명,ok,"D:\매핑용( 단어 생성 비디오, 단어)\map_syn\datasets\morpheme\01\NIA_SL_WORD1312_REAL01_F_morpheme.json"
WORD1313,열명,ok,"D:\매핑용( 단어 생성 비디오, 단어)\map_syn\datasets\morpheme\01\NIA_SL_WORD1313_REAL01_F_morpheme.json"
WORD1314,귀엽다,ok,"D:\매핑용( 단어 생성 비디오, 단어)\map_syn\datasets\morpheme\01\NIA_SL_WORD1314_REAL01_F_morpheme.json"
WORD1315,안타깝다,ok,"D:\매핑용( 단어 생성 비디오, 단어)\map_syn\datasets\morpheme\01\NIA_SL_WORD1315_REAL01_F_morpheme.json"
WORD1316,인터체인지,ok,"D:\매핑용( 단어 생성 비디오, 단어)\map_syn\datasets\morpheme\01\NIA_SL_WORD1316_REAL01_F_morpheme.json"
WORD1317,세쌍둥이,ok,"D:\매핑용( 단어 생성 비디오, 단어)\map_syn\datasets\morpheme\01\NIA_SL_WORD1317_REAL01_F_morpheme.json"
WORD1318,네쌍둥이,ok,"D:\매핑용( 단어 생성 비디오, 단어)\map_syn\datasets\morpheme\01\NIA_SL_WORD1318_REAL01_F_morpheme.json"
WORD1319,달래다,ok,"D:\매핑용( 단어 생성 비디오, 단어)\map_syn\datasets\morpheme\01\NIA_SL_WORD1319_REAL01_F_morpheme.json"
WORD1320,집중,ok,"D:\매핑용( 단어 생성 비디오, 단어)\map_syn\datasets\morpheme\01\NIA_SL_WORD1320_REAL01_F_morpheme.json"
WORD1321,검정,ok,"D:\매핑용( 단어 생성 비디오, 단어)\map_syn\datasets\morpheme\01\NIA_SL_WORD1321_REAL01_F_morpheme.json"
WORD1322,빨강,ok,"D:\매핑용( 단어 생성 비디오, 단어)\map_syn\datasets\morpheme\01\NIA_SL_WORD1322_REAL01_F_morpheme.json"
WORD1323,노랑,ok,"D:\매핑용( 단어 생성 비디오, 단어)\map_syn\datasets\morpheme\01\NIA_SL_WORD1323_REAL01_F_morpheme.json"
WORD1324,초록,ok,"D:\매핑용( 단어 생성 비디오, 단어)\map_syn\datasets\morpheme\01\NIA_SL_WORD1324_REAL01_F_morpheme.json"
WORD1325,파랑,ok,"D:\매핑용( 단어 생성 비디오, 단어)\map_syn\datasets\morpheme\01\NIA_SL_WORD1325_REAL01_F_morpheme.json"
WORD1326,충혈,ok,"D:\매핑용( 단어 생성 비디오, 단어)\map_syn\datasets\morpheme\01\NIA_SL_WORD1326_REAL01_F_morpheme.json"
WORD1327,갈색,ok,"D:\매핑용( 단어 생성 비디오, 단어)\map_syn\datasets\morpheme\01\NIA_SL_WORD1327_REAL01_F_morpheme.json"
WORD1328,무지개,ok,"D:\매핑용( 단어 생성 비디오, 단어)\map_syn\datasets\morpheme\01\NIA_SL_WORD1328_REAL01_F_morpheme.json"
WORD1329,분홍,ok,"D:\매핑용( 단어 생성 비디오, 단어)\map_syn\datasets\morpheme\01\NIA_SL_WORD1329_REAL01_F_morpheme.json"
WORD1330,회색,ok,"D:\매핑용( 단어 생성 비디오, 단어)\map_syn\datasets\morpheme\01\NIA_SL_WORD1330_REAL01_F_morpheme.json"
WORD1331,차량번호판,ok,"D:\매핑용( 단어 생성 비디오, 단어)\map_syn\datasets\morpheme\01\NIA_SL_WORD1331_REAL01_F_morpheme.json"
WORD1332,밉다,ok,"D:\매핑용( 단어 생성 비디오, 단어)\map_syn\datasets\morpheme\01\NIA_SL_WORD1332_REAL01_F_morpheme.json"
WORD1333,밉다,ok,"D:\매핑용( 단어 생성 비디오, 단어)\map_syn\datasets\morpheme\01\NIA_SL_WORD1333_REAL01_F_morpheme.json"
WORD1334,배려,ok,"D:\매핑용( 단어 생성 비디오, 단어)\map_syn\datasets\morpheme\01\NIA_SL_WORD1334_REAL01_F_morpheme.json"
WORD1335,배려,ok,"D:\매핑용( 단어 생성 비디오, 단어)\map_syn\datasets\morpheme\01\NIA_SL_WORD1335_REAL01_F_morpheme.json"
WORD1336,잘못하다,ok,"D:\매핑용( 단어 생성 비디오, 단어)\map_syn\datasets\morpheme\01\NIA_SL_WORD1336_REAL01_F_morpheme.json"
WORD1337,느리다,ok,"D:\매핑용( 단어 생성 비디오, 단어)\map_syn\datasets\morpheme\01\NIA_SL_WORD1337_REAL01_F_morpheme.json"
WORD1338,무덤덤,ok,"D:\매핑용( 단어 생성 비디오, 단어)\map_syn\datasets\morpheme\01\NIA_SL_WORD1338_REAL01_F_morpheme.json"
WORD1339,불신,ok,"D:\매핑용( 단어 생성 비디오, 단어)\map_syn\datasets\morpheme\01\NIA_SL_WORD1339_REAL01_F_morpheme.json"
WORD1340,전자기기,ok,"D:\매핑용( 단어 생성 비디오, 단어)\map_syn\datasets\morpheme\01\NIA_SL_WORD1340_REAL01_F_morpheme.json"
WORD1341,살인,ok,"D:\매핑용( 단어 생성 비디오, 단어)\map_syn\datasets\morpheme\01\NIA_SL_WORD1341_REAL01_F_morpheme.json"
WORD1342,왼쪽,ok,"D:\매핑용( 단어 생성 비디오, 단어)\map_syn\datasets\morpheme\01\NIA_SL_WORD1342_REAL01_F_morpheme.json"
WORD1343,오른쪽,ok,"D:\매핑용( 단어 생성 비디오, 단어)\map_syn\datasets\morpheme\01\NIA_SL_WORD1343_REAL01_F_morpheme.json"
WORD1344,서다,ok,"D:\매핑용( 단어 생성 비디오, 단어)\map_syn\datasets\morpheme\01\NIA_SL_WORD1344_REAL01_F_morpheme.json"
WORD1345,가다,ok,"D:\매핑용( 단어 생성 비디오, 단어)\map_syn\datasets\morpheme\01\NIA_SL_WORD1345_REAL01_F_morpheme.json"
WORD1346,귀찮다,ok,"D:\매핑용( 단어 생성 비디오, 단어)\map_syn\datasets\morpheme\01\NIA_SL_WORD1346_REAL01_F_morpheme.json"
WORD1347,귀찮다,ok,"D:\매핑용( 단어 생성 비디오, 단어)\map_syn\datasets\morpheme\01\NIA_SL_WORD1347_REAL01_F_morpheme.json"
WORD1348,대략,ok,"D:\매핑용( 단어 생성 비디오, 단어)\map_syn\datasets\morpheme\01\NIA_SL_WORD1348_REAL01_F_morpheme.json"
WORD1349,간단하다,ok,"D:\매핑용( 단어 생성 비디오, 단어)\map_syn\datasets\morpheme\01\NIA_SL_WORD1349_REAL01_F_morpheme.json"
WORD1350,사기,ok,"D:\매핑용( 단어 생성 비디오, 단어)\map_syn\datasets\morpheme\01\NIA_SL_WORD1350_REAL01_F_morpheme.json"
WORD1351,너,ok,"D:\매핑용( 단어 생성 비디오, 단어)\map_syn\datasets\morpheme\01\NIA_SL_WORD1351_REAL01_F_morpheme.json"
WORD1352,저,ok,"D:\매핑용( 단어 생성 비디오, 단어)\map_syn\datasets\morpheme\01\NIA_SL_WORD1352_REAL01_F_morpheme.json"
WORD1353,당신,ok,"D:\매핑용( 단어 생성 비디오, 단어)\map_syn\datasets\morpheme\01\NIA_SL_WORD1353_REAL01_F_morpheme.json"
WORD1354,너희,ok,"D:\매핑용( 단어 생성 비디오, 단어)\map_syn\datasets\morpheme\01\NIA_SL_WORD1354_REAL01_F_morpheme.json"
WORD1355,째려보다,ok,"D:\매핑용( 단어 생성 비디오, 단어)\map_syn\datasets\morpheme\01\NIA_SL_WORD1355_REAL01_F_morpheme.json"
WORD1356,냄새,ok,"D:\매핑용( 단어 생성 비디오, 단어)\map_syn\datasets\morpheme\01\NIA_SL_WORD1356_REAL01_F_morpheme.json"
WORD1357,때리다,ok,"D:\매핑용( 단어 생성 비디오, 단어)\map_syn\datasets\morpheme\01\NIA_SL_WORD1357_REAL01_F_morpheme.json"
WORD1358,떨다,ok,"D:\매핑용( 단어 생성 비디오, 단어)\map_syn\datasets\morpheme\01\NIA_SL_WORD1358_REAL01_F_morpheme.json"
WORD1359,틀리다,ok,"D:\매핑용( 단어 생성 비디오, 단어)\map_syn\datasets\morpheme\01\NIA_SL_WORD1359_REAL01_F_morpheme.json"
WORD1360,뚱뚱하다,ok,"D:\매핑용( 단어 생성 비디오, 단어)\map_syn\datasets\morpheme\01\NIA_SL_WORD1360_REAL01_F_morpheme.json"
WORD1361,뚱뚱하다,ok,"D:\매핑용( 단어 생성 비디오, 단어)\map_syn\datasets\morpheme\01\NIA_SL_WORD1361_REAL01_F_morpheme.json"
WORD1362,세배,ok,"D:\매핑용( 단어 생성 비디오, 단어)\map_syn\datasets\morpheme\01\NIA_SL_WORD1362_REAL01_F_morpheme.json"
WORD1363,네배,ok,"D:\매핑용( 단어 생성 비디오, 단어)\map_syn\datasets\morpheme\01\NIA_SL_WORD1363_REAL01_F_morpheme.json"
WORD1364,다섯배,ok,"D:\매핑용( 단어 생성 비디오, 단어)\map_syn\datasets\morpheme\01\NIA_SL_WORD1364_REAL01_F_morpheme.json"
WORD1365,여섯배,ok,"D:\매핑용( 단어 생성 비디오, 단어)\map_syn\datasets\morpheme\01\NIA_SL_WORD1365_REAL01_F_morpheme.json"
WORD1366,일곱배,ok,"D:\매핑용( 단어 생성 비디오, 단어)\map_syn\datasets\morpheme\01\NIA_SL_WORD1366_REAL01_F_morpheme.json"
WORD1367,여덟배,ok,"D:\매핑용( 단어 생성 비디오, 단어)\map_syn\datasets\morpheme\01\NIA_SL_WORD1367_REAL01_F_morpheme.json"
WORD1368,아홉배,ok,"D:\매핑용( 단어 생성 비디오, 단어)\map_syn\datasets\morpheme\01\NIA_SL_WORD1368_REAL01_F_morpheme.json"
WORD1369,열배,ok,"D:\매핑용( 단어 생성 비디오, 단어)\map_syn\datasets\morpheme\01\NIA_SL_WORD1369_REAL01_F_morpheme.json"
WORD1370,귀,ok,"D:\매핑용( 단어 생성 비디오, 단어)\map_syn\datasets\morpheme\01\NIA_SL_WORD1370_REAL01_F_morpheme.json"
WORD1371,눈썹,ok,"D:\매핑용( 단어 생성 비디오, 단어)\map_syn\datasets\morpheme\01\NIA_SL_WORD1371_REAL01_F_morpheme.json"
WORD1372,눈,ok,"D:\매핑용( 단어 생성 비디오, 단어)\map_syn\datasets\morpheme\01\NIA_SL_WORD1372_REAL01_F_morpheme.json"
WORD1373,치아,ok,"D:\매핑용( 단어 생성 비디오, 단어)\map_syn\datasets\morpheme\01\NIA_SL_WORD1373_REAL01_F_morpheme.json"
WORD1374,이마,ok,"D:\매핑용( 단어 생성 비디오, 단어)\map_syn\datasets\morpheme\01\NIA_SL_WORD1374_REAL01_F_morpheme.json"
WORD1375,볼,ok,"D:\매핑용( 단어 생성 비디오, 단어)\map_syn\datasets\morpheme\01\NIA_SL_WORD1375_REAL01_F_morpheme.json"
WORD1376,목,ok,"D:\매핑용( 단어 생성 비디오, 단어)\map_syn\datasets\morpheme\01\NIA_SL_WORD1376_REAL01_F_morpheme.json"
WORD1377,자다,ok,"D:\매핑용( 단어 생성 비디오, 단어)\map_syn\datasets\morpheme\01\NIA_SL_WORD1377_REAL01_F_morpheme.json"
WORD1378,자다,ok,"D:\매핑용( 단어 생성 비디오, 단어)\map_syn\datasets\morpheme\01\NIA_SL_WORD1378_REAL01_F_morpheme.json"
WORD1379,일어나다,ok,"D:\매핑용( 단어 생성 비디오, 단어)\map_syn\datasets\morpheme\01\NIA_SL_WORD1379_REAL01_F_morpheme.json"
WORD1380,때리다,ok,"D:\매핑용( 단어 생성 비디오, 단어)\map_syn\datasets\morpheme\01\NIA_SL_WORD1380_REAL01_F_morpheme.json"
WORD1381,괜찮다,ok,"D:\매핑용( 단어 생성 비디오, 단어)\map_syn\datasets\morpheme\01\NIA_SL_WORD1381_REAL01_F_morpheme.json"
WORD1382,덥다,ok,"D:\매핑용( 단어 생성 비디오, 단어)\map_syn\datasets\morpheme\01\NIA_SL_WORD1382_REAL01_F_morpheme.json"
WORD1383,따뜻하다,ok,"D:\매핑용( 단어 생성 비디오, 단어)\map_syn\datasets\morpheme\01\NIA_SL_WORD1383_REAL01_F_morpheme.json"
WORD1384,없다,ok,"D:\매핑용( 단어 생성 비디오, 단어)\map_syn\datasets\morpheme\01\NIA_SL_WORD1384_REAL01_F_morpheme.json"
WORD1385,싫다,ok,"D:\매핑용( 단어 생성 비디오, 단어)\map_syn\datasets\morpheme\01\NIA_SL_WORD1385_REAL01_F_morpheme.json"
WORD1386,몸,ok,"D:\매핑용( 단어 생성 비디오, 단어)\map_syn\datasets\morpheme\01\NIA_SL_WORD1386_REAL01_F_morpheme.json"
WORD1387,초대,ok,"D:\매핑용( 단어 생성 비디오, 단어)\map_syn\datasets\morpheme\01\NIA_SL_WORD1387_REAL01_F_morpheme.json"
WORD1388,초대,ok,"D:\매핑용( 단어 생성 비디오, 단어)\map_syn\datasets\morpheme\01\NIA_SL_WORD1388_REAL01_F_morpheme.json"
WORD1389,걷다,ok,"D:\매핑용( 단어 생성 비디오, 단어)\map_syn\datasets\morpheme\01\NIA_SL_WORD1389_REAL01_F_morpheme.json"
WORD1390,걷다,ok,"D:\매핑용( 단어 생성 비디오, 단어)\map_syn\datasets\morpheme\01\NIA_SL_WORD1390_REAL01_F_morpheme.json"
WORD1391,걷다,ok,"D:\매핑용( 단어 생성 비디오, 단어)\map_syn\datasets\morpheme\01\NIA_SL_WORD1391_REAL01_F_morpheme.json"
WORD1392,걷다,ok,"D:\매핑용( 단어 생성 비디오, 단어)\map_syn\datasets\morpheme\01\NIA_SL_WORD1392_REAL01_F_morpheme.json"
WORD1393,걷다,ok,"D:\매핑용( 단어 생성 비디오, 단어)\map_syn\datasets\morpheme\01\NIA_SL_WORD1393_REAL01_F_morpheme.json"
WORD1394,여자,ok,"D:\매핑용( 단어 생성 비디오, 단어)\map_syn\datasets\morpheme\01\NIA_SL_WORD1394_REAL01_F_morpheme.json"
WORD1395,야단치다,ok,"D:\매핑용( 단어 생성 비디오, 단어)\map_syn\datasets\morpheme\01\NIA_SL_WORD1395_REAL01_F_morpheme.json"
WORD1396,야단치다,ok,"D:\매핑용( 단어 생성 비디오, 단어)\map_syn\datasets\morpheme\01\NIA_SL_WORD1396_REAL01_F_morpheme.json"
WORD1397,째려보다,ok,"D:\매핑용( 단어 생성 비디오, 단어)\map_syn\datasets\morpheme\01\NIA_SL_WORD1397_REAL01_F_morpheme.json"
WORD1398,전문,ok,"D:\매핑용( 단어 생성 비디오, 단어)\map_syn\datasets\morpheme\01\NIA_SL_WORD1398_REAL01_F_morpheme.json"
WORD1399,미소,ok,"D:\매핑용( 단어 생성 비디오, 단어)\map_syn\datasets\morpheme\01\NIA_SL_WORD1399_REAL01_F_morpheme.json"
WORD1400,남녀,ok,"D:\매핑용( 단어 생성 비디오, 단어)\map_syn\datasets\morpheme\01\NIA_SL_WORD1400_REAL01_F_morpheme.json"
WORD1401,남녀,ok,"D:\매핑용( 단어 생성 비디오, 단어)\map_syn\datasets\morpheme\01\NIA_SL_WORD1401_REAL01_F_morpheme.json"
WORD1402,충무로,ok,"D:\매핑용( 단어 생성 비디오, 단어)\map_syn\datasets\morpheme\01\NIA_SL_WORD1402_REAL01_F_morpheme.json"
WORD1403,종각,ok,"D:\매핑용( 단어 생성 비디오, 단어)\map_syn\datasets\morpheme\01\NIA_SL_WORD1403_REAL01_F_morpheme.json"
WORD1404,천호,ok,"D:\매핑용( 단어 생성 비디오, 단어)\map_syn\datasets\morpheme\01\NIA_SL_WORD1404_REAL01_F_morpheme.json"
WORD1405,이화여자대학교,ok,"D:\매핑용( 단어 생성 비디오, 단어)\map_syn\datasets\morpheme\01\NIA_SL_WORD1405_REAL01_F_morpheme.json"
WORD1406,종로3가,ok,"D:\매핑용( 단어 생성 비디오, 단어)\map_syn\datasets\morpheme\01\NIA_SL_WORD1406_REAL01_F_morpheme.json"
WORD1407,종로5가,ok,"D:\매핑용( 단어 생성 비디오, 단어)\map_syn\datasets\morpheme\01\NIA_SL_WORD1407_REAL01_F_morpheme.json"
WORD1408,을지로,ok,"D:\매핑용( 단어 생성 비디오, 단어)\map_syn\datasets\morpheme\01\NIA_SL_WORD1408_REAL01_F_morpheme.json"
WORD1409,을지로3가,ok,"D:\매핑용( 단어 생성 비디오, 단어)\map_syn\datasets\morpheme\01\NIA_SL_WORD1409_REAL01_F_morpheme.json"
WORD1410,을지로4가,ok,"D:\매핑용( 단어 생성 비디오, 단어)\map_syn\datasets\morpheme\01\NIA_SL_WORD1410_REAL01_F_morpheme.json"
WORD1411,강남,ok,"D:\매핑용( 단어 생성 비디오, 단어)\map_syn\datasets\morpheme\01\NIA_SL_WORD1411_REAL01_F_morpheme.json"
WORD1412,삼성,ok,"D:\매핑용( 단어 생성 비디오, 단어)\map_syn\datasets\morpheme\01\NIA_SL_WORD1412_REAL01_F_morpheme.json"
WORD1413,강남구청,ok,"D:\매핑용( 단어 생성 비디오, 단어)\map_syn\datasets\morpheme\01\NIA_SL_WORD1413_REAL01_F_morpheme.json"
WORD1414,강북,ok,"D:\매핑용( 단어 생성 비디오, 단어)\map_syn\datasets\morpheme\01\NIA_SL_WORD1414_REAL01_F_morpheme.json"
WORD1415,강서,ok,"D:\매핑용( 단어 생성 비디오, 단어)\map_syn\datasets\morpheme\01\NIA_SL_WORD1415_REAL01_F_morpheme.json"
WORD1416,까치산,ok,"D:\매핑용( 단어 생성 비디오, 단어)\map_syn\datasets\morpheme\01\NIA_SL_WORD1416_REAL01_F_morpheme.json"
WORD1417,발산,ok,"D:\매핑용( 단어 생성 비디오, 단어)\map_syn\datasets\morpheme\01\NIA_SL_WORD1417_REAL01_F_morpheme.json"
WORD1418,김포,ok,"D:\매핑용( 단어 생성 비디오, 단어)\map_syn\datasets\morpheme\01\NIA_SL_WORD1418_REAL01_F_morpheme.json"
WORD1419,양천,ok,"D:\매핑용( 단어 생성 비디오, 단어)\map_syn\datasets\morpheme\01\NIA_SL_WORD1419_REAL01_F_morpheme.json"
WORD1420,공항시장,ok,"D:\매핑용( 단어 생성 비디오, 단어)\map_syn\datasets\morpheme\01\NIA_SL_WORD1420_REAL01_F_morpheme.json"
WORD1421,관악,ok,"D:\매핑용( 단어 생성 비디오, 단어)\map_syn\datasets\morpheme\01\NIA_SL_WORD1421_REAL01_F_morpheme.json"
WORD1422,서울대학교,ok,"D:\매핑용( 단어 생성 비디오, 단어)\map_syn\datasets\morpheme\01\NIA_SL_WORD1422_REAL01_F_morpheme.json"
WORD1423,아차산,ok,"D:\매핑용( 단어 생성 비디오, 단어)\map_syn\datasets\morpheme\01\NIA_SL_WORD1423_REAL01_F_morpheme.json"
WORD1424,어린이대공원,ok,"D:\매핑용( 단어 생성 비디오, 단어)\map_syn\datasets\morpheme\01\NIA_SL_WORD1424_REAL01_F_morpheme.json"
WORD1425,금천,ok,"D:\매핑용( 단어 생성 비디오, 단어)\map_syn\datasets\morpheme\01\NIA_SL_WORD1425_REAL01_F_morpheme.json"
WORD1426,독산,ok,"D:\매핑용( 단어 생성 비디오, 단어)\map_syn\datasets\morpheme\01\NIA_SL_WORD1426_REAL01_F_morpheme.json"
WORD1427,금천구청,ok,"D:\매핑용( 단어 생성 비디오, 단어)\map_syn\datasets\morpheme\01\NIA_SL_WORD1427_REAL01_F_morpheme.json"
WORD1428,노원,ok,"D:\매핑용( 단어 생성 비디오, 단어)\map_syn\datasets\morpheme\01\NIA_SL_WORD1428_REAL01_F_morpheme.json"
WORD1429,도봉산,ok,"D:\매핑용( 단어 생성 비디오, 단어)\map_syn\datasets\morpheme\01\NIA_SL_WORD1429_REAL01_F_morpheme.json"
WORD1430,청량리,ok,"D:\매핑용( 단어 생성 비디오, 단어)\map_syn\datasets\morpheme\01\NIA_SL_WORD1430_REAL01_F_morpheme.json"
WORD1431,동대문,ok,"D:\매핑용( 단어 생성 비디오, 단어)\map_syn\datasets\morpheme\01\NIA_SL_WORD1431_REAL01_F_morpheme.json"
WORD1432,동작,ok,"D:\매핑용( 단어 생성 비디오, 단어)\map_syn\datasets\morpheme\01\NIA_SL_WORD1432_REAL01_F_morpheme.json"
WORD1433,노량진,ok,"D:\매핑용( 단어 생성 비디오, 단어)\map_syn\datasets\morpheme\01\NIA_SL_WORD1433_REAL01_F_morpheme.json"
WORD1434,마포,ok,"D:\매핑용( 단어 생성 비디오, 단어)\map_syn\datasets\morpheme\01\NIA_SL_WORD1434_REAL01_F_morpheme.json"
WORD1435,홍익대학교,ok,"D:\매핑용( 단어 생성 비디오, 단어)\map_syn\datasets\morpheme\01\NIA_SL_WORD1435_REAL01_F_morpheme.json"
WORD1436,서대문,ok,"D:\매핑용( 단어 생성 비디오, 단어)\map_syn\datasets\morpheme\01\NIA_SL_WORD1436_REAL01_F_morpheme.json"
WORD1437,고속터미널,ok,"D:\매핑용( 단어 생성 비디오, 단어)\map_syn\datasets\morpheme\01\NIA_SL_WORD1437_REAL01_F_morpheme.json"
WORD1438,남부터미널,ok,"D:\매핑용( 단어 생성 비디오, 단어)\map_syn\datasets\morpheme\01\NIA_SL_WORD1438_REAL01_F_morpheme.json"
WORD1439,성동,ok,"D:\매핑용( 단어 생성 비디오, 단어)\map_syn\datasets\morpheme\01\NIA_SL_WORD1439_REAL01_F_morpheme.json"
WORD1440,왕십리,ok,"D:\매핑용( 단어 생성 비디오, 단어)\map_syn\datasets\morpheme\01\NIA_SL_WORD1440_REAL01_F_morpheme.json"
WORD1441,서울숲,ok,"D:\매핑용( 단어 생성 비디오, 단어)\map_syn\datasets\morpheme\01\NIA_SL_WORD1441_REAL01_F_morpheme.json"
WORD1442,성북,ok,"D:\매핑용( 단어 생성 비디오, 단어)\map_syn\datasets\morpheme\01\NIA_SL_WORD1442_REAL01_F_morpheme.json"
WORD1443,고려대학교,ok,"D:\매핑용( 단어 생성 비디오, 단어)\map_syn\datasets\morpheme\01\NIA_SL_WORD1443_REAL01_F_morpheme.json"
WORD1444,송파,ok,"D:\매핑용( 단어 생성 비디오, 단어)\map_syn\datasets\morpheme\01\NIA_SL_WORD1444_REAL01_F_morpheme.json"
WORD1445,종합운동장,ok,"D:\매핑용( 단어 생성 비디오, 단어)\map_syn\datasets\morpheme\01\NIA_SL_WORD1445_REAL01_F_morpheme.json"
WORD1446,잠실,ok,"D:\매핑용( 단어 생성 비디오, 단어)\map_syn\datasets\morpheme\01\NIA_SL_WORD1446_REAL01_F_morpheme.json"
WORD1447,잠실,ok,"D:\매핑용( 단어 생성 비디오, 단어)\map_syn\datasets\morpheme\01\NIA_SL_WORD1447_REAL01_F_morpheme.json"
WORD1448,올림픽공원,ok,"D:\매핑용( 단어 생성 비디오, 단어)\map_syn\datasets\morpheme\01\NIA_SL_WORD1448_REAL01_F_morpheme.json"
WORD1449,영등포,ok,"D:\매핑용( 단어 생성 비디오, 단어)\map_syn\datasets\morpheme\01\NIA_SL_WORD1449_REAL01_F_morpheme.json"
WORD1450,영등포시장,ok,"D:\매핑용( 단어 생성 비디오, 단어)\map_syn\datasets\morpheme\01\NIA_SL_WORD1450_REAL01_F_morpheme.json"
WORD1451,여의도,ok,"D:\매핑용( 단어 생성 비디오, 단어)\map_syn\datasets\morpheme\01\NIA_SL_WORD1451_REAL01_F_morpheme.json"
WORD1452,용산,ok,"D:\매핑용( 단어 생성 비디오, 단어)\map_syn\datasets\morpheme\01\NIA_SL_WORD1452_REAL01_F_morpheme.json"
WORD1453,신용산,ok,"D:\매핑용( 단어 생성 비디오, 단어)\map_syn\datasets\morpheme\01\NIA_SL_WORD1453_REAL01_F_morpheme.json"
WORD1454,이태원,ok,"D:\매핑용( 단어 생성 비디오, 단어)\map_syn\datasets\morpheme\01\NIA_SL_WORD1454_REAL01_F_morpheme.json"
WORD1455,광화문,ok,"D:\매핑용( 단어 생성 비디오, 단어)\map_syn\datasets\morpheme\01\NIA_SL_WORD1455_REAL01_F_morpheme.json"
WORD1456,시청,ok,"D:\매핑용( 단어 생성 비디오, 단어)\map_syn\datasets\morpheme\01\NIA_SL_WORD1456_REAL01_F_morpheme.json"
WORD1457,남대문시장,ok,"D:\매핑용( 단어 생성 비디오, 단어)\map_syn\datasets\morpheme\01\NIA_SL_WORD1457_REAL01_F_morpheme.json"
WORD1458,명동,ok,"D:\매핑용( 단어 생성 비디오, 단어)\map_syn\datasets\morpheme\01\NIA_SL_WORD1458_REAL01_F_morpheme.json"
WORD1459,광주,ok,"D:\매핑용( 단어 생성 비디오, 단어)\map_syn\datasets\morpheme\01\NIA_SL_WORD1459_REAL01_F_morpheme.json"
WORD1460,구리,ok,"D:\매핑용( 단어 생성 비디오, 단어)\map_syn\datasets\morpheme\01\NIA_SL_WORD1460_REAL01_F_morpheme.json"
WORD1461,분당,ok,"D:\매핑용( 단어 생성 비디오, 단어)\map_syn\datasets\morpheme\01\NIA_SL_WORD1461_REAL01_F_morpheme.json"
WORD1462,남양주,ok,"D:\매핑용( 단어 생성 비디오, 단어)\map_syn\datasets\morpheme\01\NIA_SL_WORD1462_REAL01_F_morpheme.json"
WORD1463,성남,ok,"D:\매핑용( 단어 생성 비디오, 단어)\map_syn\datasets\morpheme\01\NIA_SL_WORD1463_REAL01_F_morpheme.json"
WORD1464,하남,ok,"D:\매핑용( 단어 생성 비디오, 단어)\map_syn\datasets\morpheme\01\NIA_SL_WORD1464_REAL01_F_morpheme.json"
WORD1465,과천,ok,"D:\매핑용( 단어 생성 비디오, 단어)\map_syn\datasets\morpheme\01\NIA_SL_WORD1465_REAL01_F_morpheme.json"
WORD1466,서울대공원,ok,"D:\매핑용( 단어 생성 비디오, 단어)\map_syn\datasets\morpheme\01\NIA_SL_WORD1466_REAL01_F_morpheme.json"
WORD1467,광명,ok,"D:\매핑용( 단어 생성 비디오, 단어)\map_syn\datasets\morpheme\01\NIA_SL_WORD1467_REAL01_F_morpheme.json"
WORD1468,군포,ok,"D:\매핑용( 단어 생성 비디오, 단어)\map_syn\datasets\morpheme\01\NIA_SL_WORD1468_REAL01_F_morpheme.json"
WORD1469,부천,ok,"D:\매핑용( 단어 생성 비디오, 단어)\map_syn\datasets\morpheme\01\NIA_SL_WORD1469_REAL01_F_morpheme.json"
WORD1470,시흥,ok,"D:\매핑용( 단어 생성 비디오, 단어)\map_syn\datasets\morpheme\01\NIA_SL_WORD1470_REAL01_F_morpheme.json"
WORD1471,양평,ok,"D:\매핑용( 단어 생성 비디오, 단어)\map_syn\datasets\morpheme\01\NIA_SL_WORD1471_REAL01_F_morpheme.json"
WORD1472,안산,ok,"D:\매핑용( 단어 생성 비디오, 단어)\map_syn\datasets\morpheme\01\NIA_SL_WORD1472_REAL01_F_morpheme.json"
WORD1473,안양,ok,"D:\매핑용( 단어 생성 비디오, 단어)\map_syn\datasets\morpheme\01\NIA_SL_WORD1473_REAL01_F_morpheme.json"
WORD1474,안양대학교,ok,"D:\매핑용( 단어 생성 비디오, 단어)\map_syn\datasets\morpheme\01\NIA_SL_WORD1474_REAL01_F_morpheme.json"
WORD1475,수원,ok,"D:\매핑용( 단어 생성 비디오, 단어)\map_syn\datasets\morpheme\01\NIA_SL_WORD1475_REAL01_F_morpheme.json"
WORD1476,안성,ok,"D:\매핑용( 단어 생성 비디오, 단어)\map_syn\datasets\morpheme\01\NIA_SL_WORD1476_REAL01_F_morpheme.json"
WORD1477,중앙대학교,ok,"D:\매핑용( 단어 생성 비디오, 단어)\map_syn\datasets\morpheme\01\NIA_SL_WORD1477_REAL01_F_morpheme.json"
WORD1478,용인,ok,"D:\매핑용( 단어 생성 비디오, 단어)\map_syn\datasets\morpheme\01\NIA_SL_WORD1478_REAL01_F_morpheme.json"
WORD1479,강남대학교,ok,"D:\매핑용( 단어 생성 비디오, 단어)\map_syn\datasets\morpheme\01\NIA_SL_WORD1479_REAL01_F_morpheme.json"
WORD1480,에버랜드,ok,"D:\매핑용( 단어 생성 비디오, 단어)\map_syn\datasets\morpheme\01\NIA_SL_WORD1480_REAL01_F_morpheme.json"
WORD1481,용인대학교,ok,"D:\매핑용( 단어 생성 비디오, 단어)\map_syn\datasets\morpheme\01\NIA_SL_WORD1481_REAL01_F_morpheme.json"
WORD1482,한국민속촌,ok,"D:\매핑용( 단어 생성 비디오, 단어)\map_syn\datasets\morpheme\01\NIA_SL_WORD1482_REAL01_F_morpheme.json"
WORD1483,이천,ok,"D:\매핑용( 단어 생성 비디오, 단어)\map_syn\datasets\morpheme\01\NIA_SL_WORD1483_REAL01_F_morpheme.json"
WORD1484,평택,ok,"D:\매핑용( 단어 생성 비디오, 단어)\map_syn\datasets\morpheme\01\NIA_SL_WORD1484_REAL01_F_morpheme.json"
WORD1485,화성,ok,"D:\매핑용( 단어 생성 비디오, 단어)\map_syn\datasets\morpheme\01\NIA_SL_WORD1485_REAL01_F_morpheme.json"
WORD1486,고양,ok,"D:\매핑용( 단어 생성 비디오, 단어)\map_syn\datasets\morpheme\01\NIA_SL_WORD1486_REAL01_F_morpheme.json"
WORD1487,동두천,ok,"D:\매핑용( 단어 생성 비디오, 단어)\map_syn\datasets\morpheme\01\NIA_SL_WORD1487_REAL01_F_morpheme.json"
WORD1488,양주,ok,"D:\매핑용( 단어 생성 비디오, 단어)\map_syn\datasets\morpheme\01\NIA_SL_WORD1488_REAL01_F_morpheme.json"
WORD1489,연천,ok,"D:\매핑용( 단어 생성 비디오, 단어)\map_syn\datasets\morpheme\01\NIA_SL_WORD1489_REAL01_F_morpheme.json"
WORD1490,파주,ok,"D:\매핑용( 단어 생성 비디오, 단어)\map_syn\datasets\morpheme\01\NIA_SL_WORD1490_REAL01_F_morpheme.json"
WORD1491,포천,ok,"D:\매핑용( 단어 생성 비디오, 단어)\map_syn\datasets\morpheme\01\NIA_SL_WORD1491_REAL01_F_morpheme.json"
WORD1492,가족,ok,"D:\매핑용( 단어 생성 비디오, 단어)\map_syn\datasets\morpheme\01\NIA_SL_WORD1492_REAL01_F_morpheme.json"
WORD1493,전염,ok,"D:\매핑용( 단어 생성 비디오, 단어)\map_syn\datasets\morpheme\01\NIA_SL_WORD1493_REAL01_F_morpheme.json"
WORD1494,운전면허갱신,ok,"D:\매핑용( 단어 생성 비디오, 단어)\map_syn\datasets\morpheme\01\NIA_SL_WORD1494_REAL01_F_morpheme.json"
WORD1495,차량점검,ok,"D:\매핑용( 단어 생성 비디오, 단어)\map_syn\datasets\morpheme\01\NIA_SL_WORD1495_REAL01_F_morpheme.json"
WORD1496,병원,ok,"D:\매핑용( 단어 생성 비디오, 단어)\map_syn\datasets\morpheme\01\NIA_SL_WORD1496_REAL01_F_morpheme.json"
WORD1497,결혼,ok,"D:\매핑용( 단어 생성 비디오, 단어)\map_syn\datasets\morpheme\01\NIA_SL_WORD1497_REAL01_F_morpheme.json"
WORD1498,경주,ok,"D:\매핑용( 단어 생성 비디오, 단어)\map_syn\datasets\morpheme\01\NIA_SL_WORD1498_REAL01_F_morpheme.json"
WORD1499,이모,ok,"D:\매핑용( 단어 생성 비디오, 단어)\map_syn\datasets\morpheme\01\NIA_SL_WORD1499_REAL01_F_morpheme.json"
WORD1500,고모,ok,"D:\매핑용( 단어 생성 비디오, 단어)\map_syn\datasets\morpheme\01\NIA_SL_WORD1500_REAL01_F_morpheme.json"
WORD1501,운전면허,ok,"D:\매핑용( 단어 생성 비디오, 단어)\map_syn\datasets\morpheme\01\NIA_SL_WORD1501_REAL01_F_morpheme.json"
WORD1502,골키퍼,ok,"D:\매핑용( 단어 생성 비디오, 단어)\map_syn\datasets\morpheme\01\NIA_SL_WORD1502_REAL01_F_morpheme.json"
WORD1503,구경,ok,"D:\매핑용( 단어 생성 비디오, 단어)\map_syn\datasets\morpheme\01\NIA_SL_WORD1503_REAL01_F_morpheme.json"
WORD1504,성토,ok,"D:\매핑용( 단어 생성 비디오, 단어)\map_syn\datasets\morpheme\01\NIA_SL_WORD1504_REAL01_F_morpheme.json"
WORD1505,권투,ok,"D:\매핑용( 단어 생성 비디오, 단어)\map_syn\datasets\morpheme\01\NIA_SL_WORD1505_REAL01_F_morpheme.json"
WORD1506,그립다,ok,"D:\매핑용( 단어 생성 비디오, 단어)\map_syn\datasets\morpheme\01\NIA_SL_WORD1506_REAL01_F_morpheme.json"
WORD1507,키우다,ok,"D:\매핑용( 단어 생성 비디오, 단어)\map_syn\datasets\morpheme\01\NIA_SL_WORD1507_REAL01_F_morpheme.json"
WORD1508,힘,ok,"D:\매핑용( 단어 생성 비디오, 단어)\map_syn\datasets\morpheme\01\NIA_SL_WORD1508_REAL01_F_morpheme.json"
WORD1509,망가지다,ok,"D:\매핑용( 단어 생성 비디오, 단어)\map_syn\datasets\morpheme\01\NIA_SL_WORD1509_REAL01_F_morpheme.json"
WORD1510,꿈,ok,"D:\매핑용( 단어 생성 비디오, 단어)\map_syn\datasets\morpheme\01\NIA_SL_WORD1510_REAL01_F_morpheme.json"
WORD1511,낚시,ok,"D:\매핑용( 단어 생성 비디오, 단어)\map_syn\datasets\morpheme\01\NIA_SL_WORD1511_REAL01_F_morpheme.json"
WORD1512,남매,ok,"D:\매핑용( 단어 생성 비디오, 단어)\map_syn\datasets\morpheme\01\NIA_SL_WORD1512_REAL01_F_morpheme.json"
WORD1513,운전면허정지,ok,"D:\매핑용( 단어 생성 비디오, 단어)\map_syn\datasets\morpheme\01\NIA_SL_WORD1513_REAL01_F_morpheme.json"
WORD1514,노래,ok,"D:\매핑용( 단어 생성 비디오, 단어)\map_syn\datasets\morpheme\01\NIA_SL_WORD1514_REAL01_F_morpheme.json"
WORD1515,놀다,ok,"D:\매핑용( 단어 생성 비디오, 단어)\map_syn\datasets\morpheme\01\NIA_SL_WORD1515_REAL01_F_morpheme.json"
WORD1516,누나,ok,"D:\매핑용( 단어 생성 비디오, 단어)\map_syn\datasets\morpheme\01\NIA_SL_WORD1516_REAL01_F_morpheme.json"
WORD1517,울보,ok,"D:\매핑용( 단어 생성 비디오, 단어)\map_syn\datasets\morpheme\01\NIA_SL_WORD1517_REAL01_F_morpheme.json"
WORD1518,여동생,ok,"D:\매핑용( 단어 생성 비디오, 단어)\map_syn\datasets\morpheme\01\NIA_SL_WORD1518_REAL01_F_morpheme.json"
WORD1519,상처,ok,"D:\매핑용( 단어 생성 비디오, 단어)\map_syn\datasets\morpheme\01\NIA_SL_WORD1519_REAL01_F_morpheme.json"
WORD1520,견제하다,ok,"D:\매핑용( 단어 생성 비디오, 단어)\map_syn\datasets\morpheme\01\NIA_SL_WORD1520_REAL01_F_morpheme.json"
WORD1521,견문,ok,"D:\매핑용( 단어 생성 비디오, 단어)\map_syn\datasets\morpheme\01\NIA_SL_WORD1521_REAL01_F_morpheme.json"
WORD1522,딸,ok,"D:\매핑용( 단어 생성 비디오, 단어)\map_syn\datasets\morpheme\01\NIA_SL_WORD1522_REAL01_F_morpheme.json"
WORD1523,유도,ok,"D:\매핑용( 단어 생성 비디오, 단어)\map_syn\datasets\morpheme\01\NIA_SL_WORD1523_REAL01_F_morpheme.json"
WORD1524,아내,ok,"D:\매핑용( 단어 생성 비디오, 단어)\map_syn\datasets\morpheme\01\NIA_SL_WORD1524_REAL01_F_morpheme.json"
WORD1525,마라톤,ok,"D:\매핑용( 단어 생성 비디오, 단어)\map_syn\datasets\morpheme\01\NIA_SL_WORD1525_REAL01_F_morpheme.json"
WORD1526,장녀,ok,"D:\매핑용( 단어 생성 비디오, 단어)\map_syn\datasets\morpheme\01\NIA_SL_WORD1526_REAL01_F_morpheme.json"
WORD1527,원한,ok,"D:\매핑용( 단어 생성 비디오, 단어)\map_syn\datasets\morpheme\01\NIA_SL_WORD1527_REAL01_F_morpheme.json"
WORD1528,엄마,ok,"D:\매핑용( 단어 생성 비디오, 단어)\map_syn\datasets\morpheme\01\NIA_SL_WORD1528_REAL01_F_morpheme.json"
WORD1529,썩다,ok,"D:\매핑용( 단어 생성 비디오, 단어)\map_syn\datasets\morpheme\01\NIA_SL_WORD1529_REAL01_F_morpheme.json"
WORD1530,바쁘다,ok,"D:\매핑용( 단어 생성 비디오, 단어)\map_syn\datasets\morpheme\01\NIA_SL_WORD1530_REAL01_F_morpheme.json"
WORD1531,남편,ok,"D:\매핑용( 단어 생성 비디오, 단어)\map_syn\datasets\morpheme\01\NIA_SL_WORD1531_REAL01_F_morpheme.json"
WORD1532,버릇,ok,"D:\매핑용( 단어 생성 비디오, 단어)\map_syn\datasets\morpheme\01\NIA_SL_WORD1532_REAL01_F_morpheme.json"
WORD1533,병,ok,"D:\매핑용( 단어 생성 비디오, 단어)\map_syn\datasets\morpheme\01\NIA_SL_WORD1533_REAL01_F_morpheme.json"
WORD1534,밥,ok,"D:\매핑용( 단어 생성 비디오, 단어)\map_syn\datasets\morpheme\01\NIA_SL_WORD1534_REAL01_F_morpheme.json"
WORD1535,부부,ok,"D:\매핑용( 단어 생성 비디오, 단어)\map_syn\datasets\morpheme\01\NIA_SL_WORD1535_REAL01_F_morpheme.json"
WORD1536,붓다,ok,"D:\매핑용( 단어 생성 비디오, 단어)\map_syn\datasets\morpheme\01\NIA_SL_WORD1536_REAL01_F_morpheme.json"
WORD1537,빗,ok,"D:\매핑용( 단어 생성 비디오, 단어)\map_syn\datasets\morpheme\01\NIA_SL_WORD1537_REAL01_F_morpheme.json"
WORD1538,죽다,ok,"D:\매핑용( 단어 생성 비디오, 단어)\map_syn\datasets\morpheme\01\NIA_SL_WORD1538_REAL01_F_morpheme.json"
WORD1539,사진기,ok,"D:\매핑용( 단어 생성 비디오, 단어)\map_syn\datasets\morpheme\01\NIA_SL_WORD1539_REAL01_F_morpheme.json"
WORD1540,생활,ok,"D:\매핑용( 단어 생성 비디오, 단어)\map_syn\datasets\morpheme\01\NIA_SL_WORD1540_REAL01_F_morpheme.json"
WORD1541,성공,ok,"D:\매핑용( 단어 생성 비디오, 단어)\map_syn\datasets\morpheme\01\NIA_SL_WORD1541_REAL01_F_morpheme.json"
WORD1542,자라다,ok,"D:\매핑용( 단어 생성 비디오, 단어)\map_syn\datasets\morpheme\01\NIA_SL_WORD1542_REAL01_F_morpheme.json"
WORD1543,세수,ok,"D:\매핑용( 단어 생성 비디오, 단어)\map_syn\datasets\morpheme\01\NIA_SL_WORD1543_REAL01_F_morpheme.json"
WORD1544,자다,ok,"D:\매핑용( 단어 생성 비디오, 단어)\map_syn\datasets\morpheme\01\NIA_SL_WORD1544_REAL01_F_morpheme.json"
WORD1545,수영,ok,"D:\매핑용( 단어 생성 비디오, 단어)\map_syn\datasets\morpheme\01\NIA_SL_WORD1545_REAL01_F_morpheme.json"
WORD1546,승부차기,ok,"D:\매핑용( 단어 생성 비디오, 단어)\map_syn\datasets\morpheme\01\NIA_SL_WORD1546_REAL01_F_morpheme.json"
WORD1547,시아버지,ok,"D:\매핑용( 단어 생성 비디오, 단어)\map_syn\datasets\morpheme\01\NIA_SL_WORD1547_REAL01_F_morpheme.json"
WORD1548,망신,ok,"D:\매핑용( 단어 생성 비디오, 단어)\map_syn\datasets\morpheme\01\NIA_SL_WORD1548_REAL01_F_morpheme.json"
WORD1549,시집,ok,"D:\매핑용( 단어 생성 비디오, 단어)\map_syn\datasets\morpheme\01\NIA_SL_WORD1549_REAL01_F_morpheme.json"
WORD1550,뚫다,ok,"D:\매핑용( 단어 생성 비디오, 단어)\map_syn\datasets\morpheme\01\NIA_SL_WORD1550_REAL01_F_morpheme.json"
WORD1551,면박,ok,"D:\매핑용( 단어 생성 비디오, 단어)\map_syn\datasets\morpheme\01\NIA_SL_WORD1551_REAL01_F_morpheme.json"
WORD1552,야구,ok,"D:\매핑용( 단어 생성 비디오, 단어)\map_syn\datasets\morpheme\01\NIA_SL_WORD1552_REAL01_F_morpheme.json"
WORD1553,똑똑하다,ok,"D:\매핑용( 단어 생성 비디오, 단어)\map_syn\datasets\morpheme\01\NIA_SL_WORD1553_REAL01_F_morpheme.json"
WORD1554,피곤,ok,"D:\매핑용( 단어 생성 비디오, 단어)\map_syn\datasets\morpheme\01\NIA_SL_WORD1554_REAL01_F_morpheme.json"
WORD1555,양치,ok,"D:\매핑용( 단어 생성 비디오, 단어)\map_syn\datasets\morpheme\01\NIA_SL_WORD1555_REAL01_F_morpheme.json"
WORD1556,오빠,ok,"D:\매핑용( 단어 생성 비디오, 단어)\map_syn\datasets\morpheme\01\NIA_SL_WORD1556_REAL01_F_morpheme.json"
WORD1557,출장,ok,"D:\매핑용( 단어 생성 비디오, 단어)\map_syn\datasets\morpheme\01\NIA_SL_WORD1557_REAL01_F_morpheme.json"
WORD1558,이사,ok,"D:\매핑용( 단어 생성 비디오, 단어)\map_syn\datasets\morpheme\01\NIA_SL_WORD1558_REAL01_F_morpheme.json"
WORD1559,들추어내다,ok,"D:\매핑용( 단어 생성 비디오, 단어)\map_syn\datasets\morpheme\01\NIA_SL_WORD1559_REAL01_F_morpheme.json"
WORD1560,아들딸,ok,"D:\매핑용( 단어 생성 비디오, 단어)\map_syn\datasets\morpheme\01\NIA_SL_WORD1560_REAL01_F_morpheme.json"
WORD1561,자살,ok,"D:\매핑용( 단어 생성 비디오, 단어)\map_syn\datasets\morpheme\01\NIA_SL_WORD1561_REAL01_F_morpheme.json"
WORD1562,8번째,ok,"D:\매핑용( 단어 생성 비디오, 단어)\map_syn\datasets\morpheme\01\NIA_SL_WORD1562_REAL01_F_morpheme.json"
WORD1563,맏형,ok,"D:\매핑용( 단어 생성 비디오, 단어)\map_syn\datasets\morpheme\01\NIA_SL_WORD1563_REAL01_F_morpheme.json"
WORD1564,테니스,ok,"D:\매핑용( 단어 생성 비디오, 단어)\map_syn\datasets\morpheme\01\NIA_SL_WORD1564_REAL01_F_morpheme.json"
WORD1565,할머니,ok,"D:\매핑용( 단어 생성 비디오, 단어)\map_syn\datasets\morpheme\01\NIA_SL_WORD1565_REAL01_F_morpheme.json"
WORD1566,할아버지,ok,"D:\매핑용( 단어 생성 비디오, 단어)\map_syn\datasets\morpheme\01\NIA_SL_WORD1566_REAL01_F_morpheme.json"
WORD1567,조상,ok,"D:\매핑용( 단어 생성 비디오, 단어)\map_syn\datasets\morpheme\01\NIA_SL_WORD1567_REAL01_F_morpheme.json"
WORD1568,조카,ok,"D:\매핑용( 단어 생성 비디오, 단어)\map_syn\datasets\morpheme\01\NIA_SL_WORD1568_REAL01_F_morpheme.json"
WORD1569,중독,ok,"D:\매핑용( 단어 생성 비디오, 단어)\map_syn\datasets\morpheme\01\NIA_SL_WORD1569_REAL01_F_morpheme.json"
WORD1570,연기,ok,"D:\매핑용( 단어 생성 비디오, 단어)\map_syn\datasets\morpheme\01\NIA_SL_WORD1570_REAL01_F_morpheme.json"
WORD1571,치매,ok,"D:\매핑용( 단어 생성 비디오, 단어)\map_syn\datasets\morpheme\01\NIA_SL_WORD1571_REAL01_F_morpheme.json"
WORD1572,탈,ok,"D:\매핑용( 단어 생성 비디오, 단어)\map_syn\datasets\morpheme\01\NIA_SL_WORD1572_REAL01_F_morpheme.json"
WORD1573,흩어지다,ok,"D:\매핑용( 단어 생성 비디오, 단어)\map_syn\datasets\morpheme\01\NIA_SL_WORD1573_REAL01_F_morpheme.json"
WORD1574,형,ok,"D:\매핑용( 단어 생성 비디오, 단어)\map_syn\datasets\morpheme\01\NIA_SL_WORD1574_REAL01_F_morpheme.json"
WORD1575,사별,ok,"D:\매핑용( 단어 생성 비디오, 단어)\map_syn\datasets\morpheme\01\NIA_SL_WORD1575_REAL01_F_morpheme.json"
WORD1576,환자,ok,"D:\매핑용( 단어 생성 비디오, 단어)\map_syn\datasets\morpheme\01\NIA_SL_WORD1576_REAL01_F_morpheme.json"
WORD1577,시작,ok,"D:\매핑용( 단어 생성 비디오, 단어)\map_syn\datasets\morpheme\01\NIA_SL_WORD1577_REAL01_F_morpheme.json"
WORD1578,밖,ok,"D:\매핑용( 단어 생성 비디오, 단어)\map_syn\datasets\morpheme\01\NIA_SL_WORD1578_REAL01_F_morpheme.json"
WORD1579,먹칠하다,ok,"D:\매핑용( 단어 생성 비디오, 단어)\map_syn\datasets\morpheme\01\NIA_SL_WORD1579_REAL01_F_morpheme.json"
WORD1580,견습,ok,"D:\매핑용( 단어 생성 비디오, 단어)\map_syn\datasets\morpheme\01\NIA_SL_WORD1580_REAL01_F_morpheme.json"
WORD1581,시험,ok,"D:\매핑용( 단어 생성 비디오, 단어)\map_syn\datasets\morpheme\01\NIA_SL_WORD1581_REAL01_F_morpheme.json"
WORD1582,고백,ok,"D:\매핑용( 단어 생성 비디오, 단어)\map_syn\datasets\morpheme\01\NIA_SL_WORD1582_REAL01_F_morpheme.json"
WORD1583,째려보다,ok,"D:\매핑용( 단어 생성 비디오, 단어)\map_syn\datasets\morpheme\01\NIA_SL_WORD1583_REAL01_F_morpheme.json"
WORD1584,관계,ok,"D:\매핑용( 단어 생성 비디오, 단어)\map_syn\datasets\morpheme\01\NIA_SL_WORD1584_REAL01_F_morpheme.json"
WORD1585,논란,ok,"D:\매핑용( 단어 생성 비디오, 단어)\map_syn\datasets\morpheme\01\NIA_SL_WORD1585_REAL01_F_morpheme.json"
WORD1586,교제,ok,"D:\매핑용( 단어 생성 비디오, 단어)\map_syn\datasets\morpheme\01\NIA_SL_WORD1586_REAL01_F_morpheme.json"
WORD1587,구걸,ok,"D:\매핑용( 단어 생성 비디오, 단어)\map_syn\datasets\morpheme\01\NIA_SL_WORD1587_REAL01_F_morpheme.json"
WORD1588,구조,ok,"D:\매핑용( 단어 생성 비디오, 단어)\map_syn\datasets\morpheme\01\NIA_SL_WORD1588_REAL01_F_morpheme.json"
WORD1589,부탁,ok,"D:\매핑용( 단어 생성 비디오, 단어)\map_syn\datasets\morpheme\01\NIA_SL_WORD1589_REAL01_F_morpheme.json"
WORD1590,글,ok,"D:\매핑용( 단어 생성 비디오, 단어)\map_syn\datasets\morpheme\01\NIA_SL_WORD1590_REAL01_F_morpheme.json"
WORD1591,대기,ok,"D:\매핑용( 단어 생성 비디오, 단어)\map_syn\datasets\morpheme\01\NIA_SL_WORD1591_REAL01_F_morpheme.json"
WORD1592,회사,ok,"D:\매핑용( 단어 생성 비디오, 단어)\map_syn\datasets\morpheme\01\NIA_SL_WORD1592_REAL01_F_morpheme.json"
WORD1593,기차,ok,"D:\매핑용( 단어 생성 비디오, 단어)\map_syn\datasets\morpheme\01\NIA_SL_WORD1593_REAL01_F_morpheme.json"
WORD1594,거슬리다,ok,"D:\매핑용( 단어 생성 비디오, 단어)\map_syn\datasets\morpheme\01\NIA_SL_WORD1594_REAL01_F_morpheme.json"
WORD1595,단어,ok,"D:\매핑용( 단어 생성 비디오, 단어)\map_syn\datasets\morpheme\01\NIA_SL_WORD1595_REAL01_F_morpheme.json"
WORD1596,심부름,ok,"D:\매핑용( 단어 생성 비디오, 단어)\map_syn\datasets\morpheme\01\NIA_SL_WORD1596_REAL01_F_morpheme.json"
WORD1597,상담,ok,"D:\매핑용( 단어 생성 비디오, 단어)\map_syn\datasets\morpheme\01\NIA_SL_WORD1597_REAL01_F_morpheme.json"
WORD1598,뻔뻔,ok,"D:\매핑용( 단어 생성 비디오, 단어)\map_syn\datasets\morpheme\01\NIA_SL_WORD1598_REAL01_F_morpheme.json"
WORD1599,다리,ok,"D:\매핑용( 단어 생성 비디오, 단어)\map_syn\datasets\morpheme\01\NIA_SL_WORD1599_REAL01_F_morpheme.json"
WORD1600,창피하다,ok,"D:\매핑용( 단어 생성 비디오, 단어)\map_syn\datasets\morpheme\01\NIA_SL_WORD1600_REAL01_F_morpheme.json"
WORD1601,달서구주민지원센터,ok,"D:\매핑용( 단어 생성 비디오, 단어)\map_syn\datasets\morpheme\01\NIA_SL_WORD1601_REAL01_F_morpheme.json"
WORD1602,동구지부,ok,"D:\매핑용( 단어 생성 비디오, 단어)\map_syn\datasets\morpheme\01\NIA_SL_WORD1602_REAL01_F_morpheme.json"
WORD1603,동구수어통역센터,ok,"D:\매핑용( 단어 생성 비디오, 단어)\map_syn\datasets\morpheme\01\NIA_SL_WORD1603_REAL01_F_morpheme.json"
WORD1604,동구주민지원센터,ok,"D:\매핑용( 단어 생성 비디오, 단어)\map_syn\datasets\morpheme\01\NIA_SL_WORD1604_REAL01_F_morpheme.json"
WORD1605,수성구지부,ok,"D:\매핑용( 단어 생성 비디오, 단어)\map_syn\datasets\morpheme\01\NIA_SL_WORD1605_REAL01_F_morpheme.json"
WORD1606,수성구수어통역센터,ok,"D:\매핑용( 단어 생성 비디오, 단어)\map_syn\datasets\morpheme\01\NIA_SL_WORD1606_REAL01_F_morpheme.json"
WORD1607,수성구주민지원센터,ok,"D:\매핑용( 단어 생성 비디오, 단어)\map_syn\datasets\morpheme\01\NIA_SL_WORD1607_REAL01_F_morpheme.json"
WORD1608,인천광역시농아인협회,ok,"D:\매핑용( 단어 생성 비디오, 단어)\map_syn\datasets\morpheme\01\NIA_SL_WORD1608_REAL01_F_morpheme.json"
WORD1609,강화군지부,ok,"D:\매핑용( 단어 생성 비디오, 단어)\map_syn\datasets\morpheme\01\NIA_SL_WORD1609_REAL01_F_morpheme.json"
WORD1610,강화군수어통역센터,ok,"D:\매핑용( 단어 생성 비디오, 단어)\map_syn\datasets\morpheme\01\NIA_SL_WORD1610_REAL01_F_morpheme.json"
WORD1611,강화군주민지원센터,ok,"D:\매핑용( 단어 생성 비디오, 단어)\map_syn\datasets\morpheme\01\NIA_SL_WORD1611_REAL01_F_morpheme.json"
WORD1612,연수구지부,ok,"D:\매핑용( 단어 생성 비디오, 단어)\map_syn\datasets\morpheme\01\NIA_SL_WORD1612_REAL01_F_morpheme.json"
WORD1613,연수구수어통역센터,ok,"D:\매핑용( 단어 생성 비디오, 단어)\map_syn\datasets\morpheme\01\NIA_SL_WORD1613_REAL01_F_morpheme.json"
WORD1614,연수구주민지원센터,ok,"D:\매핑용( 단어 생성 비디오, 단어)\map_syn\datasets\morpheme\01\NIA_SL_WORD1614_REAL01_F_morpheme.json"
WORD1615,대전농아인협회,ok,"D:\매핑용( 단어 생성 비디오, 단어)\map_syn\datasets\morpheme\01\NIA_SL_WORD1615_REAL01_F_morpheme.json"
WORD1616,대덕구지부,ok,"D:\매핑용( 단어 생성 비디오, 단어)\map_syn\datasets\morpheme\01\NIA_SL_WORD1616_REAL01_F_morpheme.json"
WORD1617,대덕수어통역센터,ok,"D:\매핑용( 단어 생성 비디오, 단어)\map_syn\datasets\morpheme\01\NIA_SL_WORD1617_REAL01_F_morpheme.json"
WORD1618,대덕구주민지원센터,ok,"D:\매핑용( 단어 생성 비디오, 단어)\map_syn\datasets\morpheme\01\NIA_SL_WORD1618_REAL01_F_morpheme.json"
WORD1619,서구지부,ok,"D:\매핑용( 단어 생성 비디오, 단어)\map_syn\datasets\morpheme\01\NIA_SL_WORD1619_REAL01_F_morpheme.json"
WORD1620,서구수어통역센터,ok,"D:\매핑용( 단어 생성 비디오, 단어)\map_syn\datasets\morpheme\01\NIA_SL_WORD1620_REAL01_F_morpheme.json"
WORD1621,서구주민지원센터,ok,"D:\매핑용( 단어 생성 비디오, 단어)\map_syn\datasets\morpheme\01\NIA_SL_WORD1621_REAL01_F_morpheme.json"
WORD1622,유성구지부,ok,"D:\매핑용( 단어 생성 비디오, 단어)\map_syn\datasets\morpheme\01\NIA_SL_WORD1622_REAL01_F_morpheme.json"
WORD1623,유성구수어통역센터,ok,"D:\매핑용( 단어 생성 비디오, 단어)\map_syn\datasets\morpheme\01\NIA_SL_WORD1623_REAL01_F_morpheme.json"
WORD1624,유성구주민지원센터,ok,"D:\매핑용( 단어 생성 비디오, 단어)\map_syn\datasets\morpheme\01\NIA_SL_WORD1624_REAL01_F_morpheme.json"
WORD1625,중구지부,ok,"D:\매핑용( 단어 생성 비디오, 단어)\map_syn\datasets\morpheme\01\NIA_SL_WORD1625_REAL01_F_morpheme.json"
WORD1626,중구수어통역센터,ok,"D:\매핑용( 단어 생성 비디오, 단어)\map_syn\datasets\morpheme\01\NIA_SL_WORD1626_REAL01_F_morpheme.json"
WORD1627,중구주민지원센터,ok,"D:\매핑용( 단어 생성 비디오, 단어)\map_syn\datasets\morpheme\01\NIA_SL_WORD1627_REAL01_F_morpheme.json"
WORD1628,광주광역시농아인협회,ok,"D:\매핑용( 단어 생성 비디오, 단어)\map_syn\datasets\morpheme\01\NIA_SL_WORD1628_REAL01_F_morpheme.json"
WORD1629,광산구지부,ok,"D:\매핑용( 단어 생성 비디오, 단어)\map_syn\datasets\morpheme\01\NIA_SL_WORD1629_REAL01_F_morpheme.json"
WORD1630,광산구수어통역센터,ok,"D:\매핑용( 단어 생성 비디오, 단어)\map_syn\datasets\morpheme\01\NIA_SL_WORD1630_REAL01_F_morpheme.json"
WORD1631,광산구주민지원센터,ok,"D:\매핑용( 단어 생성 비디오, 단어)\map_syn\datasets\morpheme\01\NIA_SL_WORD1631_REAL01_F_morpheme.json"
WORD1632,남구지부,ok,"D:\매핑용( 단어 생성 비디오, 단어)\map_syn\datasets\morpheme\01\NIA_SL_WORD1632_REAL01_F_morpheme.json"
WORD1633,남구수어통역센터,ok,"D:\매핑용( 단어 생성 비디오, 단어)\map_syn\datasets\morpheme\01\NIA_SL_WORD1633_REAL01_F_morpheme.json"
WORD1634,남구주민지원센터,ok,"D:\매핑용( 단어 생성 비디오, 단어)\map_syn\datasets\morpheme\01\NIA_SL_WORD1634_REAL01_F_morpheme.json"
WORD1635,관계없다,ok,"D:\매핑용( 단어 생성 비디오, 단어)\map_syn\datasets\morpheme\01\NIA_SL_WORD1635_REAL01_F_morpheme.json"
WORD1636,상관없다,ok,"D:\매핑용( 단어 생성 비디오, 단어)\map_syn\datasets\morpheme\01\NIA_SL_WORD1636_REAL01_F_morpheme.json"
WORD1637,없다,ok,"D:\매핑용( 단어 생성 비디오, 단어)\map_syn\datasets\morpheme\01\NIA_SL_WORD1637_REAL01_F_morpheme.json"
WORD1638,울산광역시농아인협회,ok,"D:\매핑용( 단어 생성 비디오, 단어)\map_syn\datasets\morpheme\01\NIA_SL_WORD1638_REAL01_F_morpheme.json"
WORD1639,세종특별자치시농아인협회,ok,"D:\매핑용( 단어 생성 비디오, 단어)\map_syn\datasets\morpheme\01\NIA_SL_WORD1639_REAL01_F_morpheme.json"
WORD1640,경기농아인협회,ok,"D:\매핑용( 단어 생성 비디오, 단어)\map_syn\datasets\morpheme\01\NIA_SL_WORD1640_REAL01_F_morpheme.json"
WORD1641,가평군지부,ok,"D:\매핑용( 단어 생성 비디오, 단어)\map_syn\datasets\morpheme\01\NIA_SL_WORD1641_REAL01_F_morpheme.json"
WORD1642,가평군수어통역센터,ok,"D:\매핑용( 단어 생성 비디오, 단어)\map_syn\datasets\morpheme\01\NIA_SL_WORD1642_REAL01_F_morpheme.json"
WORD1643,가평군주민지원센터,ok,"D:\매핑용( 단어 생성 비디오, 단어)\map_syn\datasets\morpheme\01\NIA_SL_WORD1643_REAL01_F_morpheme.json"
WORD1644,고양시지부,ok,"D:\매핑용( 단어 생성 비디오, 단어)\map_syn\datasets\morpheme\01\NIA_SL_WORD1644_REAL01_F_morpheme.json"
WORD1645,고양시수어통역센터,ok,"D:\매핑용( 단어 생성 비디오, 단어)\map_syn\datasets\morpheme\01\NIA_SL_WORD1645_REAL01_F_morpheme.json"
WORD1646,고양시청,ok,"D:\매핑용( 단어 생성 비디오, 단어)\map_syn\datasets\morpheme\01\NIA_SL_WORD1646_REAL01_F_morpheme.json"
WORD1647,과천시지부,ok,"D:\매핑용( 단어 생성 비디오, 단어)\map_syn\datasets\morpheme\01\NIA_SL_WORD1647_REAL01_F_morpheme.json"
WORD1648,과천시수어통역센터,ok,"D:\매핑용( 단어 생성 비디오, 단어)\map_syn\datasets\morpheme\01\NIA_SL_WORD1648_REAL01_F_morpheme.json"
WORD1649,과천시청,ok,"D:\매핑용( 단어 생성 비디오, 단어)\map_syn\datasets\morpheme\01\NIA_SL_WORD1649_REAL01_F_morpheme.json"
WORD1650,광명시지부,ok,"D:\매핑용( 단어 생성 비디오, 단어)\map_syn\datasets\morpheme\01\NIA_SL_WORD1650_REAL01_F_morpheme.json"
WORD1651,광명시수어통역센터,ok,"D:\매핑용( 단어 생성 비디오, 단어)\map_syn\datasets\morpheme\01\NIA_SL_WORD1651_REAL01_F_morpheme.json"
WORD1652,광명시청,ok,"D:\매핑용( 단어 생성 비디오, 단어)\map_syn\datasets\morpheme\01\NIA_SL_WORD1652_REAL01_F_morpheme.json"
WORD1653,광주시지부,ok,"D:\매핑용( 단어 생성 비디오, 단어)\map_syn\datasets\morpheme\01\NIA_SL_WORD1653_REAL01_F_morpheme.json"
WORD1654,광주시수어통역센터,ok,"D:\매핑용( 단어 생성 비디오, 단어)\map_syn\datasets\morpheme\01\NIA_SL_WORD1654_REAL01_F_morpheme.json"
WORD1655,광주시청,ok,"D:\매핑용( 단어 생성 비디오, 단어)\map_syn\datasets\morpheme\01\NIA_SL_WORD1655_REAL01_F_morpheme.json"
WORD1656,구리시지부,ok,"D:\매핑용( 단어 생성 비디오, 단어)\map_syn\datasets\morpheme\01\NIA_SL_WORD1656_REAL01_F_morpheme.json"
WORD1657,구리시수어통역센터,ok,"D:\매핑용( 단어 생성 비디오, 단어)\map_syn\datasets\morpheme\01\NIA_SL_WORD1657_REAL01_F_morpheme.json"
WORD1658,구리시청,ok,"D:\매핑용( 단어 생성 비디오, 단어)\map_syn\datasets\morpheme\01\NIA_SL_WORD1658_REAL01_F_morpheme.json"
WORD1659,군포시지부,ok,"D:\매핑용( 단어 생성 비디오, 단어)\map_syn\datasets\morpheme\01\NIA_SL_WORD1659_REAL01_F_morpheme.json"
WORD1660,군포시수어통역센터,ok,"D:\매핑용( 단어 생성 비디오, 단어)\map_syn\datasets\morpheme\01\NIA_SL_WORD1660_REAL01_F_morpheme.json"
WORD1661,군포시청,ok,"D:\매핑용( 단어 생성 비디오, 단어)\map_syn\datasets\morpheme\01\NIA_SL_WORD1661_REAL01_F_morpheme.json"
WORD1662,김포시지부,ok,"D:\매핑용( 단어 생성 비디오, 단어)\map_syn\datasets\morpheme\01\NIA_SL_WORD1662_REAL01_F_morpheme.json"
WORD1663,김포시수어통역센터,ok,"D:\매핑용( 단어 생성 비디오, 단어)\map_syn\datasets\morpheme\01\NIA_SL_WORD1663_REAL01_F_morpheme.json"
WORD1664,김포시청,ok,"D:\매핑용( 단어 생성 비디오, 단어)\map_syn\datasets\morpheme\01\NIA_SL_WORD1664_REAL01_F_morpheme.json"
WORD1665,남양주시지부,ok,"D:\매핑용( 단어 생성 비디오, 단어)\map_syn\datasets\morpheme\01\NIA_SL_WORD1665_REAL01_F_morpheme.json"
WORD1666,남양주시수어통역센터,ok,"D:\매핑용( 단어 생성 비디오, 단어)\map_syn\datasets\morpheme\01\NIA_SL_WORD1666_REAL01_F_morpheme.json"
WORD1667,남양주시청,ok,"D:\매핑용( 단어 생성 비디오, 단어)\map_syn\datasets\morpheme\01\NIA_SL_WORD1667_REAL01_F_morpheme.json"
WORD1668,동두천시지부,ok,"D:\매핑용( 단어 생성 비디오, 단어)\map_syn\datasets\morpheme\01\NIA_SL_WORD1668_REAL01_F_morpheme.json"
WORD1669,동두천시수어통역센터,ok,"D:\매핑용( 단어 생성 비디오, 단어)\map_syn\datasets\morpheme\01\NIA_SL_WORD1669_REAL01_F_morpheme.json"
WORD1670,동두천시청,ok,"D:\매핑용( 단어 생성 비디오, 단어)\map_syn\datasets\morpheme\01\NIA_SL_WORD1670_REAL01_F_morpheme.json"
WORD1671,부천시지부,ok,"D:\매핑용( 단어 생성 비디오, 단어)\map_syn\datasets\morpheme\01\NIA_SL_WORD1671_REAL01_F_morpheme.json"
WORD1672,부천시수어통역센터,ok,"D:\매핑용( 단어 생성 비디오, 단어)\map_syn\datasets\morpheme\01\NIA_SL_WORD1672_REAL01_F_morpheme.json"
WORD1673,부천시청,ok,"D:\매핑용( 단어 생성 비디오, 단어)\map_syn\datasets\morpheme\01\NIA_SL_WORD1673_REAL01_F_morpheme.json"
WORD1674,성남시지부,ok,"D:\매핑용( 단어 생성 비디오, 단어)\map_syn\datasets\morpheme\01\NIA_SL_WORD1674_REAL01_F_morpheme.json"
WORD1675,성남시수어통역센터,ok,"D:\매핑용( 단어 생성 비디오, 단어)\map_syn\datasets\morpheme\01\NIA_SL_WORD1675_REAL01_F_morpheme.json"
WORD1676,성남시청,ok,"D:\매핑용( 단어 생성 비디오, 단어)\map_syn\datasets\morpheme\01\NIA_SL_WORD1676_REAL01_F_morpheme.json"
WORD1677,안성시지부,ok,"D:\매핑용( 단어 생성 비디오, 단어)\map_syn\datasets\morpheme\01\NIA_SL_WORD1677_REAL01_F_morpheme.json"
WORD1678,안성시수어통역센터,ok,"D:\매핑용( 단어 생성 비디오, 단어)\map_syn\datasets\morpheme\01\NIA_SL_WORD1678_REAL01_F_morpheme.json"
WORD1679,안성시청,ok,"D:\매핑용( 단어 생성 비디오, 단어)\map_syn\datasets\morpheme\01\NIA_SL_WORD1679_REAL01_F_morpheme.json"
WORD1680,안양시지부,ok,"D:\매핑용( 단어 생성 비디오, 단어)\map_syn\datasets\morpheme\01\NIA_SL_WORD1680_REAL01_F_morpheme.json"
WORD1681,안양시수어통역센터,ok,"D:\매핑용( 단어 생성 비디오, 단어)\map_syn\datasets\morpheme\01\NIA_SL_WORD1681_REAL01_F_morpheme.json"
WORD1682,안양시청,ok,"D:\매핑용( 단어 생성 비디오, 단어)\map_syn\datasets\morpheme\01\NIA_SL_WORD1682_REAL01_F_morpheme.json"
WORD1683,양주시지부,ok,"D:\매핑용( 단어 생성 비디오, 단어)\map_syn\datasets\morpheme\01\NIA_SL_WORD1683_REAL01_F_morpheme.json"
WORD1684,양주시수어통역센터,ok,"D:\매핑용( 단어 생성 비디오, 단어)\map_syn\datasets\morpheme\01\NIA_SL_WORD1684_REAL01_F_morpheme.json"
WORD1685,양주시청,ok,"D:\매핑용( 단어 생성 비디오, 단어)\map_syn\datasets\morpheme\01\NIA_SL_WORD1685_REAL01_F_morpheme.json"
WORD1686,양평군지부,ok,"D:\매핑용( 단어 생성 비디오, 단어)\map_syn\datasets\morpheme\01\NIA_SL_WORD1686_REAL01_F_morpheme.json"
WORD1687,양평군수어통역센터,ok,"D:\매핑용( 단어 생성 비디오, 단어)\map_syn\datasets\morpheme\01\NIA_SL_WORD1687_REAL01_F_morpheme.json"
WORD1688,양평군주민지원센터,ok,"D:\매핑용( 단어 생성 비디오, 단어)\map_syn\datasets\morpheme\01\NIA_SL_WORD1688_REAL01_F_morpheme.json"
WORD1689,여주시지부,ok,"D:\매핑용( 단어 생성 비디오, 단어)\map_syn\datasets\morpheme\01\NIA_SL_WORD1689_REAL01_F_morpheme.json"
WORD1690,여주시수어통역센터,ok,"D:\매핑용( 단어 생성 비디오, 단어)\map_syn\datasets\morpheme\01\NIA_SL_WORD1690_REAL01_F_morpheme.json"
WORD1691,여주시청,ok,"D:\매핑용( 단어 생성 비디오, 단어)\map_syn\datasets\morpheme\01\NIA_SL_WORD1691_REAL01_F_morpheme.json"
WORD1692,연천군지부,ok,"D:\매핑용( 단어 생성 비디오, 단어)\map_syn\datasets\morpheme\01\NIA_SL_WORD1692_REAL01_F_morpheme.json"
WORD1693,연천군수어통역센터,ok,"D:\매핑용( 단어 생성 비디오, 단어)\map_syn\datasets\morpheme\01\NIA_SL_WORD1693_REAL01_F_morpheme.json"
WORD1694,연천군주민지원센터,ok,"D:\매핑용( 단어 생성 비디오, 단어)\map_syn\datasets\morpheme\01\NIA_SL_WORD1694_REAL01_F_morpheme.json"
WORD1695,오산시지부,ok,"D:\매핑용( 단어 생성 비디오, 단어)\map_syn\datasets\morpheme\01\NIA_SL_WORD1695_REAL01_F_morpheme.json"
WORD1696,오산시수어통역센터,ok,"D:\매핑용( 단어 생성 비디오, 단어)\map_syn\datasets\morpheme\01\NIA_SL_WORD1696_REAL01_F_morpheme.json"
WORD1697,오산시시청,ok,"D:\매핑용( 단어 생성 비디오, 단어)\map_syn\datasets\morpheme\01\NIA_SL_WORD1697_REAL01_F_morpheme.json"
WORD1698,용인시지부,ok,"D:\매핑용( 단어 생성 비디오, 단어)\map_syn\datasets\morpheme\01\NIA_SL_WORD1698_REAL01_F_morpheme.json"
WORD1699,용인시수어통역센터,ok,"D:\매핑용( 단어 생성 비디오, 단어)\map_syn\datasets\morpheme\01\NIA_SL_WORD1699_REAL01_F_morpheme.json"
WORD1700,용인시청,ok,"D:\매핑용( 단어 생성 비디오, 단어)\map_syn\datasets\morpheme\01\NIA_SL_WORD1700_REAL01_F_morpheme.json"
WORD1701,의왕시지부,ok,"D:\매핑용( 단어 생성 비디오, 단어)\map_syn\datasets\morpheme\01\NIA_SL_WORD1701_REAL01_F_morpheme.json"
WORD1702,의왕시수어통역센터,ok,"D:\매핑용( 단어 생성 비디오, 단어)\map_syn\datasets\morpheme\01\NIA_SL_WORD1702_REAL01_F_morpheme.json"
WORD1703,의왕시청,ok,"D:\매핑용( 단어 생성 비디오, 단어)\map_syn\datasets\morpheme\01\NIA_SL_WORD1703_REAL01_F_morpheme.json"
WORD1704,의정부시지부,ok,"D:\매핑용( 단어 생성 비디오, 단어)\map_syn\datasets\morpheme\01\NIA_SL_WORD1704_REAL01_F_morpheme.json"
WORD1705,의정부시수어통역센터,ok,"D:\매핑용( 단어 생성 비디오, 단어)\map_syn\datasets\morpheme\01\NIA_SL_WORD1705_REAL01_F_morpheme.json"
WORD1706,의정부시청,ok,"D:\매핑용( 단어 생성 비디오, 단어)\map_syn\datasets\morpheme\01\NIA_SL_WORD1706_REAL01_F_morpheme.json"
WORD1707,이천시지부,ok,"D:\매핑용( 단어 생성 비디오, 단어)\map_syn\datasets\morpheme\01\NIA_SL_WORD1707_REAL01_F_morpheme.json"
WORD1708,이천시수어통역센터,ok,"D:\매핑용( 단어 생성 비디오, 단어)\map_syn\datasets\morpheme\01\NIA_SL_WORD1708_REAL01_F_morpheme.json"
WORD1709,이천시청,ok,"D:\매핑용( 단어 생성 비디오, 단어)\map_syn\datasets\morpheme\01\NIA_SL_WORD1709_REAL01_F_morpheme.json"
WORD1710,파주시지부,ok,"D:\매핑용( 단어 생성 비디오, 단어)\map_syn\datasets\morpheme\01\NIA_SL_WORD1710_REAL01_F_morpheme.json"
WORD1711,파주시수어통역센터,ok,"D:\매핑용( 단어 생성 비디오, 단어)\map_syn\datasets\morpheme\01\NIA_SL_WORD1711_REAL01_F_morpheme.json"
WORD1712,파주시청,ok,"D:\매핑용( 단어 생성 비디오, 단어)\map_syn\datasets\morpheme\01\NIA_SL_WORD1712_REAL01_F_morpheme.json"
WORD1713,평택시지부,ok,"D:\매핑용( 단어 생성 비디오, 단어)\map_syn\datasets\morpheme\01\NIA_SL_WORD1713_REAL01_F_morpheme.json"
WORD1714,평택시수어통역센터,ok,"D:\매핑용( 단어 생성 비디오, 단어)\map_syn\datasets\morpheme\01\NIA_SL_WORD1714_REAL01_F_morpheme.json"
WORD1715,평택시청,ok,"D:\매핑용( 단어 생성 비디오, 단어)\map_syn\datasets\morpheme\01\NIA_SL_WORD1715_REAL01_F_morpheme.json"
WORD1716,포천시지부,ok,"D:\매핑용( 단어 생성 비디오, 단어)\map_syn\datasets\morpheme\01\NIA_SL_WORD1716_REAL01_F_morpheme.json"
WORD1717,포천시수어통역센터,ok,"D:\매핑용( 단어 생성 비디오, 단어)\map_syn\datasets\morpheme\01\NIA_SL_WORD1717_REAL01_F_morpheme.json"
WORD1718,포천시청,ok,"D:\매핑용( 단어 생성 비디오, 단어)\map_syn\datasets\morpheme\01\NIA_SL_WORD1718_REAL01_F_morpheme.json"
WORD1719,하남시지부,ok,"D:\매핑용( 단어 생성 비디오, 단어)\map_syn\datasets\morpheme\01\NIA_SL_WORD1719_REAL01_F_morpheme.json"
WORD1720,하남시수어통역센터,ok,"D:\매핑용( 단어 생성 비디오, 단어)\map_syn\datasets\morpheme\01\NIA_SL_WORD1720_REAL01_F_morpheme.json"
WORD1721,하남시청,ok,"D:\매핑용( 단어 생성 비디오, 단어)\map_syn\datasets\morpheme\01\NIA_SL_WORD1721_REAL01_F_morpheme.json"
WORD1722,화성시지부,ok,"D:\매핑용( 단어 생성 비디오, 단어)\map_syn\datasets\morpheme\01\NIA_SL_WORD1722_REAL01_F_morpheme.json"
WORD1723,화성시수어통역센터,ok,"D:\매핑용( 단어 생성 비디오, 단어)\map_syn\datasets\morpheme\01\NIA_SL_WORD1723_REAL01_F_morpheme.json"
WORD1724,화성시청,ok,"D:\매핑용( 단어 생성 비디오, 단어)\map_syn\datasets\morpheme\01\NIA_SL_WORD1724_REAL01_F_morpheme.json"
WORD1725,강원도농아인협회,ok,"D:\매핑용( 단어 생성 비디오, 단어)\map_syn\datasets\morpheme\01\NIA_SL_WORD1725_REAL01_F_morpheme.json"
WORD1726,강릉시지부,ok,"D:\매핑용( 단어 생성 비디오, 단어)\map_syn\datasets\morpheme\01\NIA_SL_WORD1726_REAL01_F_morpheme.json"
WORD1727,강릉시수어통역센터,ok,"D:\매핑용( 단어 생성 비디오, 단어)\map_syn\datasets\morpheme\01\NIA_SL_WORD1727_REAL01_F_morpheme.json"
WORD1728,강릉시청,ok,"D:\매핑용( 단어 생성 비디오, 단어)\map_syn\datasets\morpheme\01\NIA_SL_WORD1728_REAL01_F_morpheme.json"
WORD1729,고성지부,ok,"D:\매핑용( 단어 생성 비디오, 단어)\map_syn\datasets\morpheme\01\NIA_SL_WORD1729_REAL01_F_morpheme.json"
WORD1730,고성시수어통역센터,ok,"D:\매핑용( 단어 생성 비디오, 단어)\map_syn\datasets\morpheme\01\NIA_SL_WORD1730_REAL01_F_morpheme.json"
WORD1731,재미없다,ok,"D:\매핑용( 단어 생성 비디오, 단어)\map_syn\datasets\morpheme\01\NIA_SL_WORD1731_REAL01_F_morpheme.json"
WORD1732,동해시지부,ok,"D:\매핑용( 단어 생성 비디오, 단어)\map_syn\datasets\morpheme\01\NIA_SL_WORD1732_REAL01_F_morpheme.json"
WORD1733,동해시수어통역센터,ok,"D:\매핑용( 단어 생성 비디오, 단어)\map_syn\datasets\morpheme\01\NIA_SL_WORD1733_REAL01_F_morpheme.json"
WORD1734,동해시청,ok,"D:\매핑용( 단어 생성 비디오, 단어)\map_syn\datasets\morpheme\01\NIA_SL_WORD1734_REAL01_F_morpheme.json"
WORD1735,삼척시지부,ok,"D:\매핑용( 단어 생성 비디오, 단어)\map_syn\datasets\morpheme\01\NIA_SL_WORD1735_REAL01_F_morpheme.json"
WORD1736,삼척시수어통역센터,ok,"D:\매핑용( 단어 생성 비디오, 단어)\map_syn\datasets\morpheme\01\NIA_SL_WORD1736_REAL01_F_morpheme.json"
WORD1737,삼척시청,ok,"D:\매핑용( 단어 생성 비디오, 단어)\map_syn\datasets\morpheme\01\NIA_SL_WORD1737_REAL01_F_morpheme.json"
WORD1738,속초시지부,ok,"D:\매핑용( 단어 생성 비디오, 단어)\map_syn\datasets\morpheme\01\NIA_SL_WORD1738_REAL01_F_morpheme.json"
WORD1739,속초시수어통역센터,ok,"D:\매핑용( 단어 생성 비디오, 단어)\map_syn\datasets\morpheme\01\NIA_SL_WORD1739_REAL01_F_morpheme.json"
WORD1740,속초시청,ok,"D:\매핑용( 단어 생성 비디오, 단어)\map_syn\datasets\morpheme\01\NIA_SL_WORD1740_REAL01_F_morpheme.json"
WORD1741,양양군지부,ok,"D:\매핑용( 단어 생성 비디오, 단어)\map_syn\datasets\morpheme\01\NIA_SL_WORD1741_REAL01_F_morpheme.json"
WORD1742,양양군수어통역센터,ok,"D:\매핑용( 단어 생성 비디오, 단어)\map_syn\datasets\morpheme\01\NIA_SL_WORD1742_REAL01_F_morpheme.json"
WORD1743,양양군주민지원센터,ok,"D:\매핑용( 단어 생성 비디오, 단어)\map_syn\datasets\morpheme\01\NIA_SL_WORD1743_REAL01_F_morpheme.json"
WORD1744,영월군지부,ok,"D:\매핑용( 단어 생성 비디오, 단어)\map_syn\datasets\morpheme\01\NIA_SL_WORD1744_REAL01_F_morpheme.json"
WORD1745,영월군수어통역센터,ok,"D:\매핑용( 단어 생성 비디오, 단어)\map_syn\datasets\morpheme\01\NIA_SL_WORD1745_REAL01_F_morpheme.json"
WORD1746,영월군주민지원센터,ok,"D:\매핑용( 단어 생성 비디오, 단어)\map_syn\datasets\morpheme\01\NIA_SL_WORD1746_REAL01_F_morpheme.json"
WORD1747,원주시지부,ok,"D:\매핑용( 단어 생성 비디오, 단어)\map_syn\datasets\morpheme\01\NIA_SL_WORD1747_REAL01_F_morpheme.json"
WORD1748,원주시수어통역센터,ok,"D:\매핑용( 단어 생성 비디오, 단어)\map_syn\datasets\morpheme\01\NIA_SL_WORD1748_REAL01_F_morpheme.json"
WORD1749,원주시청,ok,"D:\매핑용( 단어 생성 비디오, 단어)\map_syn\datasets\morpheme\01\NIA_SL_WORD1749_REAL01_F_morpheme.json"
WORD1750,비다,ok,"D:\매핑용( 단어 생성 비디오, 단어)\map_syn\datasets\morpheme\01\NIA_SL_WORD1750_REAL01_F_morpheme.json"
WORD1751,솜씨없다,ok,"D:\매핑용( 단어 생성 비디오, 단어)\map_syn\datasets\morpheme\01\NIA_SL_WORD1751_REAL01_F_morpheme.json"
WORD1752,무소유,ok,"D:\매핑용( 단어 생성 비디오, 단어)\map_syn\datasets\morpheme\01\NIA_SL_WORD1752_REAL01_F_morpheme.json"
WORD1753,철원군지부,ok,"D:\매핑용( 단어 생성 비디오, 단어)\map_syn\datasets\morpheme\01\NIA_SL_WORD1753_REAL01_F_morpheme.json"
WORD1754,철원군수어통역센터,ok,"D:\매핑용( 단어 생성 비디오, 단어)\map_syn\datasets\morpheme\01\NIA_SL_WORD1754_REAL01_F_morpheme.json"
WORD1755,철원군주민지원센터,ok,"D:\매핑용( 단어 생성 비디오, 단어)\map_syn\datasets\morpheme\01\NIA_SL_WORD1755_REAL01_F_morpheme.json"
WORD1756,춘천시지부,ok,"D:\매핑용( 단어 생성 비디오, 단어)\map_syn\datasets\morpheme\01\NIA_SL_WORD1756_REAL01_F_morpheme.json"
WORD1757,춘천시수어통역센터,ok,"D:\매핑용( 단어 생성 비디오, 단어)\map_syn\datasets\morpheme\01\NIA_SL_WORD1757_REAL01_F_morpheme.json"
WORD1758,춘천시청,ok,"D:\매핑용( 단어 생성 비디오, 단어)\map_syn\datasets\morpheme\01\NIA_SL_WORD1758_REAL01_F_morpheme.json"
WORD1759,더디다,ok,"D:\매핑용( 단어 생성 비디오, 단어)\map_syn\datasets\morpheme\01\NIA_SL_WORD1759_REAL01_F_morpheme.json"
WORD1760,한눈팔다,ok,"D:\매핑용( 단어 생성 비디오, 단어)\map_syn\datasets\morpheme\01\NIA_SL_WORD1760_REAL01_F_morpheme.json"
WORD1761,건성,ok,"D:\매핑용( 단어 생성 비디오, 단어)\map_syn\datasets\morpheme\01\NIA_SL_WORD1761_REAL01_F_morpheme.json"
WORD1762,평창지부,ok,"D:\매핑용( 단어 생성 비디오, 단어)\map_syn\datasets\morpheme\01\NIA_SL_WORD1762_REAL01_F_morpheme.json"
WORD1763,평창군수어통역센터,ok,"D:\매핑용( 단어 생성 비디오, 단어)\map_syn\datasets\morpheme\01\NIA_SL_WORD1763_REAL01_F_morpheme.json"
WORD1764,평창군주민지원센터,ok,"D:\매핑용( 단어 생성 비디오, 단어)\map_syn\datasets\morpheme\01\NIA_SL_WORD1764_REAL01_F_morpheme.json"
WORD1765,홍천군지부,ok,"D:\매핑용( 단어 생성 비디오, 단어)\map_syn\datasets\morpheme\01\NIA_SL_WORD1765_REAL01_F_morpheme.json"
WORD1766,홍천군수어통역센터,ok,"D:\매핑용( 단어 생성 비디오, 단어)\map_syn\datasets\morpheme\01\NIA_SL_WORD1766_REAL01_F_morpheme.json"
WORD1767,홍천군주민지원센터,ok,"D:\매핑용( 단어 생성 비디오, 단어)\map_syn\datasets\morpheme\01\NIA_SL_WORD1767_REAL01_F_morpheme.json"
WORD1768,화천군지부,ok,"D:\매핑용( 단어 생성 비디오, 단어)\map_syn\datasets\morpheme\01\NIA_SL_WORD1768_REAL01_F_morpheme.json"
WORD1769,화천군수어통역센터,ok,"D:\매핑용( 단어 생성 비디오, 단어)\map_syn\datasets\morpheme\01\NIA_SL_WORD1769_REAL01_F_morpheme.json"
WORD1770,화천군주민지원센터,ok,"D:\매핑용( 단어 생성 비디오, 단어)\map_syn\datasets\morpheme\01\NIA_SL_WORD1770_REAL01_F_morpheme.json"
WORD1771,횡성군지부,ok,"D:\매핑용( 단어 생성 비디오, 단어)\map_syn\datasets\morpheme\01\NIA_SL_WORD1771_REAL01_F_morpheme.json"
WORD1772,횡성군수어통역센터,ok,"D:\매핑용( 단어 생성 비디오, 단어)\map_syn\datasets\morpheme\01\NIA_SL_WORD1772_REAL01_F_morpheme.json"
WORD1773,횡성군주민지원센터,ok,"D:\매핑용( 단어 생성 비디오, 단어)\map_syn\datasets\morpheme\01\NIA_SL_WORD1773_REAL01_F_morpheme.json"
WORD1774,충북농아인협회,ok,"D:\매핑용( 단어 생성 비디오, 단어)\map_syn\datasets\morpheme\01\NIA_SL_WORD1774_REAL01_F_morpheme.json"
WORD1775,괴산군지부,ok,"D:\매핑용( 단어 생성 비디오, 단어)\map_syn\datasets\morpheme\01\NIA_SL_WORD1775_REAL01_F_morpheme.json"
WORD1776,괴산군수어통역센터,ok,"D:\매핑용( 단어 생성 비디오, 단어)\map_syn\datasets\morpheme\01\NIA_SL_WORD1776_REAL01_F_morpheme.json"
WORD1777,괴산군주민지원센터,ok,"D:\매핑용( 단어 생성 비디오, 단어)\map_syn\datasets\morpheme\01\NIA_SL_WORD1777_REAL01_F_morpheme.json"
WORD1778,단양군지부,ok,"D:\매핑용( 단어 생성 비디오, 단어)\map_syn\datasets\morpheme\01\NIA_SL_WORD1778_REAL01_F_morpheme.json"
WORD1779,단양군수어통역센터,ok,"D:\매핑용( 단어 생성 비디오, 단어)\map_syn\datasets\morpheme\01\NIA_SL_WORD1779_REAL01_F_morpheme.json"
WORD1780,단양군주민지원센터,ok,"D:\매핑용( 단어 생성 비디오, 단어)\map_syn\datasets\morpheme\01\NIA_SL_WORD1780_REAL01_F_morpheme.json"
WORD1781,보은군지부,ok,"D:\매핑용( 단어 생성 비디오, 단어)\map_syn\datasets\morpheme\01\NIA_SL_WORD1781_REAL01_F_morpheme.json"
WORD1782,보은군수어통역센터,ok,"D:\매핑용( 단어 생성 비디오, 단어)\map_syn\datasets\morpheme\01\NIA_SL_WORD1782_REAL01_F_morpheme.json"
WORD1783,보은군주민지원센터,ok,"D:\매핑용( 단어 생성 비디오, 단어)\map_syn\datasets\morpheme\01\NIA_SL_WORD1783_REAL01_F_morpheme.json"
WORD1784,영동군지부,ok,"D:\매핑용( 단어 생성 비디오, 단어)\map_syn\datasets\morpheme\01\NIA_SL_WORD1784_REAL01_F_morpheme.json"
WORD1785,영동군수어통역센터,ok,"D:\매핑용( 단어 생성 비디오, 단어)\map_syn\datasets\morpheme\01\NIA_SL_WORD1785_REAL01_F_morpheme.json"
WORD1786,영동군주민지원센터,ok,"D:\매핑용( 단어 생성 비디오, 단어)\map_syn\datasets\morpheme\01\NIA_SL_WORD1786_REAL01_F_morpheme.json"
WORD1787,옥천군지부,ok,"D:\매핑용( 단어 생성 비디오, 단어)\map_syn\datasets\morpheme\01\NIA_SL_WORD1787_REAL01_F_morpheme.json"
WORD1788,옥천군수어통역센터,ok,"D:\매핑용( 단어 생성 비디오, 단어)\map_syn\datasets\morpheme\01\NIA_SL_WORD1788_REAL01_F_morpheme.json"
WORD1789,옥천군주민지원센터,ok,"D:\매핑용( 단어 생성 비디오, 단어)\map_syn\datasets\morpheme\01\NIA_SL_WORD1789_REAL01_F_morpheme.json"
WORD1790,제천시지부,ok,"D:\매핑용( 단어 생성 비디오, 단어)\map_syn\datasets\morpheme\01\NIA_SL_WORD1790_REAL01_F_morpheme.json"
WORD1791,제천시수어통역센터,ok,"D:\매핑용( 단어 생성 비디오, 단어)\map_syn\datasets\morpheme\01\NIA_SL_WORD1791_REAL01_F_morpheme.json"
WORD1792,제천시청,ok,"D:\매핑용( 단어 생성 비디오, 단어)\map_syn\datasets\morpheme\01\NIA_SL_WORD1792_REAL01_F_morpheme.json"
WORD1793,진천군지부,ok,"D:\매핑용( 단어 생성 비디오, 단어)\map_syn\datasets\morpheme\01\NIA_SL_WORD1793_REAL01_F_morpheme.json"
WORD1794,진천군수어통역센터,ok,"D:\매핑용( 단어 생성 비디오, 단어)\map_syn\datasets\morpheme\01\NIA_SL_WORD1794_REAL01_F_morpheme.json"
WORD1795,진천군주민지원센터,ok,"D:\매핑용( 단어 생성 비디오, 단어)\map_syn\datasets\morpheme\01\NIA_SL_WORD1795_REAL01_F_morpheme.json"
WORD1796,청주시지부,ok,"D:\매핑용( 단어 생성 비디오, 단어)\map_syn\datasets\morpheme\01\NIA_SL_WORD1796_REAL01_F_morpheme.json"
WORD1797,청주시수어통역센터,ok,"D:\매핑용( 단어 생성 비디오, 단어)\map_syn\datasets\morpheme\01\NIA_SL_WORD1797_REAL01_F_morpheme.json"
WORD1798,청주시청,ok,"D:\매핑용( 단어 생성 비디오, 단어)\map_syn\datasets\morpheme\01\NIA_SL_WORD1798_REAL01_F_morpheme.json"
WORD1799,충주시지부,ok,"D:\매핑용( 단어 생성 비디오, 단어)\map_syn\datasets\morpheme\01\NIA_SL_WORD1799_REAL01_F_morpheme.json"
WORD1800,충주시수어통역센터,ok,"D:\매핑용( 단어 생성 비디오, 단어)\map_syn\datasets\morpheme\01\NIA_SL_WORD1800_REAL01_F_morpheme.json"
WORD1801,충주시청,ok,"D:\매핑용( 단어 생성 비디오, 단어)\map_syn\datasets\morpheme\01\NIA_SL_WORD1801_REAL01_F_morpheme.json"
WORD1802,충남농아인협회,ok,"D:\매핑용( 단어 생성 비디오, 단어)\map_syn\datasets\morpheme\01\NIA_SL_WORD1802_REAL01_F_morpheme.json"
WORD1803,천안시지부,ok,"D:\매핑용( 단어 생성 비디오, 단어)\map_syn\datasets\morpheme\01\NIA_SL_WORD1803_REAL01_F_morpheme.json"
WORD1804,천안시수어통역센터,ok,"D:\매핑용( 단어 생성 비디오, 단어)\map_syn\datasets\morpheme\01\NIA_SL_WORD1804_REAL01_F_morpheme.json"
WORD1805,천안시청,ok,"D:\매핑용( 단어 생성 비디오, 단어)\map_syn\datasets\morpheme\01\NIA_SL_WORD1805_REAL01_F_morpheme.json"
WORD1806,공주시지부,ok,"D:\매핑용( 단어 생성 비디오, 단어)\map_syn\datasets\morpheme\01\NIA_SL_WORD1806_REAL01_F_morpheme.json"
WORD1807,공주시수어통역센터,ok,"D:\매핑용( 단어 생성 비디오, 단어)\map_syn\datasets\morpheme\01\NIA_SL_WORD1807_REAL01_F_morpheme.json"
WORD1808,공주시청,ok,"D:\매핑용( 단어 생성 비디오, 단어)\map_syn\datasets\morpheme\01\NIA_SL_WORD1808_REAL01_F_morpheme.json"
WORD1809,9번째,ok,"D:\매핑용( 단어 생성 비디오, 단어)\map_syn\datasets\morpheme\01\NIA_SL_WORD1809_REAL01_F_morpheme.json"
WORD1810,10번째,ok,"D:\매핑용( 단어 생성 비디오, 단어)\map_syn\datasets\morpheme\01\NIA_SL_WORD1810_REAL01_F_morpheme.json"
WORD1811,12번째,ok,"D:\매핑용( 단어 생성 비디오, 단어)\map_syn\datasets\morpheme\01\NIA_SL_WORD1811_REAL01_F_morpheme.json"
WORD1812,논산시지부,ok,"D:\매핑용( 단어 생성 비디오, 단어)\map_syn\datasets\morpheme\01\NIA_SL_WORD1812_REAL01_F_morpheme.json"
WORD1813,논산시수어통역센터,ok,"D:\매핑용( 단어 생성 비디오, 단어)\map_syn\datasets\morpheme\01\NIA_SL_WORD1813_REAL01_F_morpheme.json"
WORD1814,논산시청,ok,"D:\매핑용( 단어 생성 비디오, 단어)\map_syn\datasets\morpheme\01\NIA_SL_WORD1814_REAL01_F_morpheme.json"
WORD1815,당진시지부,ok,"D:\매핑용( 단어 생성 비디오, 단어)\map_syn\datasets\morpheme\01\NIA_SL_WORD1815_REAL01_F_morpheme.json"
WORD1816,당진시수어통역센터,ok,"D:\매핑용( 단어 생성 비디오, 단어)\map_syn\datasets\morpheme\01\NIA_SL_WORD1816_REAL01_F_morpheme.json"
WORD1817,당진시청,ok,"D:\매핑용( 단어 생성 비디오, 단어)\map_syn\datasets\morpheme\01\NIA_SL_WORD1817_REAL01_F_morpheme.json"
WORD1818,보령시지부,ok,"D:\매핑용( 단어 생성 비디오, 단어)\map_syn\datasets\morpheme\01\NIA_SL_WORD1818_REAL01_F_morpheme.json"
WORD1819,보령수어통역센터,ok,"D:\매핑용( 단어 생성 비디오, 단어)\map_syn\datasets\morpheme\01\NIA_SL_WORD1819_REAL01_F_morpheme.json"
WORD1820,보령시청,ok,"D:\매핑용( 단어 생성 비디오, 단어)\map_syn\datasets\morpheme\01\NIA_SL_WORD1820_REAL01_F_morpheme.json"
WORD1821,부여군지부,ok,"D:\매핑용( 단어 생성 비디오, 단어)\map_syn\datasets\morpheme\01\NIA_SL_WORD1821_REAL01_F_morpheme.json"
WORD1822,부여군수어통역센터,ok,"D:\매핑용( 단어 생성 비디오, 단어)\map_syn\datasets\morpheme\01\NIA_SL_WORD1822_REAL01_F_morpheme.json"
WORD1823,부여군주민지원센터,ok,"D:\매핑용( 단어 생성 비디오, 단어)\map_syn\datasets\morpheme\01\NIA_SL_WORD1823_REAL01_F_morpheme.json"
WORD1824,서산시지부,ok,"D:\매핑용( 단어 생성 비디오, 단어)\map_syn\datasets\morpheme\01\NIA_SL_WORD1824_REAL01_F_morpheme.json"
WORD1825,서산시수어통역센터,ok,"D:\매핑용( 단어 생성 비디오, 단어)\map_syn\datasets\morpheme\01\NIA_SL_WORD1825_REAL01_F_morpheme.json"
WORD1826,서산시청,ok,"D:\매핑용( 단어 생성 비디오, 단어)\map_syn\datasets\morpheme\01\NIA_SL_WORD1826_REAL01_F_morpheme.json"
WORD1827,서천군지부,ok,"D:\매핑용( 단어 생성 비디오, 단어)\map_syn\datasets\morpheme\01\NIA_SL_WORD1827_REAL01_F_morpheme.json"
WORD1828,서천군수어통역센터,ok,"D:\매핑용( 단어 생성 비디오, 단어)\map_syn\datasets\morpheme\01\NIA_SL_WORD1828_REAL01_F_morpheme.json"
WORD1829,서천군주민지원센터,ok,"D:\매핑용( 단어 생성 비디오, 단어)\map_syn\datasets\morpheme\01\NIA_SL_WORD1829_REAL01_F_morpheme.json"
WORD1830,아산시지부,ok,"D:\매핑용( 단어 생성 비디오, 단어)\map_syn\datasets\morpheme\01\NIA_SL_WORD1830_REAL01_F_morpheme.json"
WORD1831,아산시수어통역센터,ok,"D:\매핑용( 단어 생성 비디오, 단어)\map_syn\datasets\morpheme\01\NIA_SL_WORD1831_REAL01_F_morpheme.json"
WORD1832,아산시청,ok,"D:\매핑용( 단어 생성 비디오, 단어)\map_syn\datasets\morpheme\01\NIA_SL_WORD1832_REAL01_F_morpheme.json"
WORD1833,예산군지부,ok,"D:\매핑용( 단어 생성 비디오, 단어)\map_syn\datasets\morpheme\01\NIA_SL_WORD1833_REAL01_F_morpheme.json"
WORD1834,예산군수어통역센터,ok,"D:\매핑용( 단어 생성 비디오, 단어)\map_syn\datasets\morpheme\01\NIA_SL_WORD1834_REAL01_F_morpheme.json"
WORD1835,예산군주민지원센터,ok,"D:\매핑용( 단어 생성 비디오, 단어)\map_syn\datasets\morpheme\01\NIA_SL_WORD1835_REAL01_F_morpheme.json"
WORD1836,청양군지부,ok,"D:\매핑용( 단어 생성 비디오, 단어)\map_syn\datasets\morpheme\01\NIA_SL_WORD1836_REAL01_F_morpheme.json"
WORD1837,청양군수어통역센터,ok,"D:\매핑용( 단어 생성 비디오, 단어)\map_syn\datasets\morpheme\01\NIA_SL_WORD1837_REAL01_F_morpheme.json"
WORD1838,청양군주민지원센터,ok,"D:\매핑용( 단어 생성 비디오, 단어)\map_syn\datasets\morpheme\01\NIA_SL_WORD1838_REAL01_F_morpheme.json"
WORD1839,태안군지부,ok,"D:\매핑용( 단어 생성 비디오, 단어)\map_syn\datasets\morpheme\01\NIA_SL_WORD1839_REAL01_F_morpheme.json"
WORD1840,태안군수어통역센터,ok,"D:\매핑용( 단어 생성 비디오, 단어)\map_syn\datasets\morpheme\01\NIA_SL_WORD1840_REAL01_F_morpheme.json"
WORD1841,태안군주민지원센터,ok,"D:\매핑용( 단어 생성 비디오, 단어)\map_syn\datasets\morpheme\01\NIA_SL_WORD1841_REAL01_F_morpheme.json"
WORD1842,홍성군지부,ok,"D:\매핑용( 단어 생성 비디오, 단어)\map_syn\datasets\morpheme\01\NIA_SL_WORD1842_REAL01_F_morpheme.json"
WORD1843,홍성군수어통역센터,ok,"D:\매핑용( 단어 생성 비디오, 단어)\map_syn\datasets\morpheme\01\NIA_SL_WORD1843_REAL01_F_morpheme.json"
WORD1844,홍성군주민지원센터,ok,"D:\매핑용( 단어 생성 비디오, 단어)\map_syn\datasets\morpheme\01\NIA_SL_WORD1844_REAL01_F_morpheme.json"
WORD1845,전북농아인협회,ok,"D:\매핑용( 단어 생성 비디오, 단어)\map_syn\datasets\morpheme\01\NIA_SL_WORD1845_REAL01_F_morpheme.json"
WORD1846,고창군지부,ok,"D:\매핑용( 단어 생성 비디오, 단어)\map_syn\datasets\morpheme\01\NIA_SL_WORD1846_REAL01_F_morpheme.json"
WORD1847,고창군수어통역센터,ok,"D:\매핑용( 단어 생성 비디오, 단어)\map_syn\datasets\morpheme\01\NIA_SL_WORD1847_REAL01_F_morpheme.json"
WORD1848,고창군주민지원센터,ok,"D:\매핑용( 단어 생성 비디오, 단어)\map_syn\datasets\morpheme\01\NIA_SL_WORD1848_REAL01_F_morpheme.json"
WORD1849,군산시지부,ok,"D:\매핑용( 단어 생성 비디오, 단어)\map_syn\datasets\morpheme\01\NIA_SL_WORD1849_REAL01_F_morpheme.json"
WORD1850,군산시수어통역센터,ok,"D:\매핑용( 단어 생성 비디오, 단어)\map_syn\datasets\morpheme\01\NIA_SL_WORD1850_REAL01_F_morpheme.json"
WORD1851,군산시청,ok,"D:\매핑용( 단어 생성 비디오, 단어)\map_syn\datasets\morpheme\01\NIA_SL_WORD1851_REAL01_F_morpheme.json"
WORD1852,김제시지부,ok,"D:\매핑용( 단어 생성 비디오, 단어)\map_syn\datasets\morpheme\01\NIA_SL_WORD1852_REAL01_F_morpheme.json"
WORD1853,김제시수어통역센터,ok,"D:\매핑용( 단어 생성 비디오, 단어)\map_syn\datasets\morpheme\01\NIA_SL_WORD1853_REAL01_F_morpheme.json"
WORD1854,김제시청,ok,"D:\매핑용( 단어 생성 비디오, 단어)\map_syn\datasets\morpheme\01\NIA_SL_WORD1854_REAL01_F_morpheme.json"
WORD1855,남원시지부,ok,"D:\매핑용( 단어 생성 비디오, 단어)\map_syn\datasets\morpheme\01\NIA_SL_WORD1855_REAL01_F_morpheme.json"
WORD1856,군산시청,ok,"D:\매핑용( 단어 생성 비디오, 단어)\map_syn\datasets\morpheme\01\NIA_SL_WORD1856_REAL01_F_morpheme.json"
WORD1857,남원시청,ok,"D:\매핑용( 단어 생성 비디오, 단어)\map_syn\datasets\morpheme\01\NIA_SL_WORD1857_REAL01_F_morpheme.json"
WORD1858,무주군지부,ok,"D:\매핑용( 단어 생성 비디오, 단어)\map_syn\datasets\morpheme\01\NIA_SL_WORD1858_REAL01_F_morpheme.json"
WORD1859,무주군수어통역센터,ok,"D:\매핑용( 단어 생성 비디오, 단어)\map_syn\datasets\morpheme\01\NIA_SL_WORD1859_REAL01_F_morpheme.json"
WORD1860,무주군주민지원센터,ok,"D:\매핑용( 단어 생성 비디오, 단어)\map_syn\datasets\morpheme\01\NIA_SL_WORD1860_REAL01_F_morpheme.json"
WORD1861,부안군지부,ok,"D:\매핑용( 단어 생성 비디오, 단어)\map_syn\datasets\morpheme\01\NIA_SL_WORD1861_REAL01_F_morpheme.json"
WORD1862,부안군수어통역센터,ok,"D:\매핑용( 단어 생성 비디오, 단어)\map_syn\datasets\morpheme\01\NIA_SL_WORD1862_REAL01_F_morpheme.json"
WORD1863,부안군주민지원센터,ok,"D:\매핑용( 단어 생성 비디오, 단어)\map_syn\datasets\morpheme\01\NIA_SL_WORD1863_REAL01_F_morpheme.json"
WORD1864,순창군지부,ok,"D:\매핑용( 단어 생성 비디오, 단어)\map_syn\datasets\morpheme\01\NIA_SL_WORD1864_REAL01_F_morpheme.json"
WORD1865,순창군주민지원센터,ok,"D:\매핑용( 단어 생성 비디오, 단어)\map_syn\datasets\morpheme\01\NIA_SL_WORD1865_REAL01_F_morpheme.json"
WORD1866,순창군주민지원센터,ok,"D:\매핑용( 단어 생성 비디오, 단어)\map_syn\datasets\morpheme\01\NIA_SL_WORD1866_REAL01_F_morpheme.json"
WORD1867,완주군지부,ok,"D:\매핑용( 단어 생성 비디오, 단어)\map_syn\datasets\morpheme\01\NIA_SL_WORD1867_REAL01_F_morpheme.json"
WORD1868,완주군수어통역센터,ok,"D:\매핑용( 단어 생성 비디오, 단어)\map_syn\datasets\morpheme\01\NIA_SL_WORD1868_REAL01_F_morpheme.json"
WORD1869,완주군주민지원센터,ok,"D:\매핑용( 단어 생성 비디오, 단어)\map_syn\datasets\morpheme\01\NIA_SL_WORD1869_REAL01_F_morpheme.json"
WORD1870,익산시지부,ok,"D:\매핑용( 단어 생성 비디오, 단어)\map_syn\datasets\morpheme\01\NIA_SL_WORD1870_REAL01_F_morpheme.json"
WORD1871,익산시수어통역센터,ok,"D:\매핑용( 단어 생성 비디오, 단어)\map_syn\datasets\morpheme\01\NIA_SL_WORD1871_REAL01_F_morpheme.json"
WORD1872,익산시청,ok,"D:\매핑용( 단어 생성 비디오, 단어)\map_syn\datasets\morpheme\01\NIA_SL_WORD1872_REAL01_F_morpheme.json"
WORD1873,임실군지부,ok,"D:\매핑용( 단어 생성 비디오, 단어)\map_syn\datasets\morpheme\01\NIA_SL_WORD1873_REAL01_F_morpheme.json"
WORD1874,임실군수어통역센터,ok,"D:\매핑용( 단어 생성 비디오, 단어)\map_syn\datasets\morpheme\01\NIA_SL_WORD1874_REAL01_F_morpheme.json"
WORD1875,임실군주민지원센터,ok,"D:\매핑용( 단어 생성 비디오, 단어)\map_syn\datasets\morpheme\01\NIA_SL_WORD1875_REAL01_F_morpheme.json"
WORD1876,빈털터리,ok,"D:\매핑용( 단어 생성 비디오, 단어)\map_syn\datasets\morpheme\01\NIA_SL_WORD1876_REAL01_F_morpheme.json"
WORD1877,평가하다,ok,"D:\매핑용( 단어 생성 비디오, 단어)\map_syn\datasets\morpheme\01\NIA_SL_WORD1877_REAL01_F_morpheme.json"
WORD1878,불가능,ok,"D:\매핑용( 단어 생성 비디오, 단어)\map_syn\datasets\morpheme\01\NIA_SL_WORD1878_REAL01_F_morpheme.json"
WORD1879,전주시지부,ok,"D:\매핑용( 단어 생성 비디오, 단어)\map_syn\datasets\morpheme\01\NIA_SL_WORD1879_REAL01_F_morpheme.json"
WORD1880,전주시수어통역센터,ok,"D:\매핑용( 단어 생성 비디오, 단어)\map_syn\datasets\morpheme\01\NIA_SL_WORD1880_REAL01_F_morpheme.json"
WORD1881,전주시청,ok,"D:\매핑용( 단어 생성 비디오, 단어)\map_syn\datasets\morpheme\01\NIA_SL_WORD1881_REAL01_F_morpheme.json"
WORD1882,전남농아인협회,ok,"D:\매핑용( 단어 생성 비디오, 단어)\map_syn\datasets\morpheme\01\NIA_SL_WORD1882_REAL01_F_morpheme.json"
WORD1883,강진군지부,ok,"D:\매핑용( 단어 생성 비디오, 단어)\map_syn\datasets\morpheme\01\NIA_SL_WORD1883_REAL01_F_morpheme.json"
WORD1884,강진군수어통역센터,ok,"D:\매핑용( 단어 생성 비디오, 단어)\map_syn\datasets\morpheme\01\NIA_SL_WORD1884_REAL01_F_morpheme.json"
WORD1885,강진군주민지원센터,ok,"D:\매핑용( 단어 생성 비디오, 단어)\map_syn\datasets\morpheme\01\NIA_SL_WORD1885_REAL01_F_morpheme.json"
WORD1886,고흥군지부,ok,"D:\매핑용( 단어 생성 비디오, 단어)\map_syn\datasets\morpheme\01\NIA_SL_WORD1886_REAL01_F_morpheme.json"
WORD1887,고흥군수어통역센터,ok,"D:\매핑용( 단어 생성 비디오, 단어)\map_syn\datasets\morpheme\01\NIA_SL_WORD1887_REAL01_F_morpheme.json"
WORD1888,고흥군주민지원센터,ok,"D:\매핑용( 단어 생성 비디오, 단어)\map_syn\datasets\morpheme\01\NIA_SL_WORD1888_REAL01_F_morpheme.json"
WORD1889,곡성군지부,ok,"D:\매핑용( 단어 생성 비디오, 단어)\map_syn\datasets\morpheme\01\NIA_SL_WORD1889_REAL01_F_morpheme.json"
WORD1890,곡성군수어통역센터,ok,"D:\매핑용( 단어 생성 비디오, 단어)\map_syn\datasets\morpheme\01\NIA_SL_WORD1890_REAL01_F_morpheme.json"
WORD1891,곡성군주민지원센터,ok,"D:\매핑용( 단어 생성 비디오, 단어)\map_syn\datasets\morpheme\01\NIA_SL_WORD1891_REAL01_F_morpheme.json"
WORD1892,광양군지부,ok,"D:\매핑용( 단어 생성 비디오, 단어)\map_syn\datasets\morpheme\01\NIA_SL_WORD1892_REAL01_F_morpheme.json"
WORD1893,광양군수어통역센터,ok,"D:\매핑용( 단어 생성 비디오, 단어)\map_syn\datasets\morpheme\01\NIA_SL_WORD1893_REAL01_F_morpheme.json"
WORD1894,광양군주민지원센터,ok,"D:\매핑용( 단어 생성 비디오, 단어)\map_syn\datasets\morpheme\01\NIA_SL_WORD1894_REAL01_F_morpheme.json"
WORD1895,나주시지부,ok,"D:\매핑용( 단어 생성 비디오, 단어)\map_syn\datasets\morpheme\01\NIA_SL_WORD1895_REAL01_F_morpheme.json"
WORD1896,나주시수어통역센터,ok,"D:\매핑용( 단어 생성 비디오, 단어)\map_syn\datasets\morpheme\01\NIA_SL_WORD1896_REAL01_F_morpheme.json"
WORD1897,나주시청,ok,"D:\매핑용( 단어 생성 비디오, 단어)\map_syn\datasets\morpheme\01\NIA_SL_WORD1897_REAL01_F_morpheme.json"
WORD1898,목포시지부,ok,"D:\매핑용( 단어 생성 비디오, 단어)\map_syn\datasets\morpheme\01\NIA_SL_WORD1898_REAL01_F_morpheme.json"
WORD1899,목포시수어통역센터,ok,"D:\매핑용( 단어 생성 비디오, 단어)\map_syn\datasets\morpheme\01\NIA_SL_WORD1899_REAL01_F_morpheme.json"
WORD1900,목포시청,ok,"D:\매핑용( 단어 생성 비디오, 단어)\map_syn\datasets\morpheme\01\NIA_SL_WORD1900_REAL01_F_morpheme.json"
WORD1901,무안군지부,ok,"D:\매핑용( 단어 생성 비디오, 단어)\map_syn\datasets\morpheme\01\NIA_SL_WORD1901_REAL01_F_morpheme.json"
WORD1902,무안군수어통역센터,ok,"D:\매핑용( 단어 생성 비디오, 단어)\map_syn\datasets\morpheme\01\NIA_SL_WORD1902_REAL01_F_morpheme.json"
WORD1903,무안군주민지원센터,ok,"D:\매핑용( 단어 생성 비디오, 단어)\map_syn\datasets\morpheme\01\NIA_SL_WORD1903_REAL01_F_morpheme.json"
WORD1904,보성군지부,ok,"D:\매핑용( 단어 생성 비디오, 단어)\map_syn\datasets\morpheme\01\NIA_SL_WORD1904_REAL01_F_morpheme.json"
WORD1905,보성군수어통역센터,ok,"D:\매핑용( 단어 생성 비디오, 단어)\map_syn\datasets\morpheme\01\NIA_SL_WORD1905_REAL01_F_morpheme.json"
WORD1906,보성군주민지원센터,ok,"D:\매핑용( 단어 생성 비디오, 단어)\map_syn\datasets\morpheme\01\NIA_SL_WORD1906_REAL01_F_morpheme.json"
WORD1907,순천시지부,ok,"D:\매핑용( 단어 생성 비디오, 단어)\map_syn\datasets\morpheme\01\NIA_SL_WORD1907_REAL01_F_morpheme.json"
WORD1908,순천시수어통역센터,ok,"D:\매핑용( 단어 생성 비디오, 단어)\map_syn\datasets\morpheme\01\NIA_SL_WORD1908_REAL01_F_morpheme.json"
WORD1909,순천시청,ok,"D:\매핑용( 단어 생성 비디오, 단어)\map_syn\datasets\morpheme\01\NIA_SL_WORD1909_REAL01_F_morpheme.json"
WORD1910,신안군지부,ok,"D:\매핑용( 단어 생성 비디오, 단어)\map_syn\datasets\morpheme\01\NIA_SL_WORD1910_REAL01_F_morpheme.json"
WORD1911,신안군수어통역센터,ok,"D:\매핑용( 단어 생성 비디오, 단어)\map_syn\datasets\morpheme\01\NIA_SL_WORD1911_REAL01_F_morpheme.json"
WORD1912,신안군주민지원센터,ok,"D:\매핑용( 단어 생성 비디오, 단어)\map_syn\datasets\morpheme\01\NIA_SL_WORD1912_REAL01_F_morpheme.json"
WORD1913,여수시지부,ok,"D:\매핑용( 단어 생성 비디오, 단어)\map_syn\datasets\morpheme\01\NIA_SL_WORD1913_REAL01_F_morpheme.json"
WORD1914,여수시수어통역센터,ok,"D:\매핑용( 단어 생성 비디오, 단어)\map_syn\datasets\morpheme\01\NIA_SL_WORD1914_REAL01_F_morpheme.json"
WORD1915,여수시청,ok,"D:\매핑용( 단어 생성 비디오, 단어)\map_syn\datasets\morpheme\01\NIA_SL_WORD1915_REAL01_F_morpheme.json"
WORD1916,영광군지부,ok,"D:\매핑용( 단어 생성 비디오, 단어)\map_syn\datasets\morpheme\01\NIA_SL_WORD1916_REAL01_F_morpheme.json"
WORD1917,영광군수어통역센터,ok,"D:\매핑용( 단어 생성 비디오, 단어)\map_syn\datasets\morpheme\01\NIA_SL_WORD1917_REAL01_F_morpheme.json"
WORD1918,영광군주민지원센터,ok,"D:\매핑용( 단어 생성 비디오, 단어)\map_syn\datasets\morpheme\01\NIA_SL_WORD1918_REAL01_F_morpheme.json"
WORD1919,영암군지부,ok,"D:\매핑용( 단어 생성 비디오, 단어)\map_syn\datasets\morpheme\01\NIA_SL_WORD1919_REAL01_F_morpheme.json"
WORD1920,영암군수어통역센터,ok,"D:\매핑용( 단어 생성 비디오, 단어)\map_syn\datasets\morpheme\01\NIA_SL_WORD1920_REAL01_F_morpheme.json"
WORD1921,영암군주민지원센터,ok,"D:\매핑용( 단어 생성 비디오, 단어)\map_syn\datasets\morpheme\01\NIA_SL_WORD1921_REAL01_F_morpheme.json"
WORD1922,불필요,ok,"D:\매핑용( 단어 생성 비디오, 단어)\map_syn\datasets\morpheme\01\NIA_SL_WORD1922_REAL01_F_morpheme.json"
WORD1923,하는수없다,ok,"D:\매핑용( 단어 생성 비디오, 단어)\map_syn\datasets\morpheme\01\NIA_SL_WORD1923_REAL01_F_morpheme.json"
WORD1924,맛없다,ok,"D:\매핑용( 단어 생성 비디오, 단어)\map_syn\datasets\morpheme\01\NIA_SL_WORD1924_REAL01_F_morpheme.json"
WORD1925,장흥군지부,ok,"D:\매핑용( 단어 생성 비디오, 단어)\map_syn\datasets\morpheme\01\NIA_SL_WORD1925_REAL01_F_morpheme.json"
WORD1926,장흥군수어통역센터,ok,"D:\매핑용( 단어 생성 비디오, 단어)\map_syn\datasets\morpheme\01\NIA_SL_WORD1926_REAL01_F_morpheme.json"
WORD1927,장흥군주민지원센터,ok,"D:\매핑용( 단어 생성 비디오, 단어)\map_syn\datasets\morpheme\01\NIA_SL_WORD1927_REAL01_F_morpheme.json"
WORD1928,진도군지부,ok,"D:\매핑용( 단어 생성 비디오, 단어)\map_syn\datasets\morpheme\01\NIA_SL_WORD1928_REAL01_F_morpheme.json"
WORD1929,진도군수어통역센터,ok,"D:\매핑용( 단어 생성 비디오, 단어)\map_syn\datasets\morpheme\01\NIA_SL_WORD1929_REAL01_F_morpheme.json"
WORD1930,진도군주민지원센터,ok,"D:\매핑용( 단어 생성 비디오, 단어)\map_syn\datasets\morpheme\01\NIA_SL_WORD1930_REAL01_F_morpheme.json"
WORD1931,해남군지부,ok,"D:\매핑용( 단어 생성 비디오, 단어)\map_syn\datasets\morpheme\01\NIA_SL_WORD1931_REAL01_F_morpheme.json"
WORD1932,해남군수어통역센터,ok,"D:\매핑용( 단어 생성 비디오, 단어)\map_syn\datasets\morpheme\01\NIA_SL_WORD1932_REAL01_F_morpheme.json"
WORD1933,해남군주민지원센터,ok,"D:\매핑용( 단어 생성 비디오, 단어)\map_syn\datasets\morpheme\01\NIA_SL_WORD1933_REAL01_F_morpheme.json"
WORD1934,경북농아인협회,ok,"D:\매핑용( 단어 생성 비디오, 단어)\map_syn\datasets\morpheme\01\NIA_SL_WORD1934_REAL01_F_morpheme.json"
WORD1935,경산시지부,ok,"D:\매핑용( 단어 생성 비디오, 단어)\map_syn\datasets\morpheme\01\NIA_SL_WORD1935_REAL01_F_morpheme.json"
WORD1936,경산시수어통역센터,ok,"D:\매핑용( 단어 생성 비디오, 단어)\map_syn\datasets\morpheme\01\NIA_SL_WORD1936_REAL01_F_morpheme.json"
WORD1937,경산시청,ok,"D:\매핑용( 단어 생성 비디오, 단어)\map_syn\datasets\morpheme\01\NIA_SL_WORD1937_REAL01_F_morpheme.json"
WORD1938,경주시지부,ok,"D:\매핑용( 단어 생성 비디오, 단어)\map_syn\datasets\morpheme\01\NIA_SL_WORD1938_REAL01_F_morpheme.json"
WORD1939,경주시수어통역센터,ok,"D:\매핑용( 단어 생성 비디오, 단어)\map_syn\datasets\morpheme\01\NIA_SL_WORD1939_REAL01_F_morpheme.json"
WORD1940,경주시청,ok,"D:\매핑용( 단어 생성 비디오, 단어)\map_syn\datasets\morpheme\01\NIA_SL_WORD1940_REAL01_F_morpheme.json"
WORD1941,고령군지부,ok,"D:\매핑용( 단어 생성 비디오, 단어)\map_syn\datasets\morpheme\01\NIA_SL_WORD1941_REAL01_F_morpheme.json"
WORD1942,고령군수어통역센터,ok,"D:\매핑용( 단어 생성 비디오, 단어)\map_syn\datasets\morpheme\01\NIA_SL_WORD1942_REAL01_F_morpheme.json"
WORD1943,고령군주민지원센터,ok,"D:\매핑용( 단어 생성 비디오, 단어)\map_syn\datasets\morpheme\01\NIA_SL_WORD1943_REAL01_F_morpheme.json"
WORD1944,구미시지부,ok,"D:\매핑용( 단어 생성 비디오, 단어)\map_syn\datasets\morpheme\01\NIA_SL_WORD1944_REAL01_F_morpheme.json"
WORD1945,구미시수어통역센터,ok,"D:\매핑용( 단어 생성 비디오, 단어)\map_syn\datasets\morpheme\01\NIA_SL_WORD1945_REAL01_F_morpheme.json"
WORD1946,구미시청,ok,"D:\매핑용( 단어 생성 비디오, 단어)\map_syn\datasets\morpheme\01\NIA_SL_WORD1946_REAL01_F_morpheme.json"
WORD1947,군위군지부,ok,"D:\매핑용( 단어 생성 비디오, 단어)\map_syn\datasets\morpheme\01\NIA_SL_WORD1947_REAL01_F_morpheme.json"
WORD1948,군위군수어통역센터,ok,"D:\매핑용( 단어 생성 비디오, 단어)\map_syn\datasets\morpheme\01\NIA_SL_WORD1948_REAL01_F_morpheme.json"
WORD1949,군위주민지원센터,ok,"D:\매핑용( 단어 생성 비디오, 단어)\map_syn\datasets\morpheme\01\NIA_SL_WORD1949_REAL01_F_morpheme.json"
WORD1950,김천시지부,ok,"D:\매핑용( 단어 생성 비디오, 단어)\map_syn\datasets\morpheme\01\NIA_SL_WORD1950_REAL01_F_morpheme.json"
WORD1951,김천시수어통역센터,ok,"D:\매핑용( 단어 생성 비디오, 단어)\map_syn\datasets\morpheme\01\NIA_SL_WORD1951_REAL01_F_morpheme.json"
WORD1952,아하,ok,"D:\매핑용( 단어 생성 비디오, 단어)\map_syn\datasets\morpheme\01\NIA_SL_WORD1952_REAL01_F_morpheme.json"
WORD1953,문경시지부,ok,"D:\매핑용( 단어 생성 비디오, 단어)\map_syn\datasets\morpheme\01\NIA_SL_WORD1953_REAL01_F_morpheme.json"
WORD1954,문경시수어통역센터,ok,"D:\매핑용( 단어 생성 비디오, 단어)\map_syn\datasets\morpheme\01\NIA_SL_WORD1954_REAL01_F_morpheme.json"
WORD1955,문경시청,ok,"D:\매핑용( 단어 생성 비디오, 단어)\map_syn\datasets\morpheme\01\NIA_SL_WORD1955_REAL01_F_morpheme.json"
WORD1956,봉화군지부,ok,"D:\매핑용( 단어 생성 비디오, 단어)\map_syn\datasets\morpheme\01\NIA_SL_WORD1956_REAL01_F_morpheme.json"
WORD1957,봉화군수어통역센터,ok,"D:\매핑용( 단어 생성 비디오, 단어)\map_syn\datasets\morpheme\01\NIA_SL_WORD1957_REAL01_F_morpheme.json"
WORD1958,봉화군주민지원센터,ok,"D:\매핑용( 단어 생성 비디오, 단어)\map_syn\datasets\morpheme\01\NIA_SL_WORD1958_REAL01_F_morpheme.json"
WORD1959,상주시지부,ok,"D:\매핑용( 단어 생성 비디오, 단어)\map_syn\datasets\morpheme\01\NIA_SL_WORD1959_REAL01_F_morpheme.json"
WORD1960,상주시수어통역센터,ok,"D:\매핑용( 단어 생성 비디오, 단어)\map_syn\datasets\morpheme\01\NIA_SL_WORD1960_REAL01_F_morpheme.json"
WORD1961,상주시청,ok,"D:\매핑용( 단어 생성 비디오, 단어)\map_syn\datasets\morpheme\01\NIA_SL_WORD1961_REAL01_F_morpheme.json"
WORD1962,성주시지부,ok,"D:\매핑용( 단어 생성 비디오, 단어)\map_syn\datasets\morpheme\01\NIA_SL_WORD1962_REAL01_F_morpheme.json"
WORD1963,성주시수어통역센터,ok,"D:\매핑용( 단어 생성 비디오, 단어)\map_syn\datasets\morpheme\01\NIA_SL_WORD1963_REAL01_F_morpheme.json"
WORD1964,성주시청,ok,"D:\매핑용( 단어 생성 비디오, 단어)\map_syn\datasets\morpheme\01\NIA_SL_WORD1964_REAL01_F_morpheme.json"
WORD1965,안동시지부,ok,"D:\매핑용( 단어 생성 비디오, 단어)\map_syn\datasets\morpheme\01\NIA_SL_WORD1965_REAL01_F_morpheme.json"
WORD1966,안동시수어통역센터,ok,"D:\매핑용( 단어 생성 비디오, 단어)\map_syn\datasets\morpheme\01\NIA_SL_WORD1966_REAL01_F_morpheme.json"
WORD1967,안동시청,ok,"D:\매핑용( 단어 생성 비디오, 단어)\map_syn\datasets\morpheme\01\NIA_SL_WORD1967_REAL01_F_morpheme.json"
WORD1968,영덕군지부,ok,"D:\매핑용( 단어 생성 비디오, 단어)\map_syn\datasets\morpheme\01\NIA_SL_WORD1968_REAL01_F_morpheme.json"
WORD1969,영덕군수어통역센터,ok,"D:\매핑용( 단어 생성 비디오, 단어)\map_syn\datasets\morpheme\01\NIA_SL_WORD1969_REAL01_F_morpheme.json"
WORD1970,영덕군주민지원센터,ok,"D:\매핑용( 단어 생성 비디오, 단어)\map_syn\datasets\morpheme\01\NIA_SL_WORD1970_REAL01_F_morpheme.json"
WORD1971,영양군지부,ok,"D:\매핑용( 단어 생성 비디오, 단어)\map_syn\datasets\morpheme\01\NIA_SL_WORD1971_REAL01_F_morpheme.json"
WORD1972,영양군수어통역센터,ok,"D:\매핑용( 단어 생성 비디오, 단어)\map_syn\datasets\morpheme\01\NIA_SL_WORD1972_REAL01_F_morpheme.json"
WORD1973,영양군주민지원센터,ok,"D:\매핑용( 단어 생성 비디오, 단어)\map_syn\datasets\morpheme\01\NIA_SL_WORD1973_REAL01_F_morpheme.json"
WORD1974,영주시지부,ok,"D:\매핑용( 단어 생성 비디오, 단어)\map_syn\datasets\morpheme\01\NIA_SL_WORD1974_REAL01_F_morpheme.json"
WORD1975,영주시수어통역센터,ok,"D:\매핑용( 단어 생성 비디오, 단어)\map_syn\datasets\morpheme\01\NIA_SL_WORD1975_REAL01_F_morpheme.json"
WORD1976,영주시청,ok,"D:\매핑용( 단어 생성 비디오, 단어)\map_syn\datasets\morpheme\01\NIA_SL_WORD1976_REAL01_F_morpheme.json"
WORD1977,영천시지부,ok,"D:\매핑용( 단어 생성 비디오, 단어)\map_syn\datasets\morpheme\01\NIA_SL_WORD1977_REAL01_F_morpheme.json"
WORD1978,영천시수어통역센터,ok,"D:\매핑용( 단어 생성 비디오, 단어)\map_syn\datasets\morpheme\01\NIA_SL_WORD1978_REAL01_F_morpheme.json"
WORD1979,영천시청,ok,"D:\매핑용( 단어 생성 비디오, 단어)\map_syn\datasets\morpheme\01\NIA_SL_WORD1979_REAL01_F_morpheme.json"
WORD1980,예천군지부,ok,"D:\매핑용( 단어 생성 비디오, 단어)\map_syn\datasets\morpheme\01\NIA_SL_WORD1980_REAL01_F_morpheme.json"
WORD1981,예천군수어통역센터,ok,"D:\매핑용( 단어 생성 비디오, 단어)\map_syn\datasets\morpheme\01\NIA_SL_WORD1981_REAL01_F_morpheme.json"
WORD1982,예천군주민지원센터,ok,"D:\매핑용( 단어 생성 비디오, 단어)\map_syn\datasets\morpheme\01\NIA_SL_WORD1982_REAL01_F_morpheme.json"
WORD1983,울릉군지부,ok,"D:\매핑용( 단어 생성 비디오, 단어)\map_syn\datasets\morpheme\01\NIA_SL_WORD1983_REAL01_F_morpheme.json"
WORD1984,울릉군수어통역센터,ok,"D:\매핑용( 단어 생성 비디오, 단어)\map_syn\datasets\morpheme\01\NIA_SL_WORD1984_REAL01_F_morpheme.json"
WORD1985,울릉군주민지원센터,ok,"D:\매핑용( 단어 생성 비디오, 단어)\map_syn\datasets\morpheme\01\NIA_SL_WORD1985_REAL01_F_morpheme.json"
WORD1986,울진군지부,ok,"D:\매핑용( 단어 생성 비디오, 단어)\map_syn\datasets\morpheme\01\NIA_SL_WORD1986_REAL01_F_morpheme.json"
WORD1987,울진군수어통역센터,ok,"D:\매핑용( 단어 생성 비디오, 단어)\map_syn\datasets\morpheme\01\NIA_SL_WORD1987_REAL01_F_morpheme.json"
WORD1988,울진군주민지원센터,ok,"D:\매핑용( 단어 생성 비디오, 단어)\map_syn\datasets\morpheme\01\NIA_SL_WORD1988_REAL01_F_morpheme.json"
WORD1989,의성군지부,ok,"D:\매핑용( 단어 생성 비디오, 단어)\map_syn\datasets\morpheme\01\NIA_SL_WORD1989_REAL01_F_morpheme.json"
WORD1990,의성군수어통역센터,ok,"D:\매핑용( 단어 생성 비디오, 단어)\map_syn\datasets\morpheme\01\NIA_SL_WORD1990_REAL01_F_morpheme.json"
WORD1991,의성군주민지원센터,ok,"D:\매핑용( 단어 생성 비디오, 단어)\map_syn\datasets\morpheme\01\NIA_SL_WORD1991_REAL01_F_morpheme.json"
WORD1992,청도군지부,ok,"D:\매핑용( 단어 생성 비디오, 단어)\map_syn\datasets\morpheme\01\NIA_SL_WORD1992_REAL01_F_morpheme.json"
WORD1993,청도군수어통역센터,ok,"D:\매핑용( 단어 생성 비디오, 단어)\map_syn\datasets\morpheme\01\NIA_SL_WORD1993_REAL01_F_morpheme.json"
WORD1994,청도군주민지원센터,ok,"D:\매핑용( 단어 생성 비디오, 단어)\map_syn\datasets\morpheme\01\NIA_SL_WORD1994_REAL01_F_morpheme.json"
WORD1995,청송군지부,ok,"D:\매핑용( 단어 생성 비디오, 단어)\map_syn\datasets\morpheme\01\NIA_SL_WORD1995_REAL01_F_morpheme.json"
WORD1996,청송군수어통역센터,ok,"D:\매핑용( 단어 생성 비디오, 단어)\map_syn\datasets\morpheme\01\NIA_SL_WORD1996_REAL01_F_morpheme.json"
WORD1997,청송군주민지원센터,ok,"D:\매핑용( 단어 생성 비디오, 단어)\map_syn\datasets\morpheme\01\NIA_SL_WORD1997_REAL01_F_morpheme.json"
WORD1998,칠곡군지부,ok,"D:\매핑용( 단어 생성 비디오, 단어)\map_syn\datasets\morpheme\01\NIA_SL_WORD1998_REAL01_F_morpheme.json"
WORD1999,칠곡군수어통역센터,ok,"D:\매핑용( 단어 생성 비디오, 단어)\map_syn\datasets\morpheme\01\NIA_SL_WORD1999_REAL01_F_morpheme.json"
WORD2000,칠곡군주민지원센터,ok,"D:\매핑용( 단어 생성 비디오, 단어)\map_syn\datasets\morpheme\01\NIA_SL_WORD2000_REAL01_F_morpheme.json"
WORD2001,금시초문,ok,"D:\매핑용( 단어 생성 비디오, 단어)\map_syn\datasets\morpheme\01\NIA_SL_WORD2001_REAL01_F_morpheme.json"
WORD2002,중도포기,ok,"D:\매핑용( 단어 생성 비디오, 단어)\map_syn\datasets\morpheme\01\NIA_SL_WORD2002_REAL01_F_morpheme.json"
WORD2003,지식인,ok,"D:\매핑용( 단어 생성 비디오, 단어)\map_syn\datasets\morpheme\01\NIA_SL_WORD2003_REAL01_F_morpheme.json"
WORD2004,충격,ok,"D:\매핑용( 단어 생성 비디오, 단어)\map_syn\datasets\morpheme\01\NIA_SL_WORD2004_REAL01_F_morpheme.json"
WORD2005,아기,ok,"D:\매핑용( 단어 생성 비디오, 단어)\map_syn\datasets\morpheme\01\NIA_SL_WORD2005_REAL01_F_morpheme.json"
WORD2006,며느리,ok,"D:\매핑용( 단어 생성 비디오, 단어)\map_syn\datasets\morpheme\01\NIA_SL_WORD2006_REAL01_F_morpheme.json"
WORD2007,중독,ok,"D:\매핑용( 단어 생성 비디오, 단어)\map_syn\datasets\morpheme\01\NIA_SL_WORD2007_REAL01_F_morpheme.json"
WORD2008,피해자,ok,"D:\매핑용( 단어 생성 비디오, 단어)\map_syn\datasets\morpheme\01\NIA_SL_WORD2008_REAL01_F_morpheme.json"
WORD2009,사고력,ok,"D:\매핑용( 단어 생성 비디오, 단어)\map_syn\datasets\morpheme\01\NIA_SL_WORD2009_REAL01_F_morpheme.json"
WORD2010,아름답다,ok,"D:\매핑용( 단어 생성 비디오, 단어)\map_syn\datasets\morpheme\01\NIA_SL_WORD2010_REAL01_F_morpheme.json"
WORD2011,거만,ok,"D:\매핑용( 단어 생성 비디오, 단어)\map_syn\datasets\morpheme\01\NIA_SL_WORD2011_REAL01_F_morpheme.json"
WORD2012,반드시,ok,"D:\매핑용( 단어 생성 비디오, 단어)\map_syn\datasets\morpheme\01\NIA_SL_WORD2012_REAL01_F_morpheme.json"
WORD2013,한국인,ok,"D:\매핑용( 단어 생성 비디오, 단어)\map_syn\datasets\morpheme\01\NIA_SL_WORD2013_REAL01_F_morpheme.json"
WORD2014,사별,ok,"D:\매핑용( 단어 생성 비디오, 단어)\map_syn\datasets\morpheme\01\NIA_SL_WORD2014_REAL01_F_morpheme.json"
WORD2015,안색,ok,"D:\매핑용( 단어 생성 비디오, 단어)\map_syn\datasets\morpheme\01\NIA_SL_WORD2015_REAL01_F_morpheme.json"
WORD2016,어른,ok,"D:\매핑용( 단어 생성 비디오, 단어)\map_syn\datasets\morpheme\01\NIA_SL_WORD2016_REAL01_F_morpheme.json"
WORD2017,외동딸,ok,"D:\매핑용( 단어 생성 비디오, 단어)\map_syn\datasets\morpheme\01\NIA_SL_WORD2017_REAL01_F_morpheme.json"
WORD2018,외아들,ok,"D:\매핑용( 단어 생성 비디오, 단어)\map_syn\datasets\morpheme\01\NIA_SL_WORD2018_REAL01_F_morpheme.json"
WORD2019,뛰어나다,ok,"D:\매핑용( 단어 생성 비디오, 단어)\map_syn\datasets\morpheme\01\NIA_SL_WORD2019_REAL01_F_morpheme.json"
WORD2020,조용하다,ok,"D:\매핑용( 단어 생성 비디오, 단어)\map_syn\datasets\morpheme\01\NIA_SL_WORD2020_REAL01_F_morpheme.json"
WORD2021,존경하다,ok,"D:\매핑용( 단어 생성 비디오, 단어)\map_syn\datasets\morpheme\01\NIA_SL_WORD2021_REAL01_F_morpheme.json"
WORD2022,집요,ok,"D:\매핑용( 단어 생성 비디오, 단어)\map_syn\datasets\morpheme\01\NIA_SL_WORD2022_REAL01_F_morpheme.json"
WORD2023,청년,ok,"D:\매핑용( 단어 생성 비디오, 단어)\map_syn\datasets\morpheme\01\NIA_SL_WORD2023_REAL01_F_morpheme.json"
WORD2024,청소년,ok,"D:\매핑용( 단어 생성 비디오, 단어)\map_syn\datasets\morpheme\01\NIA_SL_WORD2024_REAL01_F_morpheme.json"
WORD2025,타인,ok,"D:\매핑용( 단어 생성 비디오, 단어)\map_syn\datasets\morpheme\01\NIA_SL_WORD2025_REAL01_F_morpheme.json"
WORD2026,기민하다,ok,"D:\매핑용( 단어 생성 비디오, 단어)\map_syn\datasets\morpheme\01\NIA_SL_WORD2026_REAL01_F_morpheme.json"
WORD2027,기지,ok,"D:\매핑용( 단어 생성 비디오, 단어)\map_syn\datasets\morpheme\01\NIA_SL_WORD2027_REAL01_F_morpheme.json"
WORD2028,잔소리,ok,"D:\매핑용( 단어 생성 비디오, 단어)\map_syn\datasets\morpheme\01\NIA_SL_WORD2028_REAL01_F_morpheme.json"
WORD2029,무산,ok,"D:\매핑용( 단어 생성 비디오, 단어)\map_syn\datasets\morpheme\01\NIA_SL_WORD2029_REAL01_F_morpheme.json"
WORD2030,무념무상,ok,"D:\매핑용( 단어 생성 비디오, 단어)\map_syn\datasets\morpheme\01\NIA_SL_WORD2030_REAL01_F_morpheme.json"
WORD2031,추측,ok,"D:\매핑용( 단어 생성 비디오, 단어)\map_syn\datasets\morpheme\01\NIA_SL_WORD2031_REAL01_F_morpheme.json"
WORD2032,노인,ok,"D:\매핑용( 단어 생성 비디오, 단어)\map_syn\datasets\morpheme\01\NIA_SL_WORD2032_REAL01_F_morpheme.json"
WORD2033,파헤치다,ok,"D:\매핑용( 단어 생성 비디오, 단어)\map_syn\datasets\morpheme\01\NIA_SL_WORD2033_REAL01_F_morpheme.json"
WORD2034,지혜,ok,"D:\매핑용( 단어 생성 비디오, 단어)\map_syn\datasets\morpheme\01\NIA_SL_WORD2034_REAL01_F_morpheme.json"
WORD2035,신문,ok,"D:\매핑용( 단어 생성 비디오, 단어)\map_syn\datasets\morpheme\01\NIA_SL_WORD2035_REAL01_F_morpheme.json"
WORD2036,목마르다,ok,"D:\매핑용( 단어 생성 비디오, 단어)\map_syn\datasets\morpheme\01\NIA_SL_WORD2036_REAL01_F_morpheme.json"
WORD2037,이력,ok,"D:\매핑용( 단어 생성 비디오, 단어)\map_syn\datasets\morpheme\01\NIA_SL_WORD2037_REAL01_F_morpheme.json"
WORD2038,알아서,ok,"D:\매핑용( 단어 생성 비디오, 단어)\map_syn\datasets\morpheme\01\NIA_SL_WORD2038_REAL01_F_morpheme.json"
WORD2039,몸무게,ok,"D:\매핑용( 단어 생성 비디오, 단어)\map_syn\datasets\morpheme\01\NIA_SL_WORD2039_REAL01_F_morpheme.json"
WORD2040,일반인,ok,"D:\매핑용( 단어 생성 비디오, 단어)\map_syn\datasets\morpheme\01\NIA_SL_WORD2040_REAL01_F_morpheme.json"
WORD2041,책임자,ok,"D:\매핑용( 단어 생성 비디오, 단어)\map_syn\datasets\morpheme\01\NIA_SL_WORD2041_REAL01_F_morpheme.json"
WORD2042,특기,ok,"D:\매핑용( 단어 생성 비디오, 단어)\map_syn\datasets\morpheme\01\NIA_SL_WORD2042_REAL01_F_morpheme.json"
WORD2043,발각,ok,"D:\매핑용( 단어 생성 비디오, 단어)\map_syn\datasets\morpheme\01\NIA_SL_WORD2043_REAL01_F_morpheme.json"
WORD2044,성냥불,ok,"D:\매핑용( 단어 생성 비디오, 단어)\map_syn\datasets\morpheme\01\NIA_SL_WORD2044_REAL01_F_morpheme.json"
WORD2045,구분,ok,"D:\매핑용( 단어 생성 비디오, 단어)\map_syn\datasets\morpheme\01\NIA_SL_WORD2045_REAL01_F_morpheme.json"
WORD2046,결심,ok,"D:\매핑용( 단어 생성 비디오, 단어)\map_syn\datasets\morpheme\01\NIA_SL_WORD2046_REAL01_F_morpheme.json"
WORD2047,간,ok,"D:\매핑용( 단어 생성 비디오, 단어)\map_syn\datasets\morpheme\01\NIA_SL_WORD2047_REAL01_F_morpheme.json"
WORD2048,걸음걸이,ok,"D:\매핑용( 단어 생성 비디오, 단어)\map_syn\datasets\morpheme\01\NIA_SL_WORD2048_REAL01_F_morpheme.json"
WORD2049,결심,ok,"D:\매핑용( 단어 생성 비디오, 단어)\map_syn\datasets\morpheme\01\NIA_SL_WORD2049_REAL01_F_morpheme.json"
WORD2050,계획,ok,"D:\매핑용( 단어 생성 비디오, 단어)\map_syn\datasets\morpheme\01\NIA_SL_WORD2050_REAL01_F_morpheme.json"
WORD2051,일부러,ok,"D:\매핑용( 단어 생성 비디오, 단어)\map_syn\datasets\morpheme\01\NIA_SL_WORD2051_REAL01_F_morpheme.json"
WORD2052,고인,ok,"D:\매핑용( 단어 생성 비디오, 단어)\map_syn\datasets\morpheme\01\NIA_SL_WORD2052_REAL01_F_morpheme.json"
WORD2053,동의,ok,"D:\매핑용( 단어 생성 비디오, 단어)\map_syn\datasets\morpheme\01\NIA_SL_WORD2053_REAL01_F_morpheme.json"
WORD2054,상상,ok,"D:\매핑용( 단어 생성 비디오, 단어)\map_syn\datasets\morpheme\01\NIA_SL_WORD2054_REAL01_F_morpheme.json"
WORD2055,새파래지다,ok,"D:\매핑용( 단어 생성 비디오, 단어)\map_syn\datasets\morpheme\01\NIA_SL_WORD2055_REAL01_F_morpheme.json"
WORD2056,예민,ok,"D:\매핑용( 단어 생성 비디오, 단어)\map_syn\datasets\morpheme\01\NIA_SL_WORD2056_REAL01_F_morpheme.json"
WORD2057,관광,ok,"D:\매핑용( 단어 생성 비디오, 단어)\map_syn\datasets\morpheme\01\NIA_SL_WORD2057_REAL01_F_morpheme.json"
WORD2058,태만,ok,"D:\매핑용( 단어 생성 비디오, 단어)\map_syn\datasets\morpheme\01\NIA_SL_WORD2058_REAL01_F_morpheme.json"
WORD2059,귀엽다,ok,"D:\매핑용( 단어 생성 비디오, 단어)\map_syn\datasets\morpheme\01\NIA_SL_WORD2059_REAL01_F_morpheme.json"
WORD2060,긍정적,ok,"D:\매핑용( 단어 생성 비디오, 단어)\map_syn\datasets\morpheme\01\NIA_SL_WORD2060_REAL01_F_morpheme.json"
WORD2061,뽐내다,ok,"D:\매핑용( 단어 생성 비디오, 단어)\map_syn\datasets\morpheme\01\NIA_SL_WORD2061_REAL01_F_morpheme.json"
WORD2062,기발,ok,"D:\매핑용( 단어 생성 비디오, 단어)\map_syn\datasets\morpheme\01\NIA_SL_WORD2062_REAL01_F_morpheme.json"
WORD2063,독특,ok,"D:\매핑용( 단어 생성 비디오, 단어)\map_syn\datasets\morpheme\01\NIA_SL_WORD2063_REAL01_F_morpheme.json"
WORD2064,여행자,ok,"D:\매핑용( 단어 생성 비디오, 단어)\map_syn\datasets\morpheme\01\NIA_SL_WORD2064_REAL01_F_morpheme.json"
WORD2065,노화,ok,"D:\매핑용( 단어 생성 비디오, 단어)\map_syn\datasets\morpheme\01\NIA_SL_WORD2065_REAL01_F_morpheme.json"
WORD2066,비상식적,ok,"D:\매핑용( 단어 생성 비디오, 단어)\map_syn\datasets\morpheme\01\NIA_SL_WORD2066_REAL01_F_morpheme.json"
WORD2067,가엾다,ok,"D:\매핑용( 단어 생성 비디오, 단어)\map_syn\datasets\morpheme\01\NIA_SL_WORD2067_REAL01_F_morpheme.json"
WORD2068,아둔하다,ok,"D:\매핑용( 단어 생성 비디오, 단어)\map_syn\datasets\morpheme\01\NIA_SL_WORD2068_REAL01_F_morpheme.json"
WORD2069,말솜씨,ok,"D:\매핑용( 단어 생성 비디오, 단어)\map_syn\datasets\morpheme\01\NIA_SL_WORD2069_REAL01_F_morpheme.json"
WORD2070,사색,ok,"D:\매핑용( 단어 생성 비디오, 단어)\map_syn\datasets\morpheme\01\NIA_SL_WORD2070_REAL01_F_morpheme.json"
WORD2071,판박이,ok,"D:\매핑용( 단어 생성 비디오, 단어)\map_syn\datasets\morpheme\01\NIA_SL_WORD2071_REAL01_F_morpheme.json"
WORD2072,체형,ok,"D:\매핑용( 단어 생성 비디오, 단어)\map_syn\datasets\morpheme\01\NIA_SL_WORD2072_REAL01_F_morpheme.json"
WORD2073,무기력,ok,"D:\매핑용( 단어 생성 비디오, 단어)\map_syn\datasets\morpheme\01\NIA_SL_WORD2073_REAL01_F_morpheme.json"
WORD2074,무분별,ok,"D:\매핑용( 단어 생성 비디오, 단어)\map_syn\datasets\morpheme\01\NIA_SL_WORD2074_REAL01_F_morpheme.json"
WORD2075,미성년,ok,"D:\매핑용( 단어 생성 비디오, 단어)\map_syn\datasets\morpheme\01\NIA_SL_WORD2075_REAL01_F_morpheme.json"
WORD2076,반성하다,ok,"D:\매핑용( 단어 생성 비디오, 단어)\map_syn\datasets\morpheme\01\NIA_SL_WORD2076_REAL01_F_morpheme.json"
WORD2077,변화,ok,"D:\매핑용( 단어 생성 비디오, 단어)\map_syn\datasets\morpheme\01\NIA_SL_WORD2077_REAL01_F_morpheme.json"
WORD2078,변천,ok,"D:\매핑용( 단어 생성 비디오, 단어)\map_syn\datasets\morpheme\01\NIA_SL_WORD2078_REAL01_F_morpheme.json"
WORD2079,본성,ok,"D:\매핑용( 단어 생성 비디오, 단어)\map_syn\datasets\morpheme\01\NIA_SL_WORD2079_REAL01_F_morpheme.json"
WORD2080,갑부,ok,"D:\매핑용( 단어 생성 비디오, 단어)\map_syn\datasets\morpheme\01\NIA_SL_WORD2080_REAL01_F_morpheme.json"
WORD2081,불성실,ok,"D:\매핑용( 단어 생성 비디오, 단어)\map_syn\datasets\morpheme\01\NIA_SL_WORD2081_REAL01_F_morpheme.json"
WORD2082,불신,ok,"D:\매핑용( 단어 생성 비디오, 단어)\map_syn\datasets\morpheme\01\NIA_SL_WORD2082_REAL01_F_morpheme.json"
WORD2083,불친절,ok,"D:\매핑용( 단어 생성 비디오, 단어)\map_syn\datasets\morpheme\01\NIA_SL_WORD2083_REAL01_F_morpheme.json"
WORD2084,사내,ok,"D:\매핑용( 단어 생성 비디오, 단어)\map_syn\datasets\morpheme\01\NIA_SL_WORD2084_REAL01_F_morpheme.json"
WORD2085,상상,ok,"D:\매핑용( 단어 생성 비디오, 단어)\map_syn\datasets\morpheme\01\NIA_SL_WORD2085_REAL01_F_morpheme.json"
WORD2086,성품,ok,"D:\매핑용( 단어 생성 비디오, 단어)\map_syn\datasets\morpheme\01\NIA_SL_WORD2086_REAL01_F_morpheme.json"
WORD2087,소외감,ok,"D:\매핑용( 단어 생성 비디오, 단어)\map_syn\datasets\morpheme\01\NIA_SL_WORD2087_REAL01_F_morpheme.json"
WORD2088,소지자,ok,"D:\매핑용( 단어 생성 비디오, 단어)\map_syn\datasets\morpheme\01\NIA_SL_WORD2088_REAL01_F_morpheme.json"
WORD2089,솜씨,ok,"D:\매핑용( 단어 생성 비디오, 단어)\map_syn\datasets\morpheme\01\NIA_SL_WORD2089_REAL01_F_morpheme.json"
WORD2090,솔직하다,ok,"D:\매핑용( 단어 생성 비디오, 단어)\map_syn\datasets\morpheme\01\NIA_SL_WORD2090_REAL01_F_morpheme.json"
WORD2091,허약자,ok,"D:\매핑용( 단어 생성 비디오, 단어)\map_syn\datasets\morpheme\01\NIA_SL_WORD2091_REAL01_F_morpheme.json"
WORD2092,실토,ok,"D:\매핑용( 단어 생성 비디오, 단어)\map_syn\datasets\morpheme\01\NIA_SL_WORD2092_REAL01_F_morpheme.json"
WORD2093,엉뚱,ok,"D:\매핑용( 단어 생성 비디오, 단어)\map_syn\datasets\morpheme\01\NIA_SL_WORD2093_REAL01_F_morpheme.json"
WORD2094,위인,ok,"D:\매핑용( 단어 생성 비디오, 단어)\map_syn\datasets\morpheme\01\NIA_SL_WORD2094_REAL01_F_morpheme.json"
WORD2095,예견,ok,"D:\매핑용( 단어 생성 비디오, 단어)\map_syn\datasets\morpheme\01\NIA_SL_WORD2095_REAL01_F_morpheme.json"
WORD2096,야망,ok,"D:\매핑용( 단어 생성 비디오, 단어)\map_syn\datasets\morpheme\01\NIA_SL_WORD2096_REAL01_F_morpheme.json"
WORD2097,얼굴형,ok,"D:\매핑용( 단어 생성 비디오, 단어)\map_syn\datasets\morpheme\01\NIA_SL_WORD2097_REAL01_F_morpheme.json"
WORD2098,울음소리,ok,"D:\매핑용( 단어 생성 비디오, 단어)\map_syn\datasets\morpheme\01\NIA_SL_WORD2098_REAL01_F_morpheme.json"
WORD2099,웃음소리,ok,"D:\매핑용( 단어 생성 비디오, 단어)\map_syn\datasets\morpheme\01\NIA_SL_WORD2099_REAL01_F_morpheme.json"
WORD2100,위,ok,"D:\매핑용( 단어 생성 비디오, 단어)\map_syn\datasets\morpheme\01\NIA_SL_WORD2100_REAL01_F_morpheme.json"
WORD2101,위인,ok,"D:\매핑용( 단어 생성 비디오, 단어)\map_syn\datasets\morpheme\01\NIA_SL_WORD2101_REAL01_F_morpheme.json"
WORD2102,욕망,ok,"D:\매핑용( 단어 생성 비디오, 단어)\map_syn\datasets\morpheme\01\NIA_SL_WORD2102_REAL01_F_morpheme.json"
WORD2103,의문,ok,"D:\매핑용( 단어 생성 비디오, 단어)\map_syn\datasets\morpheme\01\NIA_SL_WORD2103_REAL01_F_morpheme.json"
WORD2104,사욕,ok,"D:\매핑용( 단어 생성 비디오, 단어)\map_syn\datasets\morpheme\01\NIA_SL_WORD2104_REAL01_F_morpheme.json"
WORD2105,인성,ok,"D:\매핑용( 단어 생성 비디오, 단어)\map_syn\datasets\morpheme\01\NIA_SL_WORD2105_REAL01_F_morpheme.json"
WORD2106,인심,ok,"D:\매핑용( 단어 생성 비디오, 단어)\map_syn\datasets\morpheme\01\NIA_SL_WORD2106_REAL01_F_morpheme.json"
WORD2107,인체,ok,"D:\매핑용( 단어 생성 비디오, 단어)\map_syn\datasets\morpheme\01\NIA_SL_WORD2107_REAL01_F_morpheme.json"
WORD2108,가루약,ok,"D:\매핑용( 단어 생성 비디오, 단어)\map_syn\datasets\morpheme\01\NIA_SL_WORD2108_REAL01_F_morpheme.json"
WORD2109,기초체조,ok,"D:\매핑용( 단어 생성 비디오, 단어)\map_syn\datasets\morpheme\01\NIA_SL_WORD2109_REAL01_F_morpheme.json"
WORD2110,감염병,ok,"D:\매핑용( 단어 생성 비디오, 단어)\map_syn\datasets\morpheme\01\NIA_SL_WORD2110_REAL01_F_morpheme.json"
WORD2111,중병,ok,"D:\매핑용( 단어 생성 비디오, 단어)\map_syn\datasets\morpheme\01\NIA_SL_WORD2111_REAL01_F_morpheme.json"
WORD2112,선짓국,ok,"D:\매핑용( 단어 생성 비디오, 단어)\map_syn\datasets\morpheme\01\NIA_SL_WORD2112_REAL01_F_morpheme.json"
WORD2113,햅쌀,ok,"D:\매핑용( 단어 생성 비디오, 단어)\map_syn\datasets\morpheme\01\NIA_SL_WORD2113_REAL01_F_morpheme.json"
WORD2114,호떡,ok,"D:\매핑용( 단어 생성 비디오, 단어)\map_syn\datasets\morpheme\01\NIA_SL_WORD2114_REAL01_F_morpheme.json"
WORD2115,들키다,ok,"D:\매핑용( 단어 생성 비디오, 단어)\map_syn\datasets\morpheme\01\NIA_SL_WORD2115_REAL01_F_morpheme.json"
WORD2116,결혼식,ok,"D:\매핑용( 단어 생성 비디오, 단어)\map_syn\datasets\morpheme\01\NIA_SL_WORD2116_REAL01_F_morpheme.json"
WORD2117,잠기다,ok,"D:\매핑용( 단어 생성 비디오, 단어)\map_syn\datasets\morpheme\01\NIA_SL_WORD2117_REAL01_F_morpheme.json"
WORD2118,노고,ok,"D:\매핑용( 단어 생성 비디오, 단어)\map_syn\datasets\morpheme\01\NIA_SL_WORD2118_REAL01_F_morpheme.json"
WORD2119,공범,ok,"D:\매핑용( 단어 생성 비디오, 단어)\map_syn\datasets\morpheme\01\NIA_SL_WORD2119_REAL01_F_morpheme.json"
WORD2120,고조할아버지,ok,"D:\매핑용( 단어 생성 비디오, 단어)\map_syn\datasets\morpheme\01\NIA_SL_WORD2120_REAL01_F_morpheme.json"
WORD2121,난감하다,ok,"D:\매핑용( 단어 생성 비디오, 단어)\map_syn\datasets\morpheme\01\NIA_SL_WORD2121_REAL01_F_morpheme.json"
WORD2122,여리다,ok,"D:\매핑용( 단어 생성 비디오, 단어)\map_syn\datasets\morpheme\01\NIA_SL_WORD2122_REAL01_F_morpheme.json"
WORD2123,구화,ok,"D:\매핑용( 단어 생성 비디오, 단어)\map_syn\datasets\morpheme\01\NIA_SL_WORD2123_REAL01_F_morpheme.json"
WORD2124,노년기,ok,"D:\매핑용( 단어 생성 비디오, 단어)\map_syn\datasets\morpheme\01\NIA_SL_WORD2124_REAL01_F_morpheme.json"
WORD2125,노부모,ok,"D:\매핑용( 단어 생성 비디오, 단어)\map_syn\datasets\morpheme\01\NIA_SL_WORD2125_REAL01_F_morpheme.json"
WORD2126,매형,ok,"D:\매핑용( 단어 생성 비디오, 단어)\map_syn\datasets\morpheme\01\NIA_SL_WORD2126_REAL01_F_morpheme.json"
WORD2127,제부,ok,"D:\매핑용( 단어 생성 비디오, 단어)\map_syn\datasets\morpheme\01\NIA_SL_WORD2127_REAL01_F_morpheme.json"
WORD2128,수상,ok,"D:\매핑용( 단어 생성 비디오, 단어)\map_syn\datasets\morpheme\01\NIA_SL_WORD2128_REAL01_F_morpheme.json"
WORD2129,검술,ok,"D:\매핑용( 단어 생성 비디오, 단어)\map_syn\datasets\morpheme\01\NIA_SL_WORD2129_REAL01_F_morpheme.json"
WORD2130,물놀이,ok,"D:\매핑용( 단어 생성 비디오, 단어)\map_syn\datasets\morpheme\01\NIA_SL_WORD2130_REAL01_F_morpheme.json"
WORD2131,물약,ok,"D:\매핑용( 단어 생성 비디오, 단어)\map_syn\datasets\morpheme\01\NIA_SL_WORD2131_REAL01_F_morpheme.json"
WORD2132,돌보다,ok,"D:\매핑용( 단어 생성 비디오, 단어)\map_syn\datasets\morpheme\01\NIA_SL_WORD2132_REAL01_F_morpheme.json"
WORD2133,생계,ok,"D:\매핑용( 단어 생성 비디오, 단어)\map_syn\datasets\morpheme\01\NIA_SL_WORD2133_REAL01_F_morpheme.json"
WORD2134,친모,ok,"D:\매핑용( 단어 생성 비디오, 단어)\map_syn\datasets\morpheme\01\NIA_SL_WORD2134_REAL01_F_morpheme.json"
WORD2135,친부,ok,"D:\매핑용( 단어 생성 비디오, 단어)\map_syn\datasets\morpheme\01\NIA_SL_WORD2135_REAL01_F_morpheme.json"
WORD2136,생일,ok,"D:\매핑용( 단어 생성 비디오, 단어)\map_syn\datasets\morpheme\01\NIA_SL_WORD2136_REAL01_F_morpheme.json"
WORD2137,작은엄마,ok,"D:\매핑용( 단어 생성 비디오, 단어)\map_syn\datasets\morpheme\01\NIA_SL_WORD2137_REAL01_F_morpheme.json"
WORD2138,작은아빠,ok,"D:\매핑용( 단어 생성 비디오, 단어)\map_syn\datasets\morpheme\01\NIA_SL_WORD2138_REAL01_F_morpheme.json"
WORD2139,의문,ok,"D:\매핑용( 단어 생성 비디오, 단어)\map_syn\datasets\morpheme\01\NIA_SL_WORD2139_REAL01_F_morpheme.json"
WORD2140,도련님,ok,"D:\매핑용( 단어 생성 비디오, 단어)\map_syn\datasets\morpheme\01\NIA_SL_WORD2140_REAL01_F_morpheme.json"
WORD2141,시어머니,ok,"D:\매핑용( 단어 생성 비디오, 단어)\map_syn\datasets\morpheme\01\NIA_SL_WORD2141_REAL01_F_morpheme.json"
WORD2142,아주버님,ok,"D:\매핑용( 단어 생성 비디오, 단어)\map_syn\datasets\morpheme\01\NIA_SL_WORD2142_REAL01_F_morpheme.json"
WORD2143,신부,ok,"D:\매핑용( 단어 생성 비디오, 단어)\map_syn\datasets\morpheme\01\NIA_SL_WORD2143_REAL01_F_morpheme.json"
WORD2144,신혼,ok,"D:\매핑용( 단어 생성 비디오, 단어)\map_syn\datasets\morpheme\01\NIA_SL_WORD2144_REAL01_F_morpheme.json"
WORD2145,약효,ok,"D:\매핑용( 단어 생성 비디오, 단어)\map_syn\datasets\morpheme\01\NIA_SL_WORD2145_REAL01_F_morpheme.json"
WORD2146,여드름,ok,"D:\매핑용( 단어 생성 비디오, 단어)\map_syn\datasets\morpheme\01\NIA_SL_WORD2146_REAL01_F_morpheme.json"
WORD2147,염색,ok,"D:\매핑용( 단어 생성 비디오, 단어)\map_syn\datasets\morpheme\01\NIA_SL_WORD2147_REAL01_F_morpheme.json"
WORD2148,긴가민가,ok,"D:\매핑용( 단어 생성 비디오, 단어)\map_syn\datasets\morpheme\01\NIA_SL_WORD2148_REAL01_F_morpheme.json"
WORD2149,미심쩍다,ok,"D:\매핑용( 단어 생성 비디오, 단어)\map_syn\datasets\morpheme\01\NIA_SL_WORD2149_REAL01_F_morpheme.json"
WORD2150,의혹,ok,"D:\매핑용( 단어 생성 비디오, 단어)\map_syn\datasets\morpheme\01\NIA_SL_WORD2150_REAL01_F_morpheme.json"
WORD2151,외할머니,ok,"D:\매핑용( 단어 생성 비디오, 단어)\map_syn\datasets\morpheme\01\NIA_SL_WORD2151_REAL01_F_morpheme.json"
WORD2152,외할아버지,ok,"D:\매핑용( 단어 생성 비디오, 단어)\map_syn\datasets\morpheme\01\NIA_SL_WORD2152_REAL01_F_morpheme.json"
WORD2153,운동장,ok,"D:\매핑용( 단어 생성 비디오, 단어)\map_syn\datasets\morpheme\01\NIA_SL_WORD2153_REAL01_F_morpheme.json"
WORD2154,의혹,ok,"D:\매핑용( 단어 생성 비디오, 단어)\map_syn\datasets\morpheme\01\NIA_SL_WORD2154_REAL01_F_morpheme.json"
WORD2155,낙인,ok,"D:\매핑용( 단어 생성 비디오, 단어)\map_syn\datasets\morpheme\01\NIA_SL_WORD2155_REAL01_F_morpheme.json"
WORD2156,세뇌,ok,"D:\매핑용( 단어 생성 비디오, 단어)\map_syn\datasets\morpheme\01\NIA_SL_WORD2156_REAL01_F_morpheme.json"
WORD2157,작은할아버지,ok,"D:\매핑용( 단어 생성 비디오, 단어)\map_syn\datasets\morpheme\01\NIA_SL_WORD2157_REAL01_F_morpheme.json"
WORD2158,장난감,ok,"D:\매핑용( 단어 생성 비디오, 단어)\map_syn\datasets\morpheme\01\NIA_SL_WORD2158_REAL01_F_morpheme.json"
WORD2159,발인,ok,"D:\매핑용( 단어 생성 비디오, 단어)\map_syn\datasets\morpheme\01\NIA_SL_WORD2159_REAL01_F_morpheme.json"
WORD2160,장모,ok,"D:\매핑용( 단어 생성 비디오, 단어)\map_syn\datasets\morpheme\01\NIA_SL_WORD2160_REAL01_F_morpheme.json"
WORD2161,장인어른,ok,"D:\매핑용( 단어 생성 비디오, 단어)\map_syn\datasets\morpheme\01\NIA_SL_WORD2161_REAL01_F_morpheme.json"
WORD2162,처남,ok,"D:\매핑용( 단어 생성 비디오, 단어)\map_syn\datasets\morpheme\01\NIA_SL_WORD2162_REAL01_F_morpheme.json"
WORD2163,처형,ok,"D:\매핑용( 단어 생성 비디오, 단어)\map_syn\datasets\morpheme\01\NIA_SL_WORD2163_REAL01_F_morpheme.json"
WORD2164,알맞다,ok,"D:\매핑용( 단어 생성 비디오, 단어)\map_syn\datasets\morpheme\01\NIA_SL_WORD2164_REAL01_F_morpheme.json"
WORD2165,큰아버지,ok,"D:\매핑용( 단어 생성 비디오, 단어)\map_syn\datasets\morpheme\01\NIA_SL_WORD2165_REAL01_F_morpheme.json"
WORD2166,큰어머니,ok,"D:\매핑용( 단어 생성 비디오, 단어)\map_syn\datasets\morpheme\01\NIA_SL_WORD2166_REAL01_F_morpheme.json"
WORD2167,큰언니,ok,"D:\매핑용( 단어 생성 비디오, 단어)\map_syn\datasets\morpheme\01\NIA_SL_WORD2167_REAL01_F_morpheme.json"
WORD2168,큰형,ok,"D:\매핑용( 단어 생성 비디오, 단어)\map_syn\datasets\morpheme\01\NIA_SL_WORD2168_REAL01_F_morpheme.json"
WORD2169,강요,ok,"D:\매핑용( 단어 생성 비디오, 단어)\map_syn\datasets\morpheme\01\NIA_SL_WORD2169_REAL01_F_morpheme.json"
WORD2170,형수,ok,"D:\매핑용( 단어 생성 비디오, 단어)\map_syn\datasets\morpheme\01\NIA_SL_WORD2170_REAL01_F_morpheme.json"
WORD2171,환갑,ok,"D:\매핑용( 단어 생성 비디오, 단어)\map_syn\datasets\morpheme\01\NIA_SL_WORD2171_REAL01_F_morpheme.json"
WORD2172,회생,ok,"D:\매핑용( 단어 생성 비디오, 단어)\map_syn\datasets\morpheme\01\NIA_SL_WORD2172_REAL01_F_morpheme.json"
WORD2173,직인,ok,"D:\매핑용( 단어 생성 비디오, 단어)\map_syn\datasets\morpheme\01\NIA_SL_WORD2173_REAL01_F_morpheme.json"
WORD2174,용돈,ok,"D:\매핑용( 단어 생성 비디오, 단어)\map_syn\datasets\morpheme\01\NIA_SL_WORD2174_REAL01_F_morpheme.json"
WORD2175,공문,ok,"D:\매핑용( 단어 생성 비디오, 단어)\map_syn\datasets\morpheme\01\NIA_SL_WORD2175_REAL01_F_morpheme.json"
WORD2176,고리타분,ok,"D:\매핑용( 단어 생성 비디오, 단어)\map_syn\datasets\morpheme\01\NIA_SL_WORD2176_REAL01_F_morpheme.json"
WORD2177,공항,ok,"D:\매핑용( 단어 생성 비디오, 단어)\map_syn\datasets\morpheme\01\NIA_SL_WORD2177_REAL01_F_morpheme.json"
WORD2178,구조,ok,"D:\매핑용( 단어 생성 비디오, 단어)\map_syn\datasets\morpheme\01\NIA_SL_WORD2178_REAL01_F_morpheme.json"
WORD2179,월급,ok,"D:\매핑용( 단어 생성 비디오, 단어)\map_syn\datasets\morpheme\01\NIA_SL_WORD2179_REAL01_F_morpheme.json"
WORD2180,기술자,ok,"D:\매핑용( 단어 생성 비디오, 단어)\map_syn\datasets\morpheme\01\NIA_SL_WORD2180_REAL01_F_morpheme.json"
WORD2181,합심,ok,"D:\매핑용( 단어 생성 비디오, 단어)\map_syn\datasets\morpheme\01\NIA_SL_WORD2181_REAL01_F_morpheme.json"
WORD2182,반납,ok,"D:\매핑용( 단어 생성 비디오, 단어)\map_syn\datasets\morpheme\01\NIA_SL_WORD2182_REAL01_F_morpheme.json"
WORD2183,사무실,ok,"D:\매핑용( 단어 생성 비디오, 단어)\map_syn\datasets\morpheme\01\NIA_SL_WORD2183_REAL01_F_morpheme.json"
WORD2184,직원,ok,"D:\매핑용( 단어 생성 비디오, 단어)\map_syn\datasets\morpheme\01\NIA_SL_WORD2184_REAL01_F_morpheme.json"
WORD2185,사장,ok,"D:\매핑용( 단어 생성 비디오, 단어)\map_syn\datasets\morpheme\01\NIA_SL_WORD2185_REAL01_F_morpheme.json"
WORD2186,퇴사,ok,"D:\매핑용( 단어 생성 비디오, 단어)\map_syn\datasets\morpheme\01\NIA_SL_WORD2186_REAL01_F_morpheme.json"
WORD2187,받다,ok,"D:\매핑용( 단어 생성 비디오, 단어)\map_syn\datasets\morpheme\01\NIA_SL_WORD2187_REAL01_F_morpheme.json"
WORD2188,책무,ok,"D:\매핑용( 단어 생성 비디오, 단어)\map_syn\datasets\morpheme\01\NIA_SL_WORD2188_REAL01_F_morpheme.json"
WORD2189,사업,ok,"D:\매핑용( 단어 생성 비디오, 단어)\map_syn\datasets\morpheme\01\NIA_SL_WORD2189_REAL01_F_morpheme.json"
WORD2190,운전자,ok,"D:\매핑용( 단어 생성 비디오, 단어)\map_syn\datasets\morpheme\01\NIA_SL_WORD2190_REAL01_F_morpheme.json"
WORD2191,일본어,ok,"D:\매핑용( 단어 생성 비디오, 단어)\map_syn\datasets\morpheme\01\NIA_SL_WORD2191_REAL01_F_morpheme.json"
WORD2192,일터,ok,"D:\매핑용( 단어 생성 비디오, 단어)\map_syn\datasets\morpheme\01\NIA_SL_WORD2192_REAL01_F_morpheme.json"
WORD2193,전근,ok,"D:\매핑용( 단어 생성 비디오, 단어)\map_syn\datasets\morpheme\01\NIA_SL_WORD2193_REAL01_F_morpheme.json"
WORD2194,경비,ok,"D:\매핑용( 단어 생성 비디오, 단어)\map_syn\datasets\morpheme\01\NIA_SL_WORD2194_REAL01_F_morpheme.json"
WORD2195,구인,ok,"D:\매핑용( 단어 생성 비디오, 단어)\map_syn\datasets\morpheme\01\NIA_SL_WORD2195_REAL01_F_morpheme.json"
WORD2196,취업,ok,"D:\매핑용( 단어 생성 비디오, 단어)\map_syn\datasets\morpheme\01\NIA_SL_WORD2196_REAL01_F_morpheme.json"
WORD2197,문득,ok,"D:\매핑용( 단어 생성 비디오, 단어)\map_syn\datasets\morpheme\01\NIA_SL_WORD2197_REAL01_F_morpheme.json"
WORD2198,알려주다,ok,"D:\매핑용( 단어 생성 비디오, 단어)\map_syn\datasets\morpheme\01\NIA_SL_WORD2198_REAL01_F_morpheme.json"
WORD2199,한국어,ok,"D:\매핑용( 단어 생성 비디오, 단어)\map_syn\datasets\morpheme\01\NIA_SL_WORD2199_REAL01_F_morpheme.json"
WORD2200,한글,ok,"D:\매핑용( 단어 생성 비디오, 단어)\map_syn\datasets\morpheme\01\NIA_SL_WORD2200_REAL01_F_morpheme.json"
WORD2201,화가,ok,"D:\매핑용( 단어 생성 비디오, 단어)\map_syn\datasets\morpheme\01\NIA_SL_WORD2201_REAL01_F_morpheme.json"
WORD2202,망각,ok,"D:\매핑용( 단어 생성 비디오, 단어)\map_syn\datasets\morpheme\01\NIA_SL_WORD2202_REAL01_F_morpheme.json"
WORD2203,새털,ok,"D:\매핑용( 단어 생성 비디오, 단어)\map_syn\datasets\morpheme\01\NIA_SL_WORD2203_REAL01_F_morpheme.json"
WORD2204,물다,ok,"D:\매핑용( 단어 생성 비디오, 단어)\map_syn\datasets\morpheme\01\NIA_SL_WORD2204_REAL01_F_morpheme.json"
WORD2205,잊어버리다,ok,"D:\매핑용( 단어 생성 비디오, 단어)\map_syn\datasets\morpheme\01\NIA_SL_WORD2205_REAL01_F_morpheme.json"
WORD2206,깜빡하다,ok,"D:\매핑용( 단어 생성 비디오, 단어)\map_syn\datasets\morpheme\01\NIA_SL_WORD2206_REAL01_F_morpheme.json"
WORD2207,돋보이다,ok,"D:\매핑용( 단어 생성 비디오, 단어)\map_syn\datasets\morpheme\01\NIA_SL_WORD2207_REAL01_F_morpheme.json"
WORD2208,들키다,ok,"D:\매핑용( 단어 생성 비디오, 단어)\map_syn\datasets\morpheme\01\NIA_SL_WORD2208_REAL01_F_morpheme.json"
WORD2209,빚더미,ok,"D:\매핑용( 단어 생성 비디오, 단어)\map_syn\datasets\morpheme\01\NIA_SL_WORD2209_REAL01_F_morpheme.json"
WORD2210,유구무언,ok,"D:\매핑용( 단어 생성 비디오, 단어)\map_syn\datasets\morpheme\01\NIA_SL_WORD2210_REAL01_F_morpheme.json"
WORD2211,욕구,ok,"D:\매핑용( 단어 생성 비디오, 단어)\map_syn\datasets\morpheme\01\NIA_SL_WORD2211_REAL01_F_morpheme.json"
WORD2212,재벌,ok,"D:\매핑용( 단어 생성 비디오, 단어)\map_syn\datasets\morpheme\01\NIA_SL_WORD2212_REAL01_F_morpheme.json"
WORD2213,일시불,ok,"D:\매핑용( 단어 생성 비디오, 단어)\map_syn\datasets\morpheme\01\NIA_SL_WORD2213_REAL01_F_morpheme.json"
WORD2214,벼락부자,ok,"D:\매핑용( 단어 생성 비디오, 단어)\map_syn\datasets\morpheme\01\NIA_SL_WORD2214_REAL01_F_morpheme.json"
WORD2215,궁하다,ok,"D:\매핑용( 단어 생성 비디오, 단어)\map_syn\datasets\morpheme\01\NIA_SL_WORD2215_REAL01_F_morpheme.json"
WORD2216,의욕,ok,"D:\매핑용( 단어 생성 비디오, 단어)\map_syn\datasets\morpheme\01\NIA_SL_WORD2216_REAL01_F_morpheme.json"
WORD2217,맥없다,ok,"D:\매핑용( 단어 생성 비디오, 단어)\map_syn\datasets\morpheme\01\NIA_SL_WORD2217_REAL01_F_morpheme.json"
WORD2218,탕진,ok,"D:\매핑용( 단어 생성 비디오, 단어)\map_syn\datasets\morpheme\01\NIA_SL_WORD2218_REAL01_F_morpheme.json"
WORD2219,맥없다,ok,"D:\매핑용( 단어 생성 비디오, 단어)\map_syn\datasets\morpheme\01\NIA_SL_WORD2219_REAL01_F_morpheme.json"
WORD2220,인색하다,ok,"D:\매핑용( 단어 생성 비디오, 단어)\map_syn\datasets\morpheme\01\NIA_SL_WORD2220_REAL01_F_morpheme.json"
WORD2221,인색하다,ok,"D:\매핑용( 단어 생성 비디오, 단어)\map_syn\datasets\morpheme\01\NIA_SL_WORD2221_REAL01_F_morpheme.json"
WORD2222,교섭,ok,"D:\매핑용( 단어 생성 비디오, 단어)\map_syn\datasets\morpheme\01\NIA_SL_WORD2222_REAL01_F_morpheme.json"
WORD2223,합의,ok,"D:\매핑용( 단어 생성 비디오, 단어)\map_syn\datasets\morpheme\01\NIA_SL_WORD2223_REAL01_F_morpheme.json"
WORD2224,맥없다,ok,"D:\매핑용( 단어 생성 비디오, 단어)\map_syn\datasets\morpheme\01\NIA_SL_WORD2224_REAL01_F_morpheme.json"
WORD2225,질색,ok,"D:\매핑용( 단어 생성 비디오, 단어)\map_syn\datasets\morpheme\01\NIA_SL_WORD2225_REAL01_F_morpheme.json"
WORD2226,거절,ok,"D:\매핑용( 단어 생성 비디오, 단어)\map_syn\datasets\morpheme\01\NIA_SL_WORD2226_REAL01_F_morpheme.json"
WORD2227,미진하다,ok,"D:\매핑용( 단어 생성 비디오, 단어)\map_syn\datasets\morpheme\01\NIA_SL_WORD2227_REAL01_F_morpheme.json"
WORD2228,표리부동,ok,"D:\매핑용( 단어 생성 비디오, 단어)\map_syn\datasets\morpheme\01\NIA_SL_WORD2228_REAL01_F_morpheme.json"
WORD2229,대물림,ok,"D:\매핑용( 단어 생성 비디오, 단어)\map_syn\datasets\morpheme\01\NIA_SL_WORD2229_REAL01_F_morpheme.json"
WORD2230,대물림,ok,"D:\매핑용( 단어 생성 비디오, 단어)\map_syn\datasets\morpheme\01\NIA_SL_WORD2230_REAL01_F_morpheme.json"
WORD2231,변제,ok,"D:\매핑용( 단어 생성 비디오, 단어)\map_syn\datasets\morpheme\01\NIA_SL_WORD2231_REAL01_F_morpheme.json"
WORD2232,갑절,ok,"D:\매핑용( 단어 생성 비디오, 단어)\map_syn\datasets\morpheme\01\NIA_SL_WORD2232_REAL01_F_morpheme.json"
WORD2233,권력,ok,"D:\매핑용( 단어 생성 비디오, 단어)\map_syn\datasets\morpheme\01\NIA_SL_WORD2233_REAL01_F_morpheme.json"
WORD2234,착취,ok,"D:\매핑용( 단어 생성 비디오, 단어)\map_syn\datasets\morpheme\01\NIA_SL_WORD2234_REAL01_F_morpheme.json"
WORD2235,값비싸다,ok,"D:\매핑용( 단어 생성 비디오, 단어)\map_syn\datasets\morpheme\01\NIA_SL_WORD2235_REAL01_F_morpheme.json"
WORD2236,재량,ok,"D:\매핑용( 단어 생성 비디오, 단어)\map_syn\datasets\morpheme\01\NIA_SL_WORD2236_REAL01_F_morpheme.json"
WORD2237,재량,ok,"D:\매핑용( 단어 생성 비디오, 단어)\map_syn\datasets\morpheme\01\NIA_SL_WORD2237_REAL01_F_morpheme.json"
WORD2238,무자격,ok,"D:\매핑용( 단어 생성 비디오, 단어)\map_syn\datasets\morpheme\01\NIA_SL_WORD2238_REAL01_F_morpheme.json"
WORD2239,상상하다,ok,"D:\매핑용( 단어 생성 비디오, 단어)\map_syn\datasets\morpheme\01\NIA_SL_WORD2239_REAL01_F_morpheme.json"
WORD2240,헛수고,ok,"D:\매핑용( 단어 생성 비디오, 단어)\map_syn\datasets\morpheme\01\NIA_SL_WORD2240_REAL01_F_morpheme.json"
WORD2241,미달성,ok,"D:\매핑용( 단어 생성 비디오, 단어)\map_syn\datasets\morpheme\01\NIA_SL_WORD2241_REAL01_F_morpheme.json"
WORD2242,대박,ok,"D:\매핑용( 단어 생성 비디오, 단어)\map_syn\datasets\morpheme\01\NIA_SL_WORD2242_REAL01_F_morpheme.json"
WORD2243,분주하다,ok,"D:\매핑용( 단어 생성 비디오, 단어)\map_syn\datasets\morpheme\01\NIA_SL_WORD2243_REAL01_F_morpheme.json"
WORD2244,고수입,ok,"D:\매핑용( 단어 생성 비디오, 단어)\map_syn\datasets\morpheme\01\NIA_SL_WORD2244_REAL01_F_morpheme.json"
WORD2245,일확천금,ok,"D:\매핑용( 단어 생성 비디오, 단어)\map_syn\datasets\morpheme\01\NIA_SL_WORD2245_REAL01_F_morpheme.json"
WORD2246,근근이,ok,"D:\매핑용( 단어 생성 비디오, 단어)\map_syn\datasets\morpheme\01\NIA_SL_WORD2246_REAL01_F_morpheme.json"
WORD2247,근근이,ok,"D:\매핑용( 단어 생성 비디오, 단어)\map_syn\datasets\morpheme\01\NIA_SL_WORD2247_REAL01_F_morpheme.json"
WORD2248,혈안,ok,"D:\매핑용( 단어 생성 비디오, 단어)\map_syn\datasets\morpheme\01\NIA_SL_WORD2248_REAL01_F_morpheme.json"
WORD2249,계획적,ok,"D:\매핑용( 단어 생성 비디오, 단어)\map_syn\datasets\morpheme\01\NIA_SL_WORD2249_REAL01_F_morpheme.json"
WORD2250,폐업,ok,"D:\매핑용( 단어 생성 비디오, 단어)\map_syn\datasets\morpheme\01\NIA_SL_WORD2250_REAL01_F_morpheme.json"
WORD2251,폐업,ok,"D:\매핑용( 단어 생성 비디오, 단어)\map_syn\datasets\morpheme\01\NIA_SL_WORD2251_REAL01_F_morpheme.json"
WORD2252,폐업,ok,"D:\매핑용( 단어 생성 비디오, 단어)\map_syn\datasets\morpheme\01\NIA_SL_WORD2252_REAL01_F_morpheme.json"
WORD2253,조종하다,ok,"D:\매핑용( 단어 생성 비디오, 단어)\map_syn\datasets\morpheme\01\NIA_SL_WORD2253_REAL01_F_morpheme.json"
WORD2254,탕진,ok,"D:\매핑용( 단어 생성 비디오, 단어)\map_syn\datasets\morpheme\01\NIA_SL_WORD2254_REAL01_F_morpheme.json"
WORD2255,마지못하다,ok,"D:\매핑용( 단어 생성 비디오, 단어)\map_syn\datasets\morpheme\01\NIA_SL_WORD2255_REAL01_F_morpheme.json"
WORD2256,사교,ok,"D:\매핑용( 단어 생성 비디오, 단어)\map_syn\datasets\morpheme\01\NIA_SL_WORD2256_REAL01_F_morpheme.json"
WORD2257,물론,ok,"D:\매핑용( 단어 생성 비디오, 단어)\map_syn\datasets\morpheme\01\NIA_SL_WORD2257_REAL01_F_morpheme.json"
WORD2258,유명하다,ok,"D:\매핑용( 단어 생성 비디오, 단어)\map_syn\datasets\morpheme\01\NIA_SL_WORD2258_REAL01_F_morpheme.json"
WORD2259,무례,ok,"D:\매핑용( 단어 생성 비디오, 단어)\map_syn\datasets\morpheme\01\NIA_SL_WORD2259_REAL01_F_morpheme.json"
WORD2260,무례,ok,"D:\매핑용( 단어 생성 비디오, 단어)\map_syn\datasets\morpheme\01\NIA_SL_WORD2260_REAL01_F_morpheme.json"
WORD2261,역력하다,ok,"D:\매핑용( 단어 생성 비디오, 단어)\map_syn\datasets\morpheme\01\NIA_SL_WORD2261_REAL01_F_morpheme.json"
WORD2262,표리부동,ok,"D:\매핑용( 단어 생성 비디오, 단어)\map_syn\datasets\morpheme\01\NIA_SL_WORD2262_REAL01_F_morpheme.json"
WORD2263,비상식적,ok,"D:\매핑용( 단어 생성 비디오, 단어)\map_syn\datasets\morpheme\01\NIA_SL_WORD2263_REAL01_F_morpheme.json"
WORD2264,부합되다,ok,"D:\매핑용( 단어 생성 비디오, 단어)\map_syn\datasets\morpheme\01\NIA_SL_WORD2264_REAL01_F_morpheme.json"
WORD2265,매료되다,ok,"D:\매핑용( 단어 생성 비디오, 단어)\map_syn\datasets\morpheme\01\NIA_SL_WORD2265_REAL01_F_morpheme.json"
WORD2266,판박이,ok,"D:\매핑용( 단어 생성 비디오, 단어)\map_syn\datasets\morpheme\01\NIA_SL_WORD2266_REAL01_F_morpheme.json"
WORD2267,판박이,ok,"D:\매핑용( 단어 생성 비디오, 단어)\map_syn\datasets\morpheme\01\NIA_SL_WORD2267_REAL01_F_morpheme.json"
WORD2268,그렇다,ok,"D:\매핑용( 단어 생성 비디오, 단어)\map_syn\datasets\morpheme\01\NIA_SL_WORD2268_REAL01_F_morpheme.json"
WORD2269,등지다,ok,"D:\매핑용( 단어 생성 비디오, 단어)\map_syn\datasets\morpheme\01\NIA_SL_WORD2269_REAL01_F_morpheme.json"
WORD2270,무경험,ok,"D:\매핑용( 단어 생성 비디오, 단어)\map_syn\datasets\morpheme\01\NIA_SL_WORD2270_REAL01_F_morpheme.json"
WORD2271,끊다,ok,"D:\매핑용( 단어 생성 비디오, 단어)\map_syn\datasets\morpheme\01\NIA_SL_WORD2271_REAL01_F_morpheme.json"
WORD2272,기피하다,ok,"D:\매핑용( 단어 생성 비디오, 단어)\map_syn\datasets\morpheme\01\NIA_SL_WORD2272_REAL01_F_morpheme.json"
WORD2273,기피하다,ok,"D:\매핑용( 단어 생성 비디오, 단어)\map_syn\datasets\morpheme\01\NIA_SL_WORD2273_REAL01_F_morpheme.json"
WORD2274,아부,ok,"D:\매핑용( 단어 생성 비디오, 단어)\map_syn\datasets\morpheme\01\NIA_SL_WORD2274_REAL01_F_morpheme.json"
WORD2275,아부,ok,"D:\매핑용( 단어 생성 비디오, 단어)\map_syn\datasets\morpheme\01\NIA_SL_WORD2275_REAL01_F_morpheme.json"
WORD2276,아부,ok,"D:\매핑용( 단어 생성 비디오, 단어)\map_syn\datasets\morpheme\01\NIA_SL_WORD2276_REAL01_F_morpheme.json"
WORD2277,맹세,ok,"D:\매핑용( 단어 생성 비디오, 단어)\map_syn\datasets\morpheme\01\NIA_SL_WORD2277_REAL01_F_morpheme.json"
WORD2278,거만,ok,"D:\매핑용( 단어 생성 비디오, 단어)\map_syn\datasets\morpheme\01\NIA_SL_WORD2278_REAL01_F_morpheme.json"
WORD2279,가만히,ok,"D:\매핑용( 단어 생성 비디오, 단어)\map_syn\datasets\morpheme\01\NIA_SL_WORD2279_REAL01_F_morpheme.json"
WORD2280,유치하다,ok,"D:\매핑용( 단어 생성 비디오, 단어)\map_syn\datasets\morpheme\01\NIA_SL_WORD2280_REAL01_F_morpheme.json"
WORD2281,유치하다,ok,"D:\매핑용( 단어 생성 비디오, 단어)\map_syn\datasets\morpheme\01\NIA_SL_WORD2281_REAL01_F_morpheme.json"
WORD2282,결코,ok,"D:\매핑용( 단어 생성 비디오, 단어)\map_syn\datasets\morpheme\01\NIA_SL_WORD2282_REAL01_F_morpheme.json"
WORD2283,들러리,ok,"D:\매핑용( 단어 생성 비디오, 단어)\map_syn\datasets\morpheme\01\NIA_SL_WORD2283_REAL01_F_morpheme.json"
WORD2284,양자택일,ok,"D:\매핑용( 단어 생성 비디오, 단어)\map_syn\datasets\morpheme\01\NIA_SL_WORD2284_REAL01_F_morpheme.json"
WORD2285,어차피,ok,"D:\매핑용( 단어 생성 비디오, 단어)\map_syn\datasets\morpheme\01\NIA_SL_WORD2285_REAL01_F_morpheme.json"
WORD2286,양자택일,ok,"D:\매핑용( 단어 생성 비디오, 단어)\map_syn\datasets\morpheme\01\NIA_SL_WORD2286_REAL01_F_morpheme.json"
WORD2287,각오,ok,"D:\매핑용( 단어 생성 비디오, 단어)\map_syn\datasets\morpheme\01\NIA_SL_WORD2287_REAL01_F_morpheme.json"
WORD2288,위선자,ok,"D:\매핑용( 단어 생성 비디오, 단어)\map_syn\datasets\morpheme\01\NIA_SL_WORD2288_REAL01_F_morpheme.json"
WORD2289,이중인격,ok,"D:\매핑용( 단어 생성 비디오, 단어)\map_syn\datasets\morpheme\01\NIA_SL_WORD2289_REAL01_F_morpheme.json"
WORD2290,기회주의,ok,"D:\매핑용( 단어 생성 비디오, 단어)\map_syn\datasets\morpheme\01\NIA_SL_WORD2290_REAL01_F_morpheme.json"
WORD2291,이기주의,ok,"D:\매핑용( 단어 생성 비디오, 단어)\map_syn\datasets\morpheme\01\NIA_SL_WORD2291_REAL01_F_morpheme.json"
WORD2292,넘기다,ok,"D:\매핑용( 단어 생성 비디오, 단어)\map_syn\datasets\morpheme\01\NIA_SL_WORD2292_REAL01_F_morpheme.json"
WORD2293,거저먹다,ok,"D:\매핑용( 단어 생성 비디오, 단어)\map_syn\datasets\morpheme\01\NIA_SL_WORD2293_REAL01_F_morpheme.json"
WORD2294,험담,ok,"D:\매핑용( 단어 생성 비디오, 단어)\map_syn\datasets\morpheme\01\NIA_SL_WORD2294_REAL01_F_morpheme.json"
WORD2295,달변,ok,"D:\매핑용( 단어 생성 비디오, 단어)\map_syn\datasets\morpheme\01\NIA_SL_WORD2295_REAL01_F_morpheme.json"
WORD2296,달변,ok,"D:\매핑용( 단어 생성 비디오, 단어)\map_syn\datasets\morpheme\01\NIA_SL_WORD2296_REAL01_F_morpheme.json"
WORD2297,빈말,ok,"D:\매핑용( 단어 생성 비디오, 단어)\map_syn\datasets\morpheme\01\NIA_SL_WORD2297_REAL01_F_morpheme.json"
WORD2298,양다리,ok,"D:\매핑용( 단어 생성 비디오, 단어)\map_syn\datasets\morpheme\01\NIA_SL_WORD2298_REAL01_F_morpheme.json"
WORD2299,고질적,ok,"D:\매핑용( 단어 생성 비디오, 단어)\map_syn\datasets\morpheme\01\NIA_SL_WORD2299_REAL01_F_morpheme.json"
WORD2300,수다스럽다,ok,"D:\매핑용( 단어 생성 비디오, 단어)\map_syn\datasets\morpheme\01\NIA_SL_WORD2300_REAL01_F_morpheme.json"
WORD2301,함구,ok,"D:\매핑용( 단어 생성 비디오, 단어)\map_syn\datasets\morpheme\01\NIA_SL_WORD2301_REAL01_F_morpheme.json"
WORD2302,험담,ok,"D:\매핑용( 단어 생성 비디오, 단어)\map_syn\datasets\morpheme\01\NIA_SL_WORD2302_REAL01_F_morpheme.json"
WORD2303,파악하다,ok,"D:\매핑용( 단어 생성 비디오, 단어)\map_syn\datasets\morpheme\01\NIA_SL_WORD2303_REAL01_F_morpheme.json"
WORD2304,끊다,ok,"D:\매핑용( 단어 생성 비디오, 단어)\map_syn\datasets\morpheme\01\NIA_SL_WORD2304_REAL01_F_morpheme.json"
WORD2305,설득되다,ok,"D:\매핑용( 단어 생성 비디오, 단어)\map_syn\datasets\morpheme\01\NIA_SL_WORD2305_REAL01_F_morpheme.json"
WORD2306,불복종,ok,"D:\매핑용( 단어 생성 비디오, 단어)\map_syn\datasets\morpheme\01\NIA_SL_WORD2306_REAL01_F_morpheme.json"
WORD2307,막말,ok,"D:\매핑용( 단어 생성 비디오, 단어)\map_syn\datasets\morpheme\01\NIA_SL_WORD2307_REAL01_F_morpheme.json"
WORD2308,아첨,ok,"D:\매핑용( 단어 생성 비디오, 단어)\map_syn\datasets\morpheme\01\NIA_SL_WORD2308_REAL01_F_morpheme.json"
WORD2309,놀리다,ok,"D:\매핑용( 단어 생성 비디오, 단어)\map_syn\datasets\morpheme\01\NIA_SL_WORD2309_REAL01_F_morpheme.json"
WORD2310,임기응변,ok,"D:\매핑용( 단어 생성 비디오, 단어)\map_syn\datasets\morpheme\01\NIA_SL_WORD2310_REAL01_F_morpheme.json"
WORD2311,마이동풍,ok,"D:\매핑용( 단어 생성 비디오, 단어)\map_syn\datasets\morpheme\01\NIA_SL_WORD2311_REAL01_F_morpheme.json"
WORD2312,변명,ok,"D:\매핑용( 단어 생성 비디오, 단어)\map_syn\datasets\morpheme\01\NIA_SL_WORD2312_REAL01_F_morpheme.json"
WORD2313,팔랑귀,ok,"D:\매핑용( 단어 생성 비디오, 단어)\map_syn\datasets\morpheme\01\NIA_SL_WORD2313_REAL01_F_morpheme.json"
WORD2314,어림없다,ok,"D:\매핑용( 단어 생성 비디오, 단어)\map_syn\datasets\morpheme\01\NIA_SL_WORD2314_REAL01_F_morpheme.json"
WORD2315,솔직히,ok,"D:\매핑용( 단어 생성 비디오, 단어)\map_syn\datasets\morpheme\01\NIA_SL_WORD2315_REAL01_F_morpheme.json"
WORD2316,솔직히,ok,"D:\매핑용( 단어 생성 비디오, 단어)\map_syn\datasets\morpheme\01\NIA_SL_WORD2316_REAL01_F_morpheme.json"
WORD2317,맞다,ok,"D:\매핑용( 단어 생성 비디오, 단어)\map_syn\datasets\morpheme\01\NIA_SL_WORD2317_REAL01_F_morpheme.json"
WORD2318,맞다,ok,"D:\매핑용( 단어 생성 비디오, 단어)\map_syn\datasets\morpheme\01\NIA_SL_WORD2318_REAL01_F_morpheme.json"
WORD2319,겸임,ok,"D:\매핑용( 단어 생성 비디오, 단어)\map_syn\datasets\morpheme\01\NIA_SL_WORD2319_REAL01_F_morpheme.json"
WORD2320,동상이몽,ok,"D:\매핑용( 단어 생성 비디오, 단어)\map_syn\datasets\morpheme\01\NIA_SL_WORD2320_REAL01_F_morpheme.json"
WORD2321,함구,ok,"D:\매핑용( 단어 생성 비디오, 단어)\map_syn\datasets\morpheme\01\NIA_SL_WORD2321_REAL01_F_morpheme.json"
WORD2322,함구,ok,"D:\매핑용( 단어 생성 비디오, 단어)\map_syn\datasets\morpheme\01\NIA_SL_WORD2322_REAL01_F_morpheme.json"
WORD2323,함구,ok,"D:\매핑용( 단어 생성 비디오, 단어)\map_syn\datasets\morpheme\01\NIA_SL_WORD2323_REAL01_F_morpheme.json"
WORD2324,겸임,ok,"D:\매핑용( 단어 생성 비디오, 단어)\map_syn\datasets\morpheme\01\NIA_SL_WORD2324_REAL01_F_morpheme.json"
WORD2325,일인다역,ok,"D:\매핑용( 단어 생성 비디오, 단어)\map_syn\datasets\morpheme\01\NIA_SL_WORD2325_REAL01_F_morpheme.json"
WORD2326,책임지다,ok,"D:\매핑용( 단어 생성 비디오, 단어)\map_syn\datasets\morpheme\01\NIA_SL_WORD2326_REAL01_F_morpheme.json"
WORD2327,내버려두다,ok,"D:\매핑용( 단어 생성 비디오, 단어)\map_syn\datasets\morpheme\01\NIA_SL_WORD2327_REAL01_F_morpheme.json"
WORD2328,내뱉다,ok,"D:\매핑용( 단어 생성 비디오, 단어)\map_syn\datasets\morpheme\01\NIA_SL_WORD2328_REAL01_F_morpheme.json"
WORD2329,내뱉다,ok,"D:\매핑용( 단어 생성 비디오, 단어)\map_syn\datasets\morpheme\01\NIA_SL_WORD2329_REAL01_F_morpheme.json"
WORD2330,내뱉다,ok,"D:\매핑용( 단어 생성 비디오, 단어)\map_syn\datasets\morpheme\01\NIA_SL_WORD2330_REAL01_F_morpheme.json"
WORD2331,명령,ok,"D:\매핑용( 단어 생성 비디오, 단어)\map_syn\datasets\morpheme\01\NIA_SL_WORD2331_REAL01_F_morpheme.json"
WORD2332,막히다,ok,"D:\매핑용( 단어 생성 비디오, 단어)\map_syn\datasets\morpheme\01\NIA_SL_WORD2332_REAL01_F_morpheme.json"
WORD2333,막히다,ok,"D:\매핑용( 단어 생성 비디오, 단어)\map_syn\datasets\morpheme\01\NIA_SL_WORD2333_REAL01_F_morpheme.json"
WORD2334,막히다,ok,"D:\매핑용( 단어 생성 비디오, 단어)\map_syn\datasets\morpheme\01\NIA_SL_WORD2334_REAL01_F_morpheme.json"
WORD2335,유구무언,ok,"D:\매핑용( 단어 생성 비디오, 단어)\map_syn\datasets\morpheme\01\NIA_SL_WORD2335_REAL01_F_morpheme.json"
WORD2336,유구무언,ok,"D:\매핑용( 단어 생성 비디오, 단어)\map_syn\datasets\morpheme\01\NIA_SL_WORD2336_REAL01_F_morpheme.json"
WORD2337,유구무언,ok,"D:\매핑용( 단어 생성 비디오, 단어)\map_syn\datasets\morpheme\01\NIA_SL_WORD2337_REAL01_F_morpheme.json"
WORD2338,포기,ok,"D:\매핑용( 단어 생성 비디오, 단어)\map_syn\datasets\morpheme\01\NIA_SL_WORD2338_REAL01_F_morpheme.json"
WORD2339,막상막하,ok,"D:\매핑용( 단어 생성 비디오, 단어)\map_syn\datasets\morpheme\01\NIA_SL_WORD2339_REAL01_F_morpheme.json"
WORD2340,비등하다,ok,"D:\매핑용( 단어 생성 비디오, 단어)\map_syn\datasets\morpheme\01\NIA_SL_WORD2340_REAL01_F_morpheme.json"
WORD2341,포기,ok,"D:\매핑용( 단어 생성 비디오, 단어)\map_syn\datasets\morpheme\01\NIA_SL_WORD2341_REAL01_F_morpheme.json"
WORD2342,얕보다,ok,"D:\매핑용( 단어 생성 비디오, 단어)\map_syn\datasets\morpheme\01\NIA_SL_WORD2342_REAL01_F_morpheme.json"
WORD2343,얕보다,ok,"D:\매핑용( 단어 생성 비디오, 단어)\map_syn\datasets\morpheme\01\NIA_SL_WORD2343_REAL01_F_morpheme.json"
WORD2344,얕보다,ok,"D:\매핑용( 단어 생성 비디오, 단어)\map_syn\datasets\morpheme\01\NIA_SL_WORD2344_REAL01_F_morpheme.json"
WORD2345,얕보다,ok,"D:\매핑용( 단어 생성 비디오, 단어)\map_syn\datasets\morpheme\01\NIA_SL_WORD2345_REAL01_F_morpheme.json"
WORD2346,불간섭,ok,"D:\매핑용( 단어 생성 비디오, 단어)\map_syn\datasets\morpheme\01\NIA_SL_WORD2346_REAL01_F_morpheme.json"
WORD2347,벗어나다,ok,"D:\매핑용( 단어 생성 비디오, 단어)\map_syn\datasets\morpheme\01\NIA_SL_WORD2347_REAL01_F_morpheme.json"
WORD2348,전멸,ok,"D:\매핑용( 단어 생성 비디오, 단어)\map_syn\datasets\morpheme\01\NIA_SL_WORD2348_REAL01_F_morpheme.json"
WORD2349,작살내다,ok,"D:\매핑용( 단어 생성 비디오, 단어)\map_syn\datasets\morpheme\01\NIA_SL_WORD2349_REAL01_F_morpheme.json"
WORD2350,당하다,ok,"D:\매핑용( 단어 생성 비디오, 단어)\map_syn\datasets\morpheme\01\NIA_SL_WORD2350_REAL01_F_morpheme.json"
WORD2351,만만하다,ok,"D:\매핑용( 단어 생성 비디오, 단어)\map_syn\datasets\morpheme\01\NIA_SL_WORD2351_REAL01_F_morpheme.json"
WORD2352,기대다,ok,"D:\매핑용( 단어 생성 비디오, 단어)\map_syn\datasets\morpheme\01\NIA_SL_WORD2352_REAL01_F_morpheme.json"
WORD2353,꺼지다,ok,"D:\매핑용( 단어 생성 비디오, 단어)\map_syn\datasets\morpheme\01\NIA_SL_WORD2353_REAL01_F_morpheme.json"
WORD2354,꺼지다,ok,"D:\매핑용( 단어 생성 비디오, 단어)\map_syn\datasets\morpheme\01\NIA_SL_WORD2354_REAL01_F_morpheme.json"
WORD2355,꺼지다,ok,"D:\매핑용( 단어 생성 비디오, 단어)\map_syn\datasets\morpheme\01\NIA_SL_WORD2355_REAL01_F_morpheme.json"
WORD2356,꺼지다,ok,"D:\매핑용( 단어 생성 비디오, 단어)\map_syn\datasets\morpheme\01\NIA_SL_WORD2356_REAL01_F_morpheme.json"
WORD2357,꺼지다,ok,"D:\매핑용( 단어 생성 비디오, 단어)\map_syn\datasets\morpheme\01\NIA_SL_WORD2357_REAL01_F_morpheme.json"
WORD2358,꺼지다,ok,"D:\매핑용( 단어 생성 비디오, 단어)\map_syn\datasets\morpheme\01\NIA_SL_WORD2358_REAL01_F_morpheme.json"
WORD2359,중립,ok,"D:\매핑용( 단어 생성 비디오, 단어)\map_syn\datasets\morpheme\01\NIA_SL_WORD2359_REAL01_F_morpheme.json"
WORD2360,봐주다,ok,"D:\매핑용( 단어 생성 비디오, 단어)\map_syn\datasets\morpheme\01\NIA_SL_WORD2360_REAL01_F_morpheme.json"
WORD2361,해하다,ok,"D:\매핑용( 단어 생성 비디오, 단어)\map_syn\datasets\morpheme\01\NIA_SL_WORD2361_REAL01_F_morpheme.json"
WORD2362,해하다,ok,"D:\매핑용( 단어 생성 비디오, 단어)\map_syn\datasets\morpheme\01\NIA_SL_WORD2362_REAL01_F_morpheme.json"
WORD2363,달성,ok,"D:\매핑용( 단어 생성 비디오, 단어)\map_syn\datasets\morpheme\01\NIA_SL_WORD2363_REAL01_F_morpheme.json"
WORD2364,무자비,ok,"D:\매핑용( 단어 생성 비디오, 단어)\map_syn\datasets\morpheme\01\NIA_SL_WORD2364_REAL01_F_morpheme.json"
WORD2365,무자비,ok,"D:\매핑용( 단어 생성 비디오, 단어)\map_syn\datasets\morpheme\01\NIA_SL_WORD2365_REAL01_F_morpheme.json"
WORD2366,무자비,ok,"D:\매핑용( 단어 생성 비디오, 단어)\map_syn\datasets\morpheme\01\NIA_SL_WORD2366_REAL01_F_morpheme.json"
WORD2367,괴팍하다,ok,"D:\매핑용( 단어 생성 비디오, 단어)\map_syn\datasets\morpheme\01\NIA_SL_WORD2367_REAL01_F_morpheme.json"
WORD2368,달인,ok,"D:\매핑용( 단어 생성 비디오, 단어)\map_syn\datasets\morpheme\01\NIA_SL_WORD2368_REAL01_F_morpheme.json"
WORD2369,당황,ok,"D:\매핑용( 단어 생성 비디오, 단어)\map_syn\datasets\morpheme\01\NIA_SL_WORD2369_REAL01_F_morpheme.json"
WORD2370,감히,ok,"D:\매핑용( 단어 생성 비디오, 단어)\map_syn\datasets\morpheme\01\NIA_SL_WORD2370_REAL01_F_morpheme.json"
WORD2371,대들다,ok,"D:\매핑용( 단어 생성 비디오, 단어)\map_syn\datasets\morpheme\01\NIA_SL_WORD2371_REAL01_F_morpheme.json"
WORD2372,대들다,ok,"D:\매핑용( 단어 생성 비디오, 단어)\map_syn\datasets\morpheme\01\NIA_SL_WORD2372_REAL01_F_morpheme.json"
WORD2373,대단하다,ok,"D:\매핑용( 단어 생성 비디오, 단어)\map_syn\datasets\morpheme\01\NIA_SL_WORD2373_REAL01_F_morpheme.json"
WORD2374,중독되다,ok,"D:\매핑용( 단어 생성 비디오, 단어)\map_syn\datasets\morpheme\01\NIA_SL_WORD2374_REAL01_F_morpheme.json"
WORD2375,부부싸움,ok,"D:\매핑용( 단어 생성 비디오, 단어)\map_syn\datasets\morpheme\01\NIA_SL_WORD2375_REAL01_F_morpheme.json"
WORD2376,멍청하다,ok,"D:\매핑용( 단어 생성 비디오, 단어)\map_syn\datasets\morpheme\01\NIA_SL_WORD2376_REAL01_F_morpheme.json"
WORD2377,뛰어나다,ok,"D:\매핑용( 단어 생성 비디오, 단어)\map_syn\datasets\morpheme\01\NIA_SL_WORD2377_REAL01_F_morpheme.json"
WORD2378,원활,ok,"D:\매핑용( 단어 생성 비디오, 단어)\map_syn\datasets\morpheme\01\NIA_SL_WORD2378_REAL01_F_morpheme.json"
WORD2379,적격,ok,"D:\매핑용( 단어 생성 비디오, 단어)\map_syn\datasets\morpheme\01\NIA_SL_WORD2379_REAL01_F_morpheme.json"
WORD2380,엄청나다,ok,"D:\매핑용( 단어 생성 비디오, 단어)\map_syn\datasets\morpheme\01\NIA_SL_WORD2380_REAL01_F_morpheme.json"
WORD2381,무시하다,ok,"D:\매핑용( 단어 생성 비디오, 단어)\map_syn\datasets\morpheme\01\NIA_SL_WORD2381_REAL01_F_morpheme.json"
WORD2382,무시하다,ok,"D:\매핑용( 단어 생성 비디오, 단어)\map_syn\datasets\morpheme\01\NIA_SL_WORD2382_REAL01_F_morpheme.json"
WORD2383,제법,ok,"D:\매핑용( 단어 생성 비디오, 단어)\map_syn\datasets\morpheme\01\NIA_SL_WORD2383_REAL01_F_morpheme.json"
WORD2384,형편없다,ok,"D:\매핑용( 단어 생성 비디오, 단어)\map_syn\datasets\morpheme\01\NIA_SL_WORD2384_REAL01_F_morpheme.json"
WORD2385,빌리다,ok,"D:\매핑용( 단어 생성 비디오, 단어)\map_syn\datasets\morpheme\01\NIA_SL_WORD2385_REAL01_F_morpheme.json"
WORD2386,빌리다,ok,"D:\매핑용( 단어 생성 비디오, 단어)\map_syn\datasets\morpheme\01\NIA_SL_WORD2386_REAL01_F_morpheme.json"
WORD2387,빌리다,ok,"D:\매핑용( 단어 생성 비디오, 단어)\map_syn\datasets\morpheme\01\NIA_SL_WORD2387_REAL01_F_morpheme.json"
WORD2388,돕다,ok,"D:\매핑용( 단어 생성 비디오, 단어)\map_syn\datasets\morpheme\01\NIA_SL_WORD2388_REAL01_F_morpheme.json"
WORD2389,돕다,ok,"D:\매핑용( 단어 생성 비디오, 단어)\map_syn\datasets\morpheme\01\NIA_SL_WORD2389_REAL01_F_morpheme.json"
WORD2390,돕다,ok,"D:\매핑용( 단어 생성 비디오, 단어)\map_syn\datasets\morpheme\01\NIA_SL_WORD2390_REAL01_F_morpheme.json"
WORD2391,욕하다,ok,"D:\매핑용( 단어 생성 비디오, 단어)\map_syn\datasets\morpheme\01\NIA_SL_WORD2391_REAL01_F_morpheme.json"
WORD2392,욕하다,ok,"D:\매핑용( 단어 생성 비디오, 단어)\map_syn\datasets\morpheme\01\NIA_SL_WORD2392_REAL01_F_morpheme.json"
WORD2393,욕하다,ok,"D:\매핑용( 단어 생성 비디오, 단어)\map_syn\datasets\morpheme\01\NIA_SL_WORD2393_REAL01_F_morpheme.json"
WORD2394,주다,ok,"D:\매핑용( 단어 생성 비디오, 단어)\map_syn\datasets\morpheme\01\NIA_SL_WORD2394_REAL01_F_morpheme.json"
WORD2395,주다,ok,"D:\매핑용( 단어 생성 비디오, 단어)\map_syn\datasets\morpheme\01\NIA_SL_WORD2395_REAL01_F_morpheme.json"
WORD2396,주다,ok,"D:\매핑용( 단어 생성 비디오, 단어)\map_syn\datasets\morpheme\01\NIA_SL_WORD2396_REAL01_F_morpheme.json"
WORD2397,지불하다,ok,"D:\매핑용( 단어 생성 비디오, 단어)\map_syn\datasets\morpheme\01\NIA_SL_WORD2397_REAL01_F_morpheme.json"
WORD2398,지불하다,ok,"D:\매핑용( 단어 생성 비디오, 단어)\map_syn\datasets\morpheme\01\NIA_SL_WORD2398_REAL01_F_morpheme.json"
WORD2399,지불하다,ok,"D:\매핑용( 단어 생성 비디오, 단어)\map_syn\datasets\morpheme\01\NIA_SL_WORD2399_REAL01_F_morpheme.json"
WORD2400,대출,ok,"D:\매핑용( 단어 생성 비디오, 단어)\map_syn\datasets\morpheme\01\NIA_SL_WORD2400_REAL01_F_morpheme.json"
WORD2401,대출,ok,"D:\매핑용( 단어 생성 비디오, 단어)\map_syn\datasets\morpheme\01\NIA_SL_WORD2401_REAL01_F_morpheme.json"
WORD2402,대출,ok,"D:\매핑용( 단어 생성 비디오, 단어)\map_syn\datasets\morpheme\01\NIA_SL_WORD2402_REAL01_F_morpheme.json"
WORD2403,점등,ok,"D:\매핑용( 단어 생성 비디오, 단어)\map_syn\datasets\morpheme\01\NIA_SL_WORD2403_REAL01_F_morpheme.json"
WORD2404,소등,ok,"D:\매핑용( 단어 생성 비디오, 단어)\map_syn\datasets\morpheme\01\NIA_SL_WORD2404_REAL01_F_morpheme.json"
WORD2405,포항시지부,ok,"D:\매핑용( 단어 생성 비디오, 단어)\map_syn\datasets\morpheme\01\NIA_SL_WORD2405_REAL01_F_morpheme.json"
WORD2406,포항시수화통역센터,ok,"D:\매핑용( 단어 생성 비디오, 단어)\map_syn\datasets\morpheme\01\NIA_SL_WORD2406_REAL01_F_morpheme.json"
WORD2407,포항시청,ok,"D:\매핑용( 단어 생성 비디오, 단어)\map_syn\datasets\morpheme\01\NIA_SL_WORD2407_REAL01_F_morpheme.json"
WORD2408,경남농아인협회,ok,"D:\매핑용( 단어 생성 비디오, 단어)\map_syn\datasets\morpheme\01\NIA_SL_WORD2408_REAL01_F_morpheme.json"
WORD2409,경남농아인협회,ok,"D:\매핑용( 단어 생성 비디오, 단어)\map_syn\datasets\morpheme\01\NIA_SL_WORD2409_REAL01_F_morpheme.json"
WORD2410,거제시지부,ok,"D:\매핑용( 단어 생성 비디오, 단어)\map_syn\datasets\morpheme\01\NIA_SL_WORD2410_REAL01_F_morpheme.json"
WORD2411,거제시수화통역센터,ok,"D:\매핑용( 단어 생성 비디오, 단어)\map_syn\datasets\morpheme\01\NIA_SL_WORD2411_REAL01_F_morpheme.json"
WORD2412,거제시청,ok,"D:\매핑용( 단어 생성 비디오, 단어)\map_syn\datasets\morpheme\01\NIA_SL_WORD2412_REAL01_F_morpheme.json"
WORD2413,거창군지부,ok,"D:\매핑용( 단어 생성 비디오, 단어)\map_syn\datasets\morpheme\01\NIA_SL_WORD2413_REAL01_F_morpheme.json"
WORD2414,거창군수화통역센터,ok,"D:\매핑용( 단어 생성 비디오, 단어)\map_syn\datasets\morpheme\01\NIA_SL_WORD2414_REAL01_F_morpheme.json"
WORD2415,거창군주민지원센터,ok,"D:\매핑용( 단어 생성 비디오, 단어)\map_syn\datasets\morpheme\01\NIA_SL_WORD2415_REAL01_F_morpheme.json"
WORD2416,고성군지부,ok,"D:\매핑용( 단어 생성 비디오, 단어)\map_syn\datasets\morpheme\01\NIA_SL_WORD2416_REAL01_F_morpheme.json"
WORD2417,고성군수화통역센터,ok,"D:\매핑용( 단어 생성 비디오, 단어)\map_syn\datasets\morpheme\01\NIA_SL_WORD2417_REAL01_F_morpheme.json"
WORD2418,고성군주민지원센터,ok,"D:\매핑용( 단어 생성 비디오, 단어)\map_syn\datasets\morpheme\01\NIA_SL_WORD2418_REAL01_F_morpheme.json"
WORD2419,김해시지부,ok,"D:\매핑용( 단어 생성 비디오, 단어)\map_syn\datasets\morpheme\01\NIA_SL_WORD2419_REAL01_F_morpheme.json"
WORD2420,김해시수화통역센터,ok,"D:\매핑용( 단어 생성 비디오, 단어)\map_syn\datasets\morpheme\01\NIA_SL_WORD2420_REAL01_F_morpheme.json"
WORD2421,김해시청,ok,"D:\매핑용( 단어 생성 비디오, 단어)\map_syn\datasets\morpheme\01\NIA_SL_WORD2421_REAL01_F_morpheme.json"
WORD2422,남해군지부,ok,"D:\매핑용( 단어 생성 비디오, 단어)\map_syn\datasets\morpheme\01\NIA_SL_WORD2422_REAL01_F_morpheme.json"
WORD2423,남해군수화통역센터,ok,"D:\매핑용( 단어 생성 비디오, 단어)\map_syn\datasets\morpheme\01\NIA_SL_WORD2423_REAL01_F_morpheme.json"
WORD2424,남해군주민지원센터,ok,"D:\매핑용( 단어 생성 비디오, 단어)\map_syn\datasets\morpheme\01\NIA_SL_WORD2424_REAL01_F_morpheme.json"
WORD2425,밀양시지부,ok,"D:\매핑용( 단어 생성 비디오, 단어)\map_syn\datasets\morpheme\01\NIA_SL_WORD2425_REAL01_F_morpheme.json"
WORD2426,밀양시수화통역센터,ok,"D:\매핑용( 단어 생성 비디오, 단어)\map_syn\datasets\morpheme\01\NIA_SL_WORD2426_REAL01_F_morpheme.json"
WORD2427,밀양시청,ok,"D:\매핑용( 단어 생성 비디오, 단어)\map_syn\datasets\morpheme\01\NIA_SL_WORD2427_REAL01_F_morpheme.json"
WORD2428,사천시지부,ok,"D:\매핑용( 단어 생성 비디오, 단어)\map_syn\datasets\morpheme\01\NIA_SL_WORD2428_REAL01_F_morpheme.json"
WORD2429,사천시수화통역센터,ok,"D:\매핑용( 단어 생성 비디오, 단어)\map_syn\datasets\morpheme\01\NIA_SL_WORD2429_REAL01_F_morpheme.json"
WORD2430,사천시청,ok,"D:\매핑용( 단어 생성 비디오, 단어)\map_syn\datasets\morpheme\01\NIA_SL_WORD2430_REAL01_F_morpheme.json"
WORD2431,산청군지부,ok,"D:\매핑용( 단어 생성 비디오, 단어)\map_syn\datasets\morpheme\01\NIA_SL_WORD2431_REAL01_F_morpheme.json"
WORD2432,산청군수화통역센터,ok,"D:\매핑용( 단어 생성 비디오, 단어)\map_syn\datasets\morpheme\01\NIA_SL_WORD2432_REAL01_F_morpheme.json"
WORD2433,산청군주민지원센터,ok,"D:\매핑용( 단어 생성 비디오, 단어)\map_syn\datasets\morpheme\01\NIA_SL_WORD2433_REAL01_F_morpheme.json"
WORD2434,양산시지부,ok,"D:\매핑용( 단어 생성 비디오, 단어)\map_syn\datasets\morpheme\01\NIA_SL_WORD2434_REAL01_F_morpheme.json"
WORD2435,양산시수화통역센터,ok,"D:\매핑용( 단어 생성 비디오, 단어)\map_syn\datasets\morpheme\01\NIA_SL_WORD2435_REAL01_F_morpheme.json"
WORD2436,양산시청,ok,"D:\매핑용( 단어 생성 비디오, 단어)\map_syn\datasets\morpheme\01\NIA_SL_WORD2436_REAL01_F_morpheme.json"
WORD2437,진주시지부,ok,"D:\매핑용( 단어 생성 비디오, 단어)\map_syn\datasets\morpheme\01\NIA_SL_WORD2437_REAL01_F_morpheme.json"
WORD2438,진주시수화통역센터,ok,"D:\매핑용( 단어 생성 비디오, 단어)\map_syn\datasets\morpheme\01\NIA_SL_WORD2438_REAL01_F_morpheme.json"
WORD2439,진주시청,ok,"D:\매핑용( 단어 생성 비디오, 단어)\map_syn\datasets\morpheme\01\NIA_SL_WORD2439_REAL01_F_morpheme.json"
WORD2440,창녕군지부,ok,"D:\매핑용( 단어 생성 비디오, 단어)\map_syn\datasets\morpheme\01\NIA_SL_WORD2440_REAL01_F_morpheme.json"
WORD2441,창녕군수화통역센터,ok,"D:\매핑용( 단어 생성 비디오, 단어)\map_syn\datasets\morpheme\01\NIA_SL_WORD2441_REAL01_F_morpheme.json"
WORD2442,창녕군주민지원센터,ok,"D:\매핑용( 단어 생성 비디오, 단어)\map_syn\datasets\morpheme\01\NIA_SL_WORD2442_REAL01_F_morpheme.json"
WORD2443,마산시지부,ok,"D:\매핑용( 단어 생성 비디오, 단어)\map_syn\datasets\morpheme\01\NIA_SL_WORD2443_REAL01_F_morpheme.json"
WORD2444,마산시수화통역센터,ok,"D:\매핑용( 단어 생성 비디오, 단어)\map_syn\datasets\morpheme\01\NIA_SL_WORD2444_REAL01_F_morpheme.json"
WORD2445,창원시지부,ok,"D:\매핑용( 단어 생성 비디오, 단어)\map_syn\datasets\morpheme\01\NIA_SL_WORD2445_REAL01_F_morpheme.json"
WORD2446,창원시수화통역센터,ok,"D:\매핑용( 단어 생성 비디오, 단어)\map_syn\datasets\morpheme\01\NIA_SL_WORD2446_REAL01_F_morpheme.json"
WORD2447,창원시청,ok,"D:\매핑용( 단어 생성 비디오, 단어)\map_syn\datasets\morpheme\01\NIA_SL_WORD2447_REAL01_F_morpheme.json"
WORD2448,통영시지부,ok,"D:\매핑용( 단어 생성 비디오, 단어)\map_syn\datasets\morpheme\01\NIA_SL_WORD2448_REAL01_F_morpheme.json"
WORD2449,통영시수화통역센터,ok,"D:\매핑용( 단어 생성 비디오, 단어)\map_syn\datasets\morpheme\01\NIA_SL_WORD2449_REAL01_F_morpheme.json"
WORD2450,통영시청,ok,"D:\매핑용( 단어 생성 비디오, 단어)\map_syn\datasets\morpheme\01\NIA_SL_WORD2450_REAL01_F_morpheme.json"
WORD2451,하동군지부,ok,"D:\매핑용( 단어 생성 비디오, 단어)\map_syn\datasets\morpheme\01\NIA_SL_WORD2451_REAL01_F_morpheme.json"
WORD2452,하동군수화통역센터,ok,"D:\매핑용( 단어 생성 비디오, 단어)\map_syn\datasets\morpheme\01\NIA_SL_WORD2452_REAL01_F_morpheme.json"
WORD2453,하동군주민지원센터,ok,"D:\매핑용( 단어 생성 비디오, 단어)\map_syn\datasets\morpheme\01\NIA_SL_WORD2453_REAL01_F_morpheme.json"
WORD2454,함안군지부,ok,"D:\매핑용( 단어 생성 비디오, 단어)\map_syn\datasets\morpheme\01\NIA_SL_WORD2454_REAL01_F_morpheme.json"
WORD2455,함안군수화통역센터,ok,"D:\매핑용( 단어 생성 비디오, 단어)\map_syn\datasets\morpheme\01\NIA_SL_WORD2455_REAL01_F_morpheme.json"
WORD2456,함안군주민지원센터,ok,"D:\매핑용( 단어 생성 비디오, 단어)\map_syn\datasets\morpheme\01\NIA_SL_WORD2456_REAL01_F_morpheme.json"
WORD2457,제주특별자치도농아인협회,ok,"D:\매핑용( 단어 생성 비디오, 단어)\map_syn\datasets\morpheme\01\NIA_SL_WORD2457_REAL01_F_morpheme.json"
WORD2458,서귀포시지부,ok,"D:\매핑용( 단어 생성 비디오, 단어)\map_syn\datasets\morpheme\01\NIA_SL_WORD2458_REAL01_F_morpheme.json"
WORD2459,서귀포시수화통역센터,ok,"D:\매핑용( 단어 생성 비디오, 단어)\map_syn\datasets\morpheme\01\NIA_SL_WORD2459_REAL01_F_morpheme.json"
WORD2460,서귀포시청,ok,"D:\매핑용( 단어 생성 비디오, 단어)\map_syn\datasets\morpheme\01\NIA_SL_WORD2460_REAL01_F_morpheme.json"
WORD2461,제주시지부,ok,"D:\매핑용( 단어 생성 비디오, 단어)\map_syn\datasets\morpheme\01\NIA_SL_WORD2461_REAL01_F_morpheme.json"
WORD2462,제주시수화통역센터,ok,"D:\매핑용( 단어 생성 비디오, 단어)\map_syn\datasets\morpheme\01\NIA_SL_WORD2462_REAL01_F_morpheme.json"
WORD2463,제주시청,ok,"D:\매핑용( 단어 생성 비디오, 단어)\map_syn\datasets\morpheme\01\NIA_SL_WORD2463_REAL01_F_morpheme.json"
WORD2464,대구광역시청,ok,"D:\매핑용( 단어 생성 비디오, 단어)\map_syn\datasets\morpheme\01\NIA_SL_WORD2464_REAL01_F_morpheme.json"
WORD2465,대전광역시청,ok,"D:\매핑용( 단어 생성 비디오, 단어)\map_syn\datasets\morpheme\01\NIA_SL_WORD2465_REAL01_F_morpheme.json"
WORD2466,인천광역시청,ok,"D:\매핑용( 단어 생성 비디오, 단어)\map_syn\datasets\morpheme\01\NIA_SL_WORD2466_REAL01_F_morpheme.json"
WORD2467,광주광역시청,ok,"D:\매핑용( 단어 생성 비디오, 단어)\map_syn\datasets\morpheme\01\NIA_SL_WORD2467_REAL01_F_morpheme.json"
WORD2468,울산광역시청,ok,"D:\매핑용( 단어 생성 비디오, 단어)\map_syn\datasets\morpheme\01\NIA_SL_WORD2468_REAL01_F_morpheme.json"
WORD2469,세종특별자치시,ok,"D:\매핑용( 단어 생성 비디오, 단어)\map_syn\datasets\morpheme\01\NIA_SL_WORD2469_REAL01_F_morpheme.json"
WORD2470,경기도청,ok,"D:\매핑용( 단어 생성 비디오, 단어)\map_syn\datasets\morpheme\01\NIA_SL_WORD2470_REAL01_F_morpheme.json"
WORD2471,제주도청,ok,"D:\매핑용( 단어 생성 비디오, 단어)\map_syn\datasets\morpheme\01\NIA_SL_WORD2471_REAL01_F_morpheme.json"
WORD2472,충남도청,ok,"D:\매핑용( 단어 생성 비디오, 단어)\map_syn\datasets\morpheme\01\NIA_SL_WORD2472_REAL01_F_morpheme.json"
WORD2473,충북도청,ok,"D:\매핑용( 단어 생성 비디오, 단어)\map_syn\datasets\morpheme\01\NIA_SL_WORD2473_REAL01_F_morpheme.json"
WORD2474,경남도청,ok,"D:\매핑용( 단어 생성 비디오, 단어)\map_syn\datasets\morpheme\01\NIA_SL_WORD2474_REAL01_F_morpheme.json"
WORD2475,경북도청,ok,"D:\매핑용( 단어 생성 비디오, 단어)\map_syn\datasets\morpheme\01\NIA_SL_WORD2475_REAL01_F_morpheme.json"
WORD2476,전남도청,ok,"D:\매핑용( 단어 생성 비디오, 단어)\map_syn\datasets\morpheme\01\NIA_SL_WORD2476_REAL01_F_morpheme.json"
WORD2477,전북도청,ok,"D:\매핑용( 단어 생성 비디오, 단어)\map_syn\datasets\morpheme\01\NIA_SL_WORD2477_REAL01_F_morpheme.json"
WORD2478,강원도청,ok,"D:\매핑용( 단어 생성 비디오, 단어)\map_syn\datasets\morpheme\01\NIA_SL_WORD2478_REAL01_F_morpheme.json"
WORD2479,궁리,ok,"D:\매핑용( 단어 생성 비디오, 단어)\map_syn\datasets\morpheme\01\NIA_SL_WORD2479_REAL01_F_morpheme.json"
WORD2480,아하,ok,"D:\매핑용( 단어 생성 비디오, 단어)\map_syn\datasets\morpheme\01\NIA_SL_WORD2480_REAL01_F_morpheme.json"
WORD2481,찔리다,ok,"D:\매핑용( 단어 생성 비디오, 단어)\map_syn\datasets\morpheme\01\NIA_SL_WORD2481_REAL01_F_morpheme.json"
WORD2482,알아차리다,ok,"D:\매핑용( 단어 생성 비디오, 단어)\map_syn\datasets\morpheme\01\NIA_SL_WORD2482_REAL01_F_morpheme.json"
WORD2483,알아차리다,ok,"D:\매핑용( 단어 생성 비디오, 단어)\map_syn\datasets\morpheme\01\NIA_SL_WORD2483_REAL01_F_morpheme.json"
WORD2484,통찰,ok,"D:\매핑용( 단어 생성 비디오, 단어)\map_syn\datasets\morpheme\01\NIA_SL_WORD2484_REAL01_F_morpheme.json"
WORD2485,모르다,ok,"D:\매핑용( 단어 생성 비디오, 단어)\map_syn\datasets\morpheme\01\NIA_SL_WORD2485_REAL01_F_morpheme.json"
WORD2486,어렵다,ok,"D:\매핑용( 단어 생성 비디오, 단어)\map_syn\datasets\morpheme\01\NIA_SL_WORD2486_REAL01_F_morpheme.json"
WORD2487,연구,ok,"D:\매핑용( 단어 생성 비디오, 단어)\map_syn\datasets\morpheme\01\NIA_SL_WORD2487_REAL01_F_morpheme.json"
WORD2488,무소식,ok,"D:\매핑용( 단어 생성 비디오, 단어)\map_syn\datasets\morpheme\01\NIA_SL_WORD2488_REAL01_F_morpheme.json"
WORD2489,소문내다,ok,"D:\매핑용( 단어 생성 비디오, 단어)\map_syn\datasets\morpheme\01\NIA_SL_WORD2489_REAL01_F_morpheme.json"
WORD2490,뜻밖,ok,"D:\매핑용( 단어 생성 비디오, 단어)\map_syn\datasets\morpheme\01\NIA_SL_WORD2490_REAL01_F_morpheme.json"
WORD2491,뜻밖,ok,"D:\매핑용( 단어 생성 비디오, 단어)\map_syn\datasets\morpheme\01\NIA_SL_WORD2491_REAL01_F_morpheme.json"
WORD2492,못하다,ok,"D:\매핑용( 단어 생성 비디오, 단어)\map_syn\datasets\morpheme\01\NIA_SL_WORD2492_REAL01_F_morpheme.json"
WORD2493,가능,ok,"D:\매핑용( 단어 생성 비디오, 단어)\map_syn\datasets\morpheme\01\NIA_SL_WORD2493_REAL01_F_morpheme.json"
WORD2494,해내다,ok,"D:\매핑용( 단어 생성 비디오, 단어)\map_syn\datasets\morpheme\01\NIA_SL_WORD2494_REAL01_F_morpheme.json"
WORD2495,우습다,ok,"D:\매핑용( 단어 생성 비디오, 단어)\map_syn\datasets\morpheme\01\NIA_SL_WORD2495_REAL01_F_morpheme.json"
WORD2496,현대,ok,"D:\매핑용( 단어 생성 비디오, 단어)\map_syn\datasets\morpheme\01\NIA_SL_WORD2496_REAL01_F_morpheme.json"
WORD2497,신나다,ok,"D:\매핑용( 단어 생성 비디오, 단어)\map_syn\datasets\morpheme\01\NIA_SL_WORD2497_REAL01_F_morpheme.json"
WORD2498,쌍용,ok,"D:\매핑용( 단어 생성 비디오, 단어)\map_syn\datasets\morpheme\01\NIA_SL_WORD2498_REAL01_F_morpheme.json"
WORD2499,꼴사납다,ok,"D:\매핑용( 단어 생성 비디오, 단어)\map_syn\datasets\morpheme\01\NIA_SL_WORD2499_REAL01_F_morpheme.json"
WORD2500,가소롭다,ok,"D:\매핑용( 단어 생성 비디오, 단어)\map_syn\datasets\morpheme\01\NIA_SL_WORD2500_REAL01_F_morpheme.json"
WORD2501,네덜란드,ok,"D:\매핑용( 단어 생성 비디오, 단어)\map_syn\datasets\morpheme\01\NIA_SL_WORD2501_REAL01_F_morpheme.json"
WORD2502,광기,ok,"D:\매핑용( 단어 생성 비디오, 단어)\map_syn\datasets\morpheme\01\NIA_SL_WORD2502_REAL01_F_morpheme.json"
WORD2503,노르웨이,ok,"D:\매핑용( 단어 생성 비디오, 단어)\map_syn\datasets\morpheme\01\NIA_SL_WORD2503_REAL01_F_morpheme.json"
WORD2504,대만,ok,"D:\매핑용( 단어 생성 비디오, 단어)\map_syn\datasets\morpheme\01\NIA_SL_WORD2504_REAL01_F_morpheme.json"
WORD2505,시시하다,ok,"D:\매핑용( 단어 생성 비디오, 단어)\map_syn\datasets\morpheme\01\NIA_SL_WORD2505_REAL01_F_morpheme.json"
WORD2506,독도,ok,"D:\매핑용( 단어 생성 비디오, 단어)\map_syn\datasets\morpheme\01\NIA_SL_WORD2506_REAL01_F_morpheme.json"
WORD2507,독일,ok,"D:\매핑용( 단어 생성 비디오, 단어)\map_syn\datasets\morpheme\01\NIA_SL_WORD2507_REAL01_F_morpheme.json"
WORD2508,로마,ok,"D:\매핑용( 단어 생성 비디오, 단어)\map_syn\datasets\morpheme\01\NIA_SL_WORD2508_REAL01_F_morpheme.json"
WORD2509,LA,ok,"D:\매핑용( 단어 생성 비디오, 단어)\map_syn\datasets\morpheme\01\NIA_SL_WORD2509_REAL01_F_morpheme.json"
WORD2510,격노,ok,"D:\매핑용( 단어 생성 비디오, 단어)\map_syn\datasets\morpheme\01\NIA_SL_WORD2510_REAL01_F_morpheme.json"
WORD2511,베트남,ok,"D:\매핑용( 단어 생성 비디오, 단어)\map_syn\datasets\morpheme\01\NIA_SL_WORD2511_REAL01_F_morpheme.json"
WORD2512,벨기에,ok,"D:\매핑용( 단어 생성 비디오, 단어)\map_syn\datasets\morpheme\01\NIA_SL_WORD2512_REAL01_F_morpheme.json"
WORD2513,불가리,ok,"D:\매핑용( 단어 생성 비디오, 단어)\map_syn\datasets\morpheme\01\NIA_SL_WORD2513_REAL01_F_morpheme.json"
WORD2514,브라질,ok,"D:\매핑용( 단어 생성 비디오, 단어)\map_syn\datasets\morpheme\01\NIA_SL_WORD2514_REAL01_F_morpheme.json"
WORD2515,스웨덴,ok,"D:\매핑용( 단어 생성 비디오, 단어)\map_syn\datasets\morpheme\01\NIA_SL_WORD2515_REAL01_F_morpheme.json"
WORD2516,격노,ok,"D:\매핑용( 단어 생성 비디오, 단어)\map_syn\datasets\morpheme\01\NIA_SL_WORD2516_REAL01_F_morpheme.json"
WORD2517,싱가폴,ok,"D:\매핑용( 단어 생성 비디오, 단어)\map_syn\datasets\morpheme\01\NIA_SL_WORD2517_REAL01_F_morpheme.json"
WORD2518,짜증내다,ok,"D:\매핑용( 단어 생성 비디오, 단어)\map_syn\datasets\morpheme\01\NIA_SL_WORD2518_REAL01_F_morpheme.json"
WORD2519,기절초풍,ok,"D:\매핑용( 단어 생성 비디오, 단어)\map_syn\datasets\morpheme\01\NIA_SL_WORD2519_REAL01_F_morpheme.json"
WORD2520,우즈베키스탄,ok,"D:\매핑용( 단어 생성 비디오, 단어)\map_syn\datasets\morpheme\01\NIA_SL_WORD2520_REAL01_F_morpheme.json"
WORD2521,유럽,ok,"D:\매핑용( 단어 생성 비디오, 단어)\map_syn\datasets\morpheme\01\NIA_SL_WORD2521_REAL01_F_morpheme.json"
WORD2522,이란,ok,"D:\매핑용( 단어 생성 비디오, 단어)\map_syn\datasets\morpheme\01\NIA_SL_WORD2522_REAL01_F_morpheme.json"
WORD2523,이집트,ok,"D:\매핑용( 단어 생성 비디오, 단어)\map_syn\datasets\morpheme\01\NIA_SL_WORD2523_REAL01_F_morpheme.json"
WORD2524,제주도,ok,"D:\매핑용( 단어 생성 비디오, 단어)\map_syn\datasets\morpheme\01\NIA_SL_WORD2524_REAL01_F_morpheme.json"
WORD2525,중국,ok,"D:\매핑용( 단어 생성 비디오, 단어)\map_syn\datasets\morpheme\01\NIA_SL_WORD2525_REAL01_F_morpheme.json"
WORD2526,놀랍다,ok,"D:\매핑용( 단어 생성 비디오, 단어)\map_syn\datasets\morpheme\01\NIA_SL_WORD2526_REAL01_F_morpheme.json"
WORD2527,캄보디아,ok,"D:\매핑용( 단어 생성 비디오, 단어)\map_syn\datasets\morpheme\01\NIA_SL_WORD2527_REAL01_F_morpheme.json"
WORD2528,아프리카,ok,"D:\매핑용( 단어 생성 비디오, 단어)\map_syn\datasets\morpheme\01\NIA_SL_WORD2528_REAL01_F_morpheme.json"
WORD2529,놀랍다,ok,"D:\매핑용( 단어 생성 비디오, 단어)\map_syn\datasets\morpheme\01\NIA_SL_WORD2529_REAL01_F_morpheme.json"
WORD2530,놀랍다,ok,"D:\매핑용( 단어 생성 비디오, 단어)\map_syn\datasets\morpheme\01\NIA_SL_WORD2530_REAL01_F_morpheme.json"
WORD2531,못마땅하다,ok,"D:\매핑용( 단어 생성 비디오, 단어)\map_syn\datasets\morpheme\01\NIA_SL_WORD2531_REAL01_F_morpheme.json"
WORD2532,역겹다,ok,"D:\매핑용( 단어 생성 비디오, 단어)\map_syn\datasets\morpheme\01\NIA_SL_WORD2532_REAL01_F_morpheme.json"
WORD2533,강물,ok,"D:\매핑용( 단어 생성 비디오, 단어)\map_syn\datasets\morpheme\01\NIA_SL_WORD2533_REAL01_F_morpheme.json"
WORD2534,언덕,ok,"D:\매핑용( 단어 생성 비디오, 단어)\map_syn\datasets\morpheme\01\NIA_SL_WORD2534_REAL01_F_morpheme.json"
WORD2535,골짜기,ok,"D:\매핑용( 단어 생성 비디오, 단어)\map_syn\datasets\morpheme\01\NIA_SL_WORD2535_REAL01_F_morpheme.json"
WORD2536,황금,ok,"D:\매핑용( 단어 생성 비디오, 단어)\map_syn\datasets\morpheme\01\NIA_SL_WORD2536_REAL01_F_morpheme.json"
WORD2537,석유,ok,"D:\매핑용( 단어 생성 비디오, 단어)\map_syn\datasets\morpheme\01\NIA_SL_WORD2537_REAL01_F_morpheme.json"
WORD2538,달,ok,"D:\매핑용( 단어 생성 비디오, 단어)\map_syn\datasets\morpheme\01\NIA_SL_WORD2538_REAL01_F_morpheme.json"
WORD2539,돌,ok,"D:\매핑용( 단어 생성 비디오, 단어)\map_syn\datasets\morpheme\01\NIA_SL_WORD2539_REAL01_F_morpheme.json"
WORD2540,후지다,ok,"D:\매핑용( 단어 생성 비디오, 단어)\map_syn\datasets\morpheme\01\NIA_SL_WORD2540_REAL01_F_morpheme.json"
WORD2541,흙,ok,"D:\매핑용( 단어 생성 비디오, 단어)\map_syn\datasets\morpheme\01\NIA_SL_WORD2541_REAL01_F_morpheme.json"
WORD2542,뜨겁다,ok,"D:\매핑용( 단어 생성 비디오, 단어)\map_syn\datasets\morpheme\01\NIA_SL_WORD2542_REAL01_F_morpheme.json"
WORD2543,일출,ok,"D:\매핑용( 단어 생성 비디오, 단어)\map_syn\datasets\morpheme\01\NIA_SL_WORD2543_REAL01_F_morpheme.json"
WORD2544,먹구름,ok,"D:\매핑용( 단어 생성 비디오, 단어)\map_syn\datasets\morpheme\01\NIA_SL_WORD2544_REAL01_F_morpheme.json"
WORD2545,황토,ok,"D:\매핑용( 단어 생성 비디오, 단어)\map_syn\datasets\morpheme\01\NIA_SL_WORD2545_REAL01_F_morpheme.json"
WORD2546,바다,ok,"D:\매핑용( 단어 생성 비디오, 단어)\map_syn\datasets\morpheme\01\NIA_SL_WORD2546_REAL01_F_morpheme.json"
WORD2547,뻔뻔,ok,"D:\매핑용( 단어 생성 비디오, 단어)\map_syn\datasets\morpheme\01\NIA_SL_WORD2547_REAL01_F_morpheme.json"
WORD2548,낭패,ok,"D:\매핑용( 단어 생성 비디오, 단어)\map_syn\datasets\morpheme\01\NIA_SL_WORD2548_REAL01_F_morpheme.json"
WORD2549,바람,ok,"D:\매핑용( 단어 생성 비디오, 단어)\map_syn\datasets\morpheme\01\NIA_SL_WORD2549_REAL01_F_morpheme.json"
WORD2550,뻔뻔,ok,"D:\매핑용( 단어 생성 비디오, 단어)\map_syn\datasets\morpheme\01\NIA_SL_WORD2550_REAL01_F_morpheme.json"
WORD2551,별,ok,"D:\매핑용( 단어 생성 비디오, 단어)\map_syn\datasets\morpheme\01\NIA_SL_WORD2551_REAL01_F_morpheme.json"
WORD2552,비,ok,"D:\매핑용( 단어 생성 비디오, 단어)\map_syn\datasets\morpheme\01\NIA_SL_WORD2552_REAL01_F_morpheme.json"
WORD2553,찔리다,ok,"D:\매핑용( 단어 생성 비디오, 단어)\map_syn\datasets\morpheme\01\NIA_SL_WORD2553_REAL01_F_morpheme.json"
WORD2554,형편없다,ok,"D:\매핑용( 단어 생성 비디오, 단어)\map_syn\datasets\morpheme\01\NIA_SL_WORD2554_REAL01_F_morpheme.json"
WORD2555,석탄,ok,"D:\매핑용( 단어 생성 비디오, 단어)\map_syn\datasets\morpheme\01\NIA_SL_WORD2555_REAL01_F_morpheme.json"
WORD2556,섬,ok,"D:\매핑용( 단어 생성 비디오, 단어)\map_syn\datasets\morpheme\01\NIA_SL_WORD2556_REAL01_F_morpheme.json"
WORD2557,철,ok,"D:\매핑용( 단어 생성 비디오, 단어)\map_syn\datasets\morpheme\01\NIA_SL_WORD2557_REAL01_F_morpheme.json"
WORD2558,숲,ok,"D:\매핑용( 단어 생성 비디오, 단어)\map_syn\datasets\morpheme\01\NIA_SL_WORD2558_REAL01_F_morpheme.json"
WORD2559,포기,ok,"D:\매핑용( 단어 생성 비디오, 단어)\map_syn\datasets\morpheme\01\NIA_SL_WORD2559_REAL01_F_morpheme.json"
WORD2560,언덕,ok,"D:\매핑용( 단어 생성 비디오, 단어)\map_syn\datasets\morpheme\01\NIA_SL_WORD2560_REAL01_F_morpheme.json"
WORD2561,호수,ok,"D:\매핑용( 단어 생성 비디오, 단어)\map_syn\datasets\morpheme\01\NIA_SL_WORD2561_REAL01_F_morpheme.json"
WORD2562,예고,ok,"D:\매핑용( 단어 생성 비디오, 단어)\map_syn\datasets\morpheme\01\NIA_SL_WORD2562_REAL01_F_morpheme.json"
WORD2563,온도,ok,"D:\매핑용( 단어 생성 비디오, 단어)\map_syn\datasets\morpheme\01\NIA_SL_WORD2563_REAL01_F_morpheme.json"
WORD2564,일몰,ok,"D:\매핑용( 단어 생성 비디오, 단어)\map_syn\datasets\morpheme\01\NIA_SL_WORD2564_REAL01_F_morpheme.json"
WORD2565,일출,ok,"D:\매핑용( 단어 생성 비디오, 단어)\map_syn\datasets\morpheme\01\NIA_SL_WORD2565_REAL01_F_morpheme.json"
WORD2566,장마,ok,"D:\매핑용( 단어 생성 비디오, 단어)\map_syn\datasets\morpheme\01\NIA_SL_WORD2566_REAL01_F_morpheme.json"
WORD2567,괴롭히다,ok,"D:\매핑용( 단어 생성 비디오, 단어)\map_syn\datasets\morpheme\01\NIA_SL_WORD2567_REAL01_F_morpheme.json"
WORD2568,일몰,ok,"D:\매핑용( 단어 생성 비디오, 단어)\map_syn\datasets\morpheme\01\NIA_SL_WORD2568_REAL01_F_morpheme.json"
WORD2569,제발,ok,"D:\매핑용( 단어 생성 비디오, 단어)\map_syn\datasets\morpheme\01\NIA_SL_WORD2569_REAL01_F_morpheme.json"
WORD2570,차다,ok,"D:\매핑용( 단어 생성 비디오, 단어)\map_syn\datasets\morpheme\01\NIA_SL_WORD2570_REAL01_F_morpheme.json"
WORD2571,위아래,ok,"D:\매핑용( 단어 생성 비디오, 단어)\map_syn\datasets\morpheme\01\NIA_SL_WORD2571_REAL01_F_morpheme.json"
WORD2572,사계절,ok,"D:\매핑용( 단어 생성 비디오, 단어)\map_syn\datasets\morpheme\01\NIA_SL_WORD2572_REAL01_F_morpheme.json"
WORD2573,체온,ok,"D:\매핑용( 단어 생성 비디오, 단어)\map_syn\datasets\morpheme\01\NIA_SL_WORD2573_REAL01_F_morpheme.json"
WORD2574,아하,ok,"D:\매핑용( 단어 생성 비디오, 단어)\map_syn\datasets\morpheme\01\NIA_SL_WORD2574_REAL01_F_morpheme.json"
WORD2575,하늘,ok,"D:\매핑용( 단어 생성 비디오, 단어)\map_syn\datasets\morpheme\01\NIA_SL_WORD2575_REAL01_F_morpheme.json"
WORD2576,상부,ok,"D:\매핑용( 단어 생성 비디오, 단어)\map_syn\datasets\morpheme\01\NIA_SL_WORD2576_REAL01_F_morpheme.json"
WORD2577,아래,ok,"D:\매핑용( 단어 생성 비디오, 단어)\map_syn\datasets\morpheme\01\NIA_SL_WORD2577_REAL01_F_morpheme.json"
WORD2578,날,ok,"D:\매핑용( 단어 생성 비디오, 단어)\map_syn\datasets\morpheme\01\NIA_SL_WORD2578_REAL01_F_morpheme.json"
WORD2579,수심,ok,"D:\매핑용( 단어 생성 비디오, 단어)\map_syn\datasets\morpheme\01\NIA_SL_WORD2579_REAL01_F_morpheme.json"
WORD2580,햇빛,ok,"D:\매핑용( 단어 생성 비디오, 단어)\map_syn\datasets\morpheme\01\NIA_SL_WORD2580_REAL01_F_morpheme.json"
WORD2581,홍수,ok,"D:\매핑용( 단어 생성 비디오, 단어)\map_syn\datasets\morpheme\01\NIA_SL_WORD2581_REAL01_F_morpheme.json"
WORD2582,감나무,ok,"D:\매핑용( 단어 생성 비디오, 단어)\map_syn\datasets\morpheme\01\NIA_SL_WORD2582_REAL01_F_morpheme.json"
WORD2583,제발,ok,"D:\매핑용( 단어 생성 비디오, 단어)\map_syn\datasets\morpheme\01\NIA_SL_WORD2583_REAL01_F_morpheme.json"
WORD2584,기린,ok,"D:\매핑용( 단어 생성 비디오, 단어)\map_syn\datasets\morpheme\01\NIA_SL_WORD2584_REAL01_F_morpheme.json"
WORD2585,꿀벌,ok,"D:\매핑용( 단어 생성 비디오, 단어)\map_syn\datasets\morpheme\01\NIA_SL_WORD2585_REAL01_F_morpheme.json"
WORD2586,쌀벌레,ok,"D:\매핑용( 단어 생성 비디오, 단어)\map_syn\datasets\morpheme\01\NIA_SL_WORD2586_REAL01_F_morpheme.json"
WORD2587,미국,ok,"D:\매핑용( 단어 생성 비디오, 단어)\map_syn\datasets\morpheme\01\NIA_SL_WORD2587_REAL01_F_morpheme.json"
WORD2588,일본,ok,"D:\매핑용( 단어 생성 비디오, 단어)\map_syn\datasets\morpheme\01\NIA_SL_WORD2588_REAL01_F_morpheme.json"
WORD2589,몽골,ok,"D:\매핑용( 단어 생성 비디오, 단어)\map_syn\datasets\morpheme\01\NIA_SL_WORD2589_REAL01_F_morpheme.json"
WORD2590,러시아,ok,"D:\매핑용( 단어 생성 비디오, 단어)\map_syn\datasets\morpheme\01\NIA_SL_WORD2590_REAL01_F_morpheme.json"
WORD2591,북한,ok,"D:\매핑용( 단어 생성 비디오, 단어)\map_syn\datasets\morpheme\01\NIA_SL_WORD2591_REAL01_F_morpheme.json"
WORD2592,인도,ok,"D:\매핑용( 단어 생성 비디오, 단어)\map_syn\datasets\morpheme\01\NIA_SL_WORD2592_REAL01_F_morpheme.json"
WORD2593,살살,ok,"D:\매핑용( 단어 생성 비디오, 단어)\map_syn\datasets\morpheme\01\NIA_SL_WORD2593_REAL01_F_morpheme.json"
WORD2594,봐주다,ok,"D:\매핑용( 단어 생성 비디오, 단어)\map_syn\datasets\morpheme\01\NIA_SL_WORD2594_REAL01_F_morpheme.json"
WORD2595,못보았다,ok,"D:\매핑용( 단어 생성 비디오, 단어)\map_syn\datasets\morpheme\01\NIA_SL_WORD2595_REAL01_F_morpheme.json"
WORD2596,영어,ok,"D:\매핑용( 단어 생성 비디오, 단어)\map_syn\datasets\morpheme\01\NIA_SL_WORD2596_REAL01_F_morpheme.json"
WORD2597,이스라엘,ok,"D:\매핑용( 단어 생성 비디오, 단어)\map_syn\datasets\morpheme\01\NIA_SL_WORD2597_REAL01_F_morpheme.json"
WORD2598,필리핀,ok,"D:\매핑용( 단어 생성 비디오, 단어)\map_syn\datasets\morpheme\01\NIA_SL_WORD2598_REAL01_F_morpheme.json"
WORD2599,홍콩,ok,"D:\매핑용( 단어 생성 비디오, 단어)\map_syn\datasets\morpheme\01\NIA_SL_WORD2599_REAL01_F_morpheme.json"
WORD2600,황홀,ok,"D:\매핑용( 단어 생성 비디오, 단어)\map_syn\datasets\morpheme\01\NIA_SL_WORD2600_REAL01_F_morpheme.json"
WORD2601,보이다,ok,"D:\매핑용( 단어 생성 비디오, 단어)\map_syn\datasets\morpheme\01\NIA_SL_WORD2601_REAL01_F_morpheme.json"
WORD2602,이탈리아,ok,"D:\매핑용( 단어 생성 비디오, 단어)\map_syn\datasets\morpheme\01\NIA_SL_WORD2602_REAL01_F_morpheme.json"
WORD2603,군산,ok,"D:\매핑용( 단어 생성 비디오, 단어)\map_syn\datasets\morpheme\01\NIA_SL_WORD2603_REAL01_F_morpheme.json"
WORD2604,목포,ok,"D:\매핑용( 단어 생성 비디오, 단어)\map_syn\datasets\morpheme\01\NIA_SL_WORD2604_REAL01_F_morpheme.json"
WORD2605,인천,ok,"D:\매핑용( 단어 생성 비디오, 단어)\map_syn\datasets\morpheme\01\NIA_SL_WORD2605_REAL01_F_morpheme.json"
WORD2606,금산,ok,"D:\매핑용( 단어 생성 비디오, 단어)\map_syn\datasets\morpheme\01\NIA_SL_WORD2606_REAL01_F_morpheme.json"
WORD2607,강원도,ok,"D:\매핑용( 단어 생성 비디오, 단어)\map_syn\datasets\morpheme\01\NIA_SL_WORD2607_REAL01_F_morpheme.json"
WORD2608,태백,ok,"D:\매핑용( 단어 생성 비디오, 단어)\map_syn\datasets\morpheme\01\NIA_SL_WORD2608_REAL01_F_morpheme.json"
WORD2609,보이다,ok,"D:\매핑용( 단어 생성 비디오, 단어)\map_syn\datasets\morpheme\01\NIA_SL_WORD2609_REAL01_F_morpheme.json"
WORD2610,대구,ok,"D:\매핑용( 단어 생성 비디오, 단어)\map_syn\datasets\morpheme\01\NIA_SL_WORD2610_REAL01_F_morpheme.json"
WORD2611,마산,ok,"D:\매핑용( 단어 생성 비디오, 단어)\map_syn\datasets\morpheme\01\NIA_SL_WORD2611_REAL01_F_morpheme.json"
WORD2612,창원,ok,"D:\매핑용( 단어 생성 비디오, 단어)\map_syn\datasets\morpheme\01\NIA_SL_WORD2612_REAL01_F_morpheme.json"
WORD2613,여수,ok,"D:\매핑용( 단어 생성 비디오, 단어)\map_syn\datasets\morpheme\01\NIA_SL_WORD2613_REAL01_F_morpheme.json"
WORD2614,적중하다,ok,"D:\매핑용( 단어 생성 비디오, 단어)\map_syn\datasets\morpheme\01\NIA_SL_WORD2614_REAL01_F_morpheme.json"
WORD2615,포항,ok,"D:\매핑용( 단어 생성 비디오, 단어)\map_syn\datasets\morpheme\01\NIA_SL_WORD2615_REAL01_F_morpheme.json"
WORD2616,대전,ok,"D:\매핑용( 단어 생성 비디오, 단어)\map_syn\datasets\morpheme\01\NIA_SL_WORD2616_REAL01_F_morpheme.json"
WORD2617,천안,ok,"D:\매핑용( 단어 생성 비디오, 단어)\map_syn\datasets\morpheme\01\NIA_SL_WORD2617_REAL01_F_morpheme.json"
WORD2618,아산,ok,"D:\매핑용( 단어 생성 비디오, 단어)\map_syn\datasets\morpheme\01\NIA_SL_WORD2618_REAL01_F_morpheme.json"
WORD2619,의정부,ok,"D:\매핑용( 단어 생성 비디오, 단어)\map_syn\datasets\morpheme\01\NIA_SL_WORD2619_REAL01_F_morpheme.json"
WORD2620,봐주다,ok,"D:\매핑용( 단어 생성 비디오, 단어)\map_syn\datasets\morpheme\01\NIA_SL_WORD2620_REAL01_F_morpheme.json"
WORD2621,원주,ok,"D:\매핑용( 단어 생성 비디오, 단어)\map_syn\datasets\morpheme\01\NIA_SL_WORD2621_REAL01_F_morpheme.json"
WORD2622,눈썰미,ok,"D:\매핑용( 단어 생성 비디오, 단어)\map_syn\datasets\morpheme\01\NIA_SL_WORD2622_REAL01_F_morpheme.json"
WORD2623,전주,ok,"D:\매핑용( 단어 생성 비디오, 단어)\map_syn\datasets\morpheme\01\NIA_SL_WORD2623_REAL01_F_morpheme.json"
WORD2624,주목,ok,"D:\매핑용( 단어 생성 비디오, 단어)\map_syn\datasets\morpheme\01\NIA_SL_WORD2624_REAL01_F_morpheme.json"
WORD2625,의성,ok,"D:\매핑용( 단어 생성 비디오, 단어)\map_syn\datasets\morpheme\01\NIA_SL_WORD2625_REAL01_F_morpheme.json"
WORD2626,눈가림,ok,"D:\매핑용( 단어 생성 비디오, 단어)\map_syn\datasets\morpheme\01\NIA_SL_WORD2626_REAL01_F_morpheme.json"
WORD2627,남원,ok,"D:\매핑용( 단어 생성 비디오, 단어)\map_syn\datasets\morpheme\01\NIA_SL_WORD2627_REAL01_F_morpheme.json"
WORD2628,삼척,ok,"D:\매핑용( 단어 생성 비디오, 단어)\map_syn\datasets\morpheme\01\NIA_SL_WORD2628_REAL01_F_morpheme.json"
WORD2629,일산,ok,"D:\매핑용( 단어 생성 비디오, 단어)\map_syn\datasets\morpheme\01\NIA_SL_WORD2629_REAL01_F_morpheme.json"
WORD2630,강릉,ok,"D:\매핑용( 단어 생성 비디오, 단어)\map_syn\datasets\morpheme\01\NIA_SL_WORD2630_REAL01_F_morpheme.json"
WORD2631,영,ok,"D:\매핑용( 단어 생성 비디오, 단어)\map_syn\datasets\morpheme\01\NIA_SL_WORD2631_REAL01_F_morpheme.json"
WORD2632,일,ok,"D:\매핑용( 단어 생성 비디오, 단어)\map_syn\datasets\morpheme\01\NIA_SL_WORD2632_REAL01_F_morpheme.json"
WORD2633,이,ok,"D:\매핑용( 단어 생성 비디오, 단어)\map_syn\datasets\morpheme\01\NIA_SL_WORD2633_REAL01_F_morpheme.json"
WORD2634,삼,ok,"D:\매핑용( 단어 생성 비디오, 단어)\map_syn\datasets\morpheme\01\NIA_SL_WORD2634_REAL01_F_morpheme.json"
WORD2635,사,ok,"D:\매핑용( 단어 생성 비디오, 단어)\map_syn\datasets\morpheme\01\NIA_SL_WORD2635_REAL01_F_morpheme.json"
WORD2636,오,ok,"D:\매핑용( 단어 생성 비디오, 단어)\map_syn\datasets\morpheme\01\NIA_SL_WORD2636_REAL01_F_morpheme.json"
WORD2637,육,ok,"D:\매핑용( 단어 생성 비디오, 단어)\map_syn\datasets\morpheme\01\NIA_SL_WORD2637_REAL01_F_morpheme.json"
WORD2638,칠,ok,"D:\매핑용( 단어 생성 비디오, 단어)\map_syn\datasets\morpheme\01\NIA_SL_WORD2638_REAL01_F_morpheme.json"
WORD2639,팔,ok,"D:\매핑용( 단어 생성 비디오, 단어)\map_syn\datasets\morpheme\01\NIA_SL_WORD2639_REAL01_F_morpheme.json"
WORD2640,구,ok,"D:\매핑용( 단어 생성 비디오, 단어)\map_syn\datasets\morpheme\01\NIA_SL_WORD2640_REAL01_F_morpheme.json"
WORD2641,십,ok,"D:\매핑용( 단어 생성 비디오, 단어)\map_syn\datasets\morpheme\01\NIA_SL_WORD2641_REAL01_F_morpheme.json"
WORD2642,십,ok,"D:\매핑용( 단어 생성 비디오, 단어)\map_syn\datasets\morpheme\01\NIA_SL_WORD2642_REAL01_F_morpheme.json"
WORD2643,십일,ok,"D:\매핑용( 단어 생성 비디오, 단어)\map_syn\datasets\morpheme\01\NIA_SL_WORD2643_REAL01_F_morpheme.json"
WORD2644,십이,ok,"D:\매핑용( 단어 생성 비디오, 단어)\map_syn\datasets\morpheme\01\NIA_SL_WORD2644_REAL01_F_morpheme.json"
WORD2645,십삼,ok,"D:\매핑용( 단어 생성 비디오, 단어)\map_syn\datasets\morpheme\01\NIA_SL_WORD2645_REAL01_F_morpheme.json"
WORD2646,십사,ok,"D:\매핑용( 단어 생성 비디오, 단어)\map_syn\datasets\morpheme\01\NIA_SL_WORD2646_REAL01_F_morpheme.json"
WORD2647,십오,ok,"D:\매핑용( 단어 생성 비디오, 단어)\map_syn\datasets\morpheme\01\NIA_SL_WORD2647_REAL01_F_morpheme.json"
WORD2648,십육,ok,"D:\매핑용( 단어 생성 비디오, 단어)\map_syn\datasets\morpheme\01\NIA_SL_WORD2648_REAL01_F_morpheme.json"
WORD2649,십칠,ok,"D:\매핑용( 단어 생성 비디오, 단어)\map_syn\datasets\morpheme\01\NIA_SL_WORD2649_REAL01_F_morpheme.json"
WORD2650,십팔,ok,"D:\매핑용( 단어 생성 비디오, 단어)\map_syn\datasets\morpheme\01\NIA_SL_WORD2650_REAL01_F_morpheme.json"
WORD2651,십구,ok,"D:\매핑용( 단어 생성 비디오, 단어)\map_syn\datasets\morpheme\01\NIA_SL_WORD2651_REAL01_F_morpheme.json"
WORD2652,이십,ok,"D:\매핑용( 단어 생성 비디오, 단어)\map_syn\datasets\morpheme\01\NIA_SL_WORD2652_REAL01_F_morpheme.json"
WORD2653,이십일,ok,"D:\매핑용( 단어 생성 비디오, 단어)\map_syn\datasets\morpheme\01\NIA_SL_WORD2653_REAL01_F_morpheme.json"
WORD2654,이십이,ok,"D:\매핑용( 단어 생성 비디오, 단어)\map_syn\datasets\morpheme\01\NIA_SL_WORD2654_REAL01_F_morpheme.json"
WORD2655,이십삼,ok,"D:\매핑용( 단어 생성 비디오, 단어)\map_syn\datasets\morpheme\01\NIA_SL_WORD2655_REAL01_F_morpheme.json"
WORD2656,이십사,ok,"D:\매핑용( 단어 생성 비디오, 단어)\map_syn\datasets\morpheme\01\NIA_SL_WORD2656_REAL01_F_morpheme.json"
WORD2657,이십오,ok,"D:\매핑용( 단어 생성 비디오, 단어)\map_syn\datasets\morpheme\01\NIA_SL_WORD2657_REAL01_F_morpheme.json"
WORD2658,이십육,ok,"D:\매핑용( 단어 생성 비디오, 단어)\map_syn\datasets\morpheme\01\NIA_SL_WORD2658_REAL01_F_morpheme.json"
WORD2659,이십칠,ok,"D:\매핑용( 단어 생성 비디오, 단어)\map_syn\datasets\morpheme\01\NIA_SL_WORD2659_REAL01_F_morpheme.json"
WORD2660,이십팔,ok,"D:\매핑용( 단어 생성 비디오, 단어)\map_syn\datasets\morpheme\01\NIA_SL_WORD2660_REAL01_F_morpheme.json"
WORD2661,이십구,ok,"D:\매핑용( 단어 생성 비디오, 단어)\map_syn\datasets\morpheme\01\NIA_SL_WORD2661_REAL01_F_morpheme.json"
WORD2662,삼십,ok,"D:\매핑용( 단어 생성 비디오, 단어)\map_syn\datasets\morpheme\01\NIA_SL_WORD2662_REAL01_F_morpheme.json"
WORD2663,삼십일,ok,"D:\매핑용( 단어 생성 비디오, 단어)\map_syn\datasets\morpheme\01\NIA_SL_WORD2663_REAL01_F_morpheme.json"
WORD2664,삼십이,ok,"D:\매핑용( 단어 생성 비디오, 단어)\map_syn\datasets\morpheme\01\NIA_SL_WORD2664_REAL01_F_morpheme.json"
WORD2665,삼십삼,ok,"D:\매핑용( 단어 생성 비디오, 단어)\map_syn\datasets\morpheme\01\NIA_SL_WORD2665_REAL01_F_morpheme.json"
WORD2666,삼십사,ok,"D:\매핑용( 단어 생성 비디오, 단어)\map_syn\datasets\morpheme\01\NIA_SL_WORD2666_REAL01_F_morpheme.json"
WORD2667,삼십오,ok,"D:\매핑용( 단어 생성 비디오, 단어)\map_syn\datasets\morpheme\01\NIA_SL_WORD2667_REAL01_F_morpheme.json"
WORD2668,삼십육,ok,"D:\매핑용( 단어 생성 비디오, 단어)\map_syn\datasets\morpheme\01\NIA_SL_WORD2668_REAL01_F_morpheme.json"
WORD2669,삼십칠,ok,"D:\매핑용( 단어 생성 비디오, 단어)\map_syn\datasets\morpheme\01\NIA_SL_WORD2669_REAL01_F_morpheme.json"
WORD2670,삼십팔,ok,"D:\매핑용( 단어 생성 비디오, 단어)\map_syn\datasets\morpheme\01\NIA_SL_WORD2670_REAL01_F_morpheme.json"
WORD2671,삼십구,ok,"D:\매핑용( 단어 생성 비디오, 단어)\map_syn\datasets\morpheme\01\NIA_SL_WORD2671_REAL01_F_morpheme.json"
WORD2672,사십,ok,"D:\매핑용( 단어 생성 비디오, 단어)\map_syn\datasets\morpheme\01\NIA_SL_WORD2672_REAL01_F_morpheme.json"
WORD2673,사십일,ok,"D:\매핑용( 단어 생성 비디오, 단어)\map_syn\datasets\morpheme\01\NIA_SL_WORD2673_REAL01_F_morpheme.json"
WORD2674,사십이,ok,"D:\매핑용( 단어 생성 비디오, 단어)\map_syn\datasets\morpheme\01\NIA_SL_WORD2674_REAL01_F_morpheme.json"
WORD2675,사십삼,ok,"D:\매핑용( 단어 생성 비디오, 단어)\map_syn\datasets\morpheme\01\NIA_SL_WORD2675_REAL01_F_morpheme.json"
WORD2676,사십사,ok,"D:\매핑용( 단어 생성 비디오, 단어)\map_syn\datasets\morpheme\01\NIA_SL_WORD2676_REAL01_F_morpheme.json"
WORD2677,사십오,ok,"D:\매핑용( 단어 생성 비디오, 단어)\map_syn\datasets\morpheme\01\NIA_SL_WORD2677_REAL01_F_morpheme.json"
WORD2678,사십육,ok,"D:\매핑용( 단어 생성 비디오, 단어)\map_syn\datasets\morpheme\01\NIA_SL_WORD2678_REAL01_F_morpheme.json"
WORD2679,사십칠,ok,"D:\매핑용( 단어 생성 비디오, 단어)\map_syn\datasets\morpheme\01\NIA_SL_WORD2679_REAL01_F_morpheme.json"
WORD2680,사십팔,ok,"D:\매핑용( 단어 생성 비디오, 단어)\map_syn\datasets\morpheme\01\NIA_SL_WORD2680_REAL01_F_morpheme.json"
WORD2681,사십구,ok,"D:\매핑용( 단어 생성 비디오, 단어)\map_syn\datasets\morpheme\01\NIA_SL_WORD2681_REAL01_F_morpheme.json"
WORD2682,오십,ok,"D:\매핑용( 단어 생성 비디오, 단어)\map_syn\datasets\morpheme\01\NIA_SL_WORD2682_REAL01_F_morpheme.json"
WORD2683,오십일,ok,"D:\매핑용( 단어 생성 비디오, 단어)\map_syn\datasets\morpheme\01\NIA_SL_WORD2683_REAL01_F_morpheme.json"
WORD2684,오십이,ok,"D:\매핑용( 단어 생성 비디오, 단어)\map_syn\datasets\morpheme\01\NIA_SL_WORD2684_REAL01_F_morpheme.json"
WORD2685,오십삼,ok,"D:\매핑용( 단어 생성 비디오, 단어)\map_syn\datasets\morpheme\01\NIA_SL_WORD2685_REAL01_F_morpheme.json"
WORD2686,오십사,ok,"D:\매핑용( 단어 생성 비디오, 단어)\map_syn\datasets\morpheme\01\NIA_SL_WORD2686_REAL01_F_morpheme.json"
WORD2687,오십오,ok,"D:\매핑용( 단어 생성 비디오, 단어)\map_syn\datasets\morpheme\01\NIA_SL_WORD2687_REAL01_F_morpheme.json"
WORD2688,오십육,ok,"D:\매핑용( 단어 생성 비디오, 단어)\map_syn\datasets\morpheme\01\NIA_SL_WORD2688_REAL01_F_morpheme.json"
WORD2689,오십칠,ok,"D:\매핑용( 단어 생성 비디오, 단어)\map_syn\datasets\morpheme\01\NIA_SL_WORD2689_REAL01_F_morpheme.json"
WORD2690,오십팔,ok,"D:\매핑용( 단어 생성 비디오, 단어)\map_syn\datasets\morpheme\01\NIA_SL_WORD2690_REAL01_F_morpheme.json"
WORD2691,오십구,ok,"D:\매핑용( 단어 생성 비디오, 단어)\map_syn\datasets\morpheme\01\NIA_SL_WORD2691_REAL01_F_morpheme.json"
WORD2692,육십,ok,"D:\매핑용( 단어 생성 비디오, 단어)\map_syn\datasets\morpheme\01\NIA_SL_WORD2692_REAL01_F_morpheme.json"
WORD2693,육십일,ok,"D:\매핑용( 단어 생성 비디오, 단어)\map_syn\datasets\morpheme\01\NIA_SL_WORD2693_REAL01_F_morpheme.json"
WORD2694,육십이,ok,"D:\매핑용( 단어 생성 비디오, 단어)\map_syn\datasets\morpheme\01\NIA_SL_WORD2694_REAL01_F_morpheme.json"
WORD2695,육십삼,ok,"D:\매핑용( 단어 생성 비디오, 단어)\map_syn\datasets\morpheme\01\NIA_SL_WORD2695_REAL01_F_morpheme.json"
WORD2696,육십사,ok,"D:\매핑용( 단어 생성 비디오, 단어)\map_syn\datasets\morpheme\01\NIA_SL_WORD2696_REAL01_F_morpheme.json"
WORD2697,육십오,ok,"D:\매핑용( 단어 생성 비디오, 단어)\map_syn\datasets\morpheme\01\NIA_SL_WORD2697_REAL01_F_morpheme.json"
WORD2698,육십육,ok,"D:\매핑용( 단어 생성 비디오, 단어)\map_syn\datasets\morpheme\01\NIA_SL_WORD2698_REAL01_F_morpheme.json"
WORD2699,육십칠,ok,"D:\매핑용( 단어 생성 비디오, 단어)\map_syn\datasets\morpheme\01\NIA_SL_WORD2699_REAL01_F_morpheme.json"
WORD2700,육십팔,ok,"D:\매핑용( 단어 생성 비디오, 단어)\map_syn\datasets\morpheme\01\NIA_SL_WORD2700_REAL01_F_morpheme.json"
WORD2701,육십구,ok,"D:\매핑용( 단어 생성 비디오, 단어)\map_syn\datasets\morpheme\01\NIA_SL_WORD2701_REAL01_F_morpheme.json"
WORD2702,칠십,ok,"D:\매핑용( 단어 생성 비디오, 단어)\map_syn\datasets\morpheme\01\NIA_SL_WORD2702_REAL01_F_morpheme.json"
WORD2703,칠십일,ok,"D:\매핑용( 단어 생성 비디오, 단어)\map_syn\datasets\morpheme\01\NIA_SL_WORD2703_REAL01_F_morpheme.json"
WORD2704,칠십이,ok,"D:\매핑용( 단어 생성 비디오, 단어)\map_syn\datasets\morpheme\01\NIA_SL_WORD2704_REAL01_F_morpheme.json"
WORD2705,칠십삼,ok,"D:\매핑용( 단어 생성 비디오, 단어)\map_syn\datasets\morpheme\01\NIA_SL_WORD2705_REAL01_F_morpheme.json"
WORD2706,칠십사,ok,"D:\매핑용( 단어 생성 비디오, 단어)\map_syn\datasets\morpheme\01\NIA_SL_WORD2706_REAL01_F_morpheme.json"
WORD2707,칠십오,ok,"D:\매핑용( 단어 생성 비디오, 단어)\map_syn\datasets\morpheme\01\NIA_SL_WORD2707_REAL01_F_morpheme.json"
WORD2708,칠십육,ok,"D:\매핑용( 단어 생성 비디오, 단어)\map_syn\datasets\morpheme\01\NIA_SL_WORD2708_REAL01_F_morpheme.json"
WORD2709,칠십칠,ok,"D:\매핑용( 단어 생성 비디오, 단어)\map_syn\datasets\morpheme\01\NIA_SL_WORD2709_REAL01_F_morpheme.json"
WORD2710,칠십팔,ok,"D:\매핑용( 단어 생성 비디오, 단어)\map_syn\datasets\morpheme\01\NIA_SL_WORD2710_REAL01_F_morpheme.json"
WORD2711,칠십구,ok,"D:\매핑용( 단어 생성 비디오, 단어)\map_syn\datasets\morpheme\01\NIA_SL_WORD2711_REAL01_F_morpheme.json"
WORD2712,팔십,ok,"D:\매핑용( 단어 생성 비디오, 단어)\map_syn\datasets\morpheme\01\NIA_SL_WORD2712_REAL01_F_morpheme.json"
WORD2713,팔십일,ok,"D:\매핑용( 단어 생성 비디오, 단어)\map_syn\datasets\morpheme\01\NIA_SL_WORD2713_REAL01_F_morpheme.json"
WORD2714,팔십이,ok,"D:\매핑용( 단어 생성 비디오, 단어)\map_syn\datasets\morpheme\01\NIA_SL_WORD2714_REAL01_F_morpheme.json"
WORD2715,팔십삼,ok,"D:\매핑용( 단어 생성 비디오, 단어)\map_syn\datasets\morpheme\01\NIA_SL_WORD2715_REAL01_F_morpheme.json"
WORD2716,팔십사,ok,"D:\매핑용( 단어 생성 비디오, 단어)\map_syn\datasets\morpheme\01\NIA_SL_WORD2716_REAL01_F_morpheme.json"
WORD2717,팔십오,ok,"D:\매핑용( 단어 생성 비디오, 단어)\map_syn\datasets\morpheme\01\NIA_SL_WORD2717_REAL01_F_morpheme.json"
WORD2718,팔십육,ok,"D:\매핑용( 단어 생성 비디오, 단어)\map_syn\datasets\morpheme\01\NIA_SL_WORD2718_REAL01_F_morpheme.json"
WORD2719,팔십칠,ok,"D:\매핑용( 단어 생성 비디오, 단어)\map_syn\datasets\morpheme\01\NIA_SL_WORD2719_REAL01_F_morpheme.json"
WORD2720,팔십팔,ok,"D:\매핑용( 단어 생성 비디오, 단어)\map_syn\datasets\morpheme\01\NIA_SL_WORD2720_REAL01_F_morpheme.json"
WORD2721,팔십구,ok,"D:\매핑용( 단어 생성 비디오, 단어)\map_syn\datasets\morpheme\01\NIA_SL_WORD2721_REAL01_F_morpheme.json"
WORD2722,구십,ok,"D:\매핑용( 단어 생성 비디오, 단어)\map_syn\datasets\morpheme\01\NIA_SL_WORD2722_REAL01_F_morpheme.json"
WORD2723,구십일,ok,"D:\매핑용( 단어 생성 비디오, 단어)\map_syn\datasets\morpheme\01\NIA_SL_WORD2723_REAL01_F_morpheme.json"
WORD2724,구십이,ok,"D:\매핑용( 단어 생성 비디오, 단어)\map_syn\datasets\morpheme\01\NIA_SL_WORD2724_REAL01_F_morpheme.json"
WORD2725,구십삼,ok,"D:\매핑용( 단어 생성 비디오, 단어)\map_syn\datasets\morpheme\01\NIA_SL_WORD2725_REAL01_F_morpheme.json"
WORD2726,구십사,ok,"D:\매핑용( 단어 생성 비디오, 단어)\map_syn\datasets\morpheme\01\NIA_SL_WORD2726_REAL01_F_morpheme.json"
WORD2727,구십오,ok,"D:\매핑용( 단어 생성 비디오, 단어)\map_syn\datasets\morpheme\01\NIA_SL_WORD2727_REAL01_F_morpheme.json"
WORD2728,구십육,ok,"D:\매핑용( 단어 생성 비디오, 단어)\map_syn\datasets\morpheme\01\NIA_SL_WORD2728_REAL01_F_morpheme.json"
WORD2729,구십칠,ok,"D:\매핑용( 단어 생성 비디오, 단어)\map_syn\datasets\morpheme\01\NIA_SL_WORD2729_REAL01_F_morpheme.json"
WORD2730,구십팔,ok,"D:\매핑용( 단어 생성 비디오, 단어)\map_syn\datasets\morpheme\01\NIA_SL_WORD2730_REAL01_F_morpheme.json"
WORD2731,구십구,ok,"D:\매핑용( 단어 생성 비디오, 단어)\map_syn\datasets\morpheme\01\NIA_SL_WORD2731_REAL01_F_morpheme.json"
WORD2732,백,ok,"D:\매핑용( 단어 생성 비디오, 단어)\map_syn\datasets\morpheme\01\NIA_SL_WORD2732_REAL01_F_morpheme.json"
WORD2733,백일,ok,"D:\매핑용( 단어 생성 비디오, 단어)\map_syn\datasets\morpheme\01\NIA_SL_WORD2733_REAL01_F_morpheme.json"
WORD2734,백이,ok,"D:\매핑용( 단어 생성 비디오, 단어)\map_syn\datasets\morpheme\01\NIA_SL_WORD2734_REAL01_F_morpheme.json"
WORD2735,백삼,ok,"D:\매핑용( 단어 생성 비디오, 단어)\map_syn\datasets\morpheme\01\NIA_SL_WORD2735_REAL01_F_morpheme.json"
WORD2736,백사,ok,"D:\매핑용( 단어 생성 비디오, 단어)\map_syn\datasets\morpheme\01\NIA_SL_WORD2736_REAL01_F_morpheme.json"
WORD2737,백오,ok,"D:\매핑용( 단어 생성 비디오, 단어)\map_syn\datasets\morpheme\01\NIA_SL_WORD2737_REAL01_F_morpheme.json"
WORD2738,백육,ok,"D:\매핑용( 단어 생성 비디오, 단어)\map_syn\datasets\morpheme\01\NIA_SL_WORD2738_REAL01_F_morpheme.json"
WORD2739,백칠,ok,"D:\매핑용( 단어 생성 비디오, 단어)\map_syn\datasets\morpheme\01\NIA_SL_WORD2739_REAL01_F_morpheme.json"
WORD2740,백팔,ok,"D:\매핑용( 단어 생성 비디오, 단어)\map_syn\datasets\morpheme\01\NIA_SL_WORD2740_REAL01_F_morpheme.json"
WORD2741,백구,ok,"D:\매핑용( 단어 생성 비디오, 단어)\map_syn\datasets\morpheme\01\NIA_SL_WORD2741_REAL01_F_morpheme.json"
WORD2742,백십,ok,"D:\매핑용( 단어 생성 비디오, 단어)\map_syn\datasets\morpheme\01\NIA_SL_WORD2742_REAL01_F_morpheme.json"
WORD2743,백십일,ok,"D:\매핑용( 단어 생성 비디오, 단어)\map_syn\datasets\morpheme\01\NIA_SL_WORD2743_REAL01_F_morpheme.json"
WORD2744,백십이,ok,"D:\매핑용( 단어 생성 비디오, 단어)\map_syn\datasets\morpheme\01\NIA_SL_WORD2744_REAL01_F_morpheme.json"
WORD2745,백십삼,ok,"D:\매핑용( 단어 생성 비디오, 단어)\map_syn\datasets\morpheme\01\NIA_SL_WORD2745_REAL01_F_morpheme.json"
WORD2746,백십사,ok,"D:\매핑용( 단어 생성 비디오, 단어)\map_syn\datasets\morpheme\01\NIA_SL_WORD2746_REAL01_F_morpheme.json"
WORD2747,백십오,ok,"D:\매핑용( 단어 생성 비디오, 단어)\map_syn\datasets\morpheme\01\NIA_SL_WORD2747_REAL01_F_morpheme.json"
WORD2748,백십육,ok,"D:\매핑용( 단어 생성 비디오, 단어)\map_syn\datasets\morpheme\01\NIA_SL_WORD2748_REAL01_F_morpheme.json"
WORD2749,백십칠,ok,"D:\매핑용( 단어 생성 비디오, 단어)\map_syn\datasets\morpheme\01\NIA_SL_WORD2749_REAL01_F_morpheme.json"
WORD2750,백십팔,ok,"D:\매핑용( 단어 생성 비디오, 단어)\map_syn\datasets\morpheme\01\NIA_SL_WORD2750_REAL01_F_morpheme.json"
WORD2751,백십구,ok,"D:\매핑용( 단어 생성 비디오, 단어)\map_syn\datasets\morpheme\01\NIA_SL_WORD2751_REAL01_F_morpheme.json"
WORD2752,백이십,ok,"D:\매핑용( 단어 생성 비디오, 단어)\map_syn\datasets\morpheme\01\NIA_SL_WORD2752_REAL01_F_morpheme.json"
WORD2753,백이십일,ok,"D:\매핑용( 단어 생성 비디오, 단어)\map_syn\datasets\morpheme\01\NIA_SL_WORD2753_REAL01_F_morpheme.json"
WORD2754,백이십이,ok,"D:\매핑용( 단어 생성 비디오, 단어)\map_syn\datasets\morpheme\01\NIA_SL_WORD2754_REAL01_F_morpheme.json"
WORD2755,백이십삼,ok,"D:\매핑용( 단어 생성 비디오, 단어)\map_syn\datasets\morpheme\01\NIA_SL_WORD2755_REAL01_F_morpheme.json"
WORD2756,백이십사,ok,"D:\매핑용( 단어 생성 비디오, 단어)\map_syn\datasets\morpheme\01\NIA_SL_WORD2756_REAL01_F_morpheme.json"
WORD2757,백이십오,ok,"D:\매핑용( 단어 생성 비디오, 단어)\map_syn\datasets\morpheme\01\NIA_SL_WORD2757_REAL01_F_morpheme.json"
WORD2758,백이십육,ok,"D:\매핑용( 단어 생성 비디오, 단어)\map_syn\datasets\morpheme\01\NIA_SL_WORD2758_REAL01_F_morpheme.json"
WORD2759,백이십칠,ok,"D:\매핑용( 단어 생성 비디오, 단어)\map_syn\datasets\morpheme\01\NIA_SL_WORD2759_REAL01_F_morpheme.json"
WORD2760,백이십팔,ok,"D:\매핑용( 단어 생성 비디오, 단어)\map_syn\datasets\morpheme\01\NIA_SL_WORD2760_REAL01_F_morpheme.json"
WORD2761,백이십구,ok,"D:\매핑용( 단어 생성 비디오, 단어)\map_syn\datasets\morpheme\01\NIA_SL_WORD2761_REAL01_F_morpheme.json"
WORD2762,백삼십,ok,"D:\매핑용( 단어 생성 비디오, 단어)\map_syn\datasets\morpheme\01\NIA_SL_WORD2762_REAL01_F_morpheme.json"
WORD2763,백삼십일,ok,"D:\매핑용( 단어 생성 비디오, 단어)\map_syn\datasets\morpheme\01\NIA_SL_WORD2763_REAL01_F_morpheme.json"
WORD2764,백삼십이,ok,"D:\매핑용( 단어 생성 비디오, 단어)\map_syn\datasets\morpheme\01\NIA_SL_WORD2764_REAL01_F_morpheme.json"
WORD2765,백삼십삼,ok,"D:\매핑용( 단어 생성 비디오, 단어)\map_syn\datasets\morpheme\01\NIA_SL_WORD2765_REAL01_F_morpheme.json"
WORD2766,백삼십사,ok,"D:\매핑용( 단어 생성 비디오, 단어)\map_syn\datasets\morpheme\01\NIA_SL_WORD2766_REAL01_F_morpheme.json"
WORD2767,백삼십오,ok,"D:\매핑용( 단어 생성 비디오, 단어)\map_syn\datasets\morpheme\01\NIA_SL_WORD2767_REAL01_F_morpheme.json"
WORD2768,백삼십육,ok,"D:\매핑용( 단어 생성 비디오, 단어)\map_syn\datasets\morpheme\01\NIA_SL_WORD2768_REAL01_F_morpheme.json"
WORD2769,백삼십칠,ok,"D:\매핑용( 단어 생성 비디오, 단어)\map_syn\datasets\morpheme\01\NIA_SL_WORD2769_REAL01_F_morpheme.json"
WORD2770,백삼십팔,ok,"D:\매핑용( 단어 생성 비디오, 단어)\map_syn\datasets\morpheme\01\NIA_SL_WORD2770_REAL01_F_morpheme.json"
WORD2771,백삼십구,ok,"D:\매핑용( 단어 생성 비디오, 단어)\map_syn\datasets\morpheme\01\NIA_SL_WORD2771_REAL01_F_morpheme.json"
WORD2772,백사십,ok,"D:\매핑용( 단어 생성 비디오, 단어)\map_syn\datasets\morpheme\01\NIA_SL_WORD2772_REAL01_F_morpheme.json"
WORD2773,백사십일,ok,"D:\매핑용( 단어 생성 비디오, 단어)\map_syn\datasets\morpheme\01\NIA_SL_WORD2773_REAL01_F_morpheme.json"
WORD2774,백사십이,ok,"D:\매핑용( 단어 생성 비디오, 단어)\map_syn\datasets\morpheme\01\NIA_SL_WORD2774_REAL01_F_morpheme.json"
WORD2775,백사십삼,ok,"D:\매핑용( 단어 생성 비디오, 단어)\map_syn\datasets\morpheme\01\NIA_SL_WORD2775_REAL01_F_morpheme.json"
WORD2776,백사십사,ok,"D:\매핑용( 단어 생성 비디오, 단어)\map_syn\datasets\morpheme\01\NIA_SL_WORD2776_REAL01_F_morpheme.json"
WORD2777,백사십오,ok,"D:\매핑용( 단어 생성 비디오, 단어)\map_syn\datasets\morpheme\01\NIA_SL_WORD2777_REAL01_F_morpheme.json"
WORD2778,백사십육,ok,"D:\매핑용( 단어 생성 비디오, 단어)\map_syn\datasets\morpheme\01\NIA_SL_WORD2778_REAL01_F_morpheme.json"
WORD2779,백사십칠,ok,"D:\매핑용( 단어 생성 비디오, 단어)\map_syn\datasets\morpheme\01\NIA_SL_WORD2779_REAL01_F_morpheme.json"
WORD2780,백사십팔,ok,"D:\매핑용( 단어 생성 비디오, 단어)\map_syn\datasets\morpheme\01\NIA_SL_WORD2780_REAL01_F_morpheme.json"
WORD2781,백사십구,ok,"D:\매핑용( 단어 생성 비디오, 단어)\map_syn\datasets\morpheme\01\NIA_SL_WORD2781_REAL01_F_morpheme.json"
WORD2782,백오십,ok,"D:\매핑용( 단어 생성 비디오, 단어)\map_syn\datasets\morpheme\01\NIA_SL_WORD2782_REAL01_F_morpheme.json"
WORD2783,백오십일,ok,"D:\매핑용( 단어 생성 비디오, 단어)\map_syn\datasets\morpheme\01\NIA_SL_WORD2783_REAL01_F_morpheme.json"
WORD2784,백오십이,ok,"D:\매핑용( 단어 생성 비디오, 단어)\map_syn\datasets\morpheme\01\NIA_SL_WORD2784_REAL01_F_morpheme.json"
WORD2785,백오십삼,ok,"D:\매핑용( 단어 생성 비디오, 단어)\map_syn\datasets\morpheme\01\NIA_SL_WORD2785_REAL01_F_morpheme.json"
WORD2786,백오십사,ok,"D:\매핑용( 단어 생성 비디오, 단어)\map_syn\datasets\morpheme\01\NIA_SL_WORD2786_REAL01_F_morpheme.json"
WORD2787,백오십오,ok,"D:\매핑용( 단어 생성 비디오, 단어)\map_syn\datasets\morpheme\01\NIA_SL_WORD2787_REAL01_F_morpheme.json"
WORD2788,백오십육,ok,"D:\매핑용( 단어 생성 비디오, 단어)\map_syn\datasets\morpheme\01\NIA_SL_WORD2788_REAL01_F_morpheme.json"
WORD2789,백오십칠,ok,"D:\매핑용( 단어 생성 비디오, 단어)\map_syn\datasets\morpheme\01\NIA_SL_WORD2789_REAL01_F_morpheme.json"
WORD2790,백오십팔,ok,"D:\매핑용( 단어 생성 비디오, 단어)\map_syn\datasets\morpheme\01\NIA_SL_WORD2790_REAL01_F_morpheme.json"
WORD2791,백오십구,ok,"D:\매핑용( 단어 생성 비디오, 단어)\map_syn\datasets\morpheme\01\NIA_SL_WORD2791_REAL01_F_morpheme.json"
WORD2792,백육십,ok,"D:\매핑용( 단어 생성 비디오, 단어)\map_syn\datasets\morpheme\01\NIA_SL_WORD2792_REAL01_F_morpheme.json"
WORD2793,백육십일,ok,"D:\매핑용( 단어 생성 비디오, 단어)\map_syn\datasets\morpheme\01\NIA_SL_WORD2793_REAL01_F_morpheme.json"
WORD2794,백육십이,ok,"D:\매핑용( 단어 생성 비디오, 단어)\map_syn\datasets\morpheme\01\NIA_SL_WORD2794_REAL01_F_morpheme.json"
WORD2795,백육십삼,ok,"D:\매핑용( 단어 생성 비디오, 단어)\map_syn\datasets\morpheme\01\NIA_SL_WORD2795_REAL01_F_morpheme.json"
WORD2796,백육십사,ok,"D:\매핑용( 단어 생성 비디오, 단어)\map_syn\datasets\morpheme\01\NIA_SL_WORD2796_REAL01_F_morpheme.json"
WORD2797,백육십오,ok,"D:\매핑용( 단어 생성 비디오, 단어)\map_syn\datasets\morpheme\01\NIA_SL_WORD2797_REAL01_F_morpheme.json"
WORD2798,백육십육,ok,"D:\매핑용( 단어 생성 비디오, 단어)\map_syn\datasets\morpheme\01\NIA_SL_WORD2798_REAL01_F_morpheme.json"
WORD2799,백육십칠,ok,"D:\매핑용( 단어 생성 비디오, 단어)\map_syn\datasets\morpheme\01\NIA_SL_WORD2799_REAL01_F_morpheme.json"
WORD2800,백육십팔,ok,"D:\매핑용( 단어 생성 비디오, 단어)\map_syn\datasets\morpheme\01\NIA_SL_WORD2800_REAL01_F_morpheme.json"
WORD2801,백육십구,ok,"D:\매핑용( 단어 생성 비디오, 단어)\map_syn\datasets\morpheme\01\NIA_SL_WORD2801_REAL01_F_morpheme.json"
WORD2802,백칠십,ok,"D:\매핑용( 단어 생성 비디오, 단어)\map_syn\datasets\morpheme\01\NIA_SL_WORD2802_REAL01_F_morpheme.json"
WORD2803,백칠십일,ok,"D:\매핑용( 단어 생성 비디오, 단어)\map_syn\datasets\morpheme\01\NIA_SL_WORD2803_REAL01_F_morpheme.json"
WORD2804,백칠십이,ok,"D:\매핑용( 단어 생성 비디오, 단어)\map_syn\datasets\morpheme\01\NIA_SL_WORD2804_REAL01_F_morpheme.json"
WORD2805,백칠십삼,ok,"D:\매핑용( 단어 생성 비디오, 단어)\map_syn\datasets\morpheme\01\NIA_SL_WORD2805_REAL01_F_morpheme.json"
WORD2806,백칠십사,ok,"D:\매핑용( 단어 생성 비디오, 단어)\map_syn\datasets\morpheme\01\NIA_SL_WORD2806_REAL01_F_morpheme.json"
WORD2807,백칠십오,ok,"D:\매핑용( 단어 생성 비디오, 단어)\map_syn\datasets\morpheme\01\NIA_SL_WORD2807_REAL01_F_morpheme.json"
WORD2808,백칠십육,ok,"D:\매핑용( 단어 생성 비디오, 단어)\map_syn\datasets\morpheme\01\NIA_SL_WORD2808_REAL01_F_morpheme.json"
WORD2809,백칠십칠,ok,"D:\매핑용( 단어 생성 비디오, 단어)\map_syn\datasets\morpheme\01\NIA_SL_WORD2809_REAL01_F_morpheme.json"
WORD2810,백칠십팔,ok,"D:\매핑용( 단어 생성 비디오, 단어)\map_syn\datasets\morpheme\01\NIA_SL_WORD2810_REAL01_F_morpheme.json"
WORD2811,백칠십구,ok,"D:\매핑용( 단어 생성 비디오, 단어)\map_syn\datasets\morpheme\01\NIA_SL_WORD2811_REAL01_F_morpheme.json"
WORD2812,백팔십,ok,"D:\매핑용( 단어 생성 비디오, 단어)\map_syn\datasets\morpheme\01\NIA_SL_WORD2812_REAL01_F_morpheme.json"
WORD2813,백팔십일,ok,"D:\매핑용( 단어 생성 비디오, 단어)\map_syn\datasets\morpheme\01\NIA_SL_WORD2813_REAL01_F_morpheme.json"
WORD2814,백팔십이,ok,"D:\매핑용( 단어 생성 비디오, 단어)\map_syn\datasets\morpheme\01\NIA_SL_WORD2814_REAL01_F_morpheme.json"
WORD2815,백팔십삼,ok,"D:\매핑용( 단어 생성 비디오, 단어)\map_syn\datasets\morpheme\01\NIA_SL_WORD2815_REAL01_F_morpheme.json"
WORD2816,백팔십사,ok,"D:\매핑용( 단어 생성 비디오, 단어)\map_syn\datasets\morpheme\01\NIA_SL_WORD2816_REAL01_F_morpheme.json"
WORD2817,백팔십오,ok,"D:\매핑용( 단어 생성 비디오, 단어)\map_syn\datasets\morpheme\01\NIA_SL_WORD2817_REAL01_F_morpheme.json"
WORD2818,백팔십육,ok,"D:\매핑용( 단어 생성 비디오, 단어)\map_syn\datasets\morpheme\01\NIA_SL_WORD2818_REAL01_F_morpheme.json"
WORD2819,백팔십칠,ok,"D:\매핑용( 단어 생성 비디오, 단어)\map_syn\datasets\morpheme\01\NIA_SL_WORD2819_REAL01_F_morpheme.json"
WORD2820,백팔십팔,ok,"D:\매핑용( 단어 생성 비디오, 단어)\map_syn\datasets\morpheme\01\NIA_SL_WORD2820_REAL01_F_morpheme.json"
WORD2821,백팔십구,ok,"D:\매핑용( 단어 생성 비디오, 단어)\map_syn\datasets\morpheme\01\NIA_SL_WORD2821_REAL01_F_morpheme.json"
WORD2822,백구십,ok,"D:\매핑용( 단어 생성 비디오, 단어)\map_syn\datasets\morpheme\01\NIA_SL_WORD2822_REAL01_F_morpheme.json"
WORD2823,백구십일,ok,"D:\매핑용( 단어 생성 비디오, 단어)\map_syn\datasets\morpheme\01\NIA_SL_WORD2823_REAL01_F_morpheme.json"
WORD2824,백구십이,ok,"D:\매핑용( 단어 생성 비디오, 단어)\map_syn\datasets\morpheme\01\NIA_SL_WORD2824_REAL01_F_morpheme.json"
WORD2825,백구십삼,ok,"D:\매핑용( 단어 생성 비디오, 단어)\map_syn\datasets\morpheme\01\NIA_SL_WORD2825_REAL01_F_morpheme.json"
WORD2826,백구십사,ok,"D:\매핑용( 단어 생성 비디오, 단어)\map_syn\datasets\morpheme\01\NIA_SL_WORD2826_REAL01_F_morpheme.json"
WORD2827,백구십오,ok,"D:\매핑용( 단어 생성 비디오, 단어)\map_syn\datasets\morpheme\01\NIA_SL_WORD2827_REAL01_F_morpheme.json"
WORD2828,백구십육,ok,"D:\매핑용( 단어 생성 비디오, 단어)\map_syn\datasets\morpheme\01\NIA_SL_WORD2828_REAL01_F_morpheme.json"
WORD2829,백구십칠,ok,"D:\매핑용( 단어 생성 비디오, 단어)\map_syn\datasets\morpheme\01\NIA_SL_WORD2829_REAL01_F_morpheme.json"
WORD2830,백구십팔,ok,"D:\매핑용( 단어 생성 비디오, 단어)\map_syn\datasets\morpheme\01\NIA_SL_WORD2830_REAL01_F_morpheme.json"
WORD2831,백구십구,ok,"D:\매핑용( 단어 생성 비디오, 단어)\map_syn\datasets\morpheme\01\NIA_SL_WORD2831_REAL01_F_morpheme.json"
WORD2832,이백,ok,"D:\매핑용( 단어 생성 비디오, 단어)\map_syn\datasets\morpheme\01\NIA_SL_WORD2832_REAL01_F_morpheme.json"
WORD2833,이백십,ok,"D:\매핑용( 단어 생성 비디오, 단어)\map_syn\datasets\morpheme\01\NIA_SL_WORD2833_REAL01_F_morpheme.json"
WORD2834,이백이십,ok,"D:\매핑용( 단어 생성 비디오, 단어)\map_syn\datasets\morpheme\01\NIA_SL_WORD2834_REAL01_F_morpheme.json"
WORD2835,이백삼십,ok,"D:\매핑용( 단어 생성 비디오, 단어)\map_syn\datasets\morpheme\01\NIA_SL_WORD2835_REAL01_F_morpheme.json"
WORD2836,이백사십,ok,"D:\매핑용( 단어 생성 비디오, 단어)\map_syn\datasets\morpheme\01\NIA_SL_WORD2836_REAL01_F_morpheme.json"
WORD2837,이백오십,ok,"D:\매핑용( 단어 생성 비디오, 단어)\map_syn\datasets\morpheme\01\NIA_SL_WORD2837_REAL01_F_morpheme.json"
WORD2838,이백육십,ok,"D:\매핑용( 단어 생성 비디오, 단어)\map_syn\datasets\morpheme\01\NIA_SL_WORD2838_REAL01_F_morpheme.json"
WORD2839,이백칠십,ok,"D:\매핑용( 단어 생성 비디오, 단어)\map_syn\datasets\morpheme\01\NIA_SL_WORD2839_REAL01_F_morpheme.json"
WORD2840,이백팔십,ok,"D:\매핑용( 단어 생성 비디오, 단어)\map_syn\datasets\morpheme\01\NIA_SL_WORD2840_REAL01_F_morpheme.json"
WORD2841,이백구십,ok,"D:\매핑용( 단어 생성 비디오, 단어)\map_syn\datasets\morpheme\01\NIA_SL_WORD2841_REAL01_F_morpheme.json"
WORD2842,삼백,ok,"D:\매핑용( 단어 생성 비디오, 단어)\map_syn\datasets\morpheme\01\NIA_SL_WORD2842_REAL01_F_morpheme.json"
WORD2843,삼백십,ok,"D:\매핑용( 단어 생성 비디오, 단어)\map_syn\datasets\morpheme\01\NIA_SL_WORD2843_REAL01_F_morpheme.json"
WORD2844,삼백이십,ok,"D:\매핑용( 단어 생성 비디오, 단어)\map_syn\datasets\morpheme\01\NIA_SL_WORD2844_REAL01_F_morpheme.json"
WORD2845,삼백삼십,ok,"D:\매핑용( 단어 생성 비디오, 단어)\map_syn\datasets\morpheme\01\NIA_SL_WORD2845_REAL01_F_morpheme.json"
WORD2846,삼백사십,ok,"D:\매핑용( 단어 생성 비디오, 단어)\map_syn\datasets\morpheme\01\NIA_SL_WORD2846_REAL01_F_morpheme.json"
WORD2847,삼백오십,ok,"D:\매핑용( 단어 생성 비디오, 단어)\map_syn\datasets\morpheme\01\NIA_SL_WORD2847_REAL01_F_morpheme.json"
WORD2848,삼백육십,ok,"D:\매핑용( 단어 생성 비디오, 단어)\map_syn\datasets\morpheme\01\NIA_SL_WORD2848_REAL01_F_morpheme.json"
WORD2849,삼백칠십,ok,"D:\매핑용( 단어 생성 비디오, 단어)\map_syn\datasets\morpheme\01\NIA_SL_WORD2849_REAL01_F_morpheme.json"
WORD2850,삼백팔십,ok,"D:\매핑용( 단어 생성 비디오, 단어)\map_syn\datasets\morpheme\01\NIA_SL_WORD2850_REAL01_F_morpheme.json"
WORD2851,삼백구십,ok,"D:\매핑용( 단어 생성 비디오, 단어)\map_syn\datasets\morpheme\01\NIA_SL_WORD2851_REAL01_F_morpheme.json"
WORD2852,사백,ok,"D:\매핑용( 단어 생성 비디오, 단어)\map_syn\datasets\morpheme\01\NIA_SL_WORD2852_REAL01_F_morpheme.json"
WORD2853,사백오십,ok,"D:\매핑용( 단어 생성 비디오, 단어)\map_syn\datasets\morpheme\01\NIA_SL_WORD2853_REAL01_F_morpheme.json"
WORD2854,오백,ok,"D:\매핑용( 단어 생성 비디오, 단어)\map_syn\datasets\morpheme\01\NIA_SL_WORD2854_REAL01_F_morpheme.json"
WORD2855,오백오십,ok,"D:\매핑용( 단어 생성 비디오, 단어)\map_syn\datasets\morpheme\01\NIA_SL_WORD2855_REAL01_F_morpheme.json"
WORD2856,육백,ok,"D:\매핑용( 단어 생성 비디오, 단어)\map_syn\datasets\morpheme\01\NIA_SL_WORD2856_REAL01_F_morpheme.json"
WORD2857,육백오십,ok,"D:\매핑용( 단어 생성 비디오, 단어)\map_syn\datasets\morpheme\01\NIA_SL_WORD2857_REAL01_F_morpheme.json"
WORD2858,칠백,ok,"D:\매핑용( 단어 생성 비디오, 단어)\map_syn\datasets\morpheme\01\NIA_SL_WORD2858_REAL01_F_morpheme.json"
WORD2859,칠백오십,ok,"D:\매핑용( 단어 생성 비디오, 단어)\map_syn\datasets\morpheme\01\NIA_SL_WORD2859_REAL01_F_morpheme.json"
WORD2860,팔백,ok,"D:\매핑용( 단어 생성 비디오, 단어)\map_syn\datasets\morpheme\01\NIA_SL_WORD2860_REAL01_F_morpheme.json"
WORD2861,팔백오십,ok,"D:\매핑용( 단어 생성 비디오, 단어)\map_syn\datasets\morpheme\01\NIA_SL_WORD2861_REAL01_F_morpheme.json"
WORD2862,구백,ok,"D:\매핑용( 단어 생성 비디오, 단어)\map_syn\datasets\morpheme\01\NIA_SL_WORD2862_REAL01_F_morpheme.json"
WORD2863,구백오십,ok,"D:\매핑용( 단어 생성 비디오, 단어)\map_syn\datasets\morpheme\01\NIA_SL_WORD2863_REAL01_F_morpheme.json"
WORD2864,천,ok,"D:\매핑용( 단어 생성 비디오, 단어)\map_syn\datasets\morpheme\01\NIA_SL_WORD2864_REAL01_F_morpheme.json"
WORD2865,천오백,ok,"D:\매핑용( 단어 생성 비디오, 단어)\map_syn\datasets\morpheme\01\NIA_SL_WORD2865_REAL01_F_morpheme.json"
WORD2866,이천,ok,"D:\매핑용( 단어 생성 비디오, 단어)\map_syn\datasets\morpheme\01\NIA_SL_WORD2866_REAL01_F_morpheme.json"
WORD2867,이천오백,ok,"D:\매핑용( 단어 생성 비디오, 단어)\map_syn\datasets\morpheme\01\NIA_SL_WORD2867_REAL01_F_morpheme.json"
WORD2868,삼천,ok,"D:\매핑용( 단어 생성 비디오, 단어)\map_syn\datasets\morpheme\01\NIA_SL_WORD2868_REAL01_F_morpheme.json"
WORD2869,삼천오백,ok,"D:\매핑용( 단어 생성 비디오, 단어)\map_syn\datasets\morpheme\01\NIA_SL_WORD2869_REAL01_F_morpheme.json"
WORD2870,사천,ok,"D:\매핑용( 단어 생성 비디오, 단어)\map_syn\datasets\morpheme\01\NIA_SL_WORD2870_REAL01_F_morpheme.json"
WORD2871,사천오백,ok,"D:\매핑용( 단어 생성 비디오, 단어)\map_syn\datasets\morpheme\01\NIA_SL_WORD2871_REAL01_F_morpheme.json"
WORD2872,오천,ok,"D:\매핑용( 단어 생성 비디오, 단어)\map_syn\datasets\morpheme\01\NIA_SL_WORD2872_REAL01_F_morpheme.json"
WORD2873,오천오백,ok,"D:\매핑용( 단어 생성 비디오, 단어)\map_syn\datasets\morpheme\01\NIA_SL_WORD2873_REAL01_F_morpheme.json"
WORD2874,육천,ok,"D:\매핑용( 단어 생성 비디오, 단어)\map_syn\datasets\morpheme\01\NIA_SL_WORD2874_REAL01_F_morpheme.json"
WORD2875,육천오백,ok,"D:\매핑용( 단어 생성 비디오, 단어)\map_syn\datasets\morpheme\01\NIA_SL_WORD2875_REAL01_F_morpheme.json"
WORD2876,칠천,ok,"D:\매핑용( 단어 생성 비디오, 단어)\map_syn\datasets\morpheme\01\NIA_SL_WORD2876_REAL01_F_morpheme.json"
WORD2877,칠천오백,ok,"D:\매핑용( 단어 생성 비디오, 단어)\map_syn\datasets\morpheme\01\NIA_SL_WORD2877_REAL01_F_morpheme.json"
WORD2878,팔천,ok,"D:\매핑용( 단어 생성 비디오, 단어)\map_syn\datasets\morpheme\01\NIA_SL_WORD2878_REAL01_F_morpheme.json"
WORD2879,팔천오백,ok,"D:\매핑용( 단어 생성 비디오, 단어)\map_syn\datasets\morpheme\01\NIA_SL_WORD2879_REAL01_F_morpheme.json"
WORD2880,구천,ok,"D:\매핑용( 단어 생성 비디오, 단어)\map_syn\datasets\morpheme\01\NIA_SL_WORD2880_REAL01_F_morpheme.json"
WORD2881,구천오백,ok,"D:\매핑용( 단어 생성 비디오, 단어)\map_syn\datasets\morpheme\01\NIA_SL_WORD2881_REAL01_F_morpheme.json"
WORD2882,만,ok,"D:\매핑용( 단어 생성 비디오, 단어)\map_syn\datasets\morpheme\01\NIA_SL_WORD2882_REAL01_F_morpheme.json"
WORD2883,만오천,ok,"D:\매핑용( 단어 생성 비디오, 단어)\map_syn\datasets\morpheme\01\NIA_SL_WORD2883_REAL01_F_morpheme.json"
WORD2884,이만,ok,"D:\매핑용( 단어 생성 비디오, 단어)\map_syn\datasets\morpheme\01\NIA_SL_WORD2884_REAL01_F_morpheme.json"
WORD2885,이만오천,ok,"D:\매핑용( 단어 생성 비디오, 단어)\map_syn\datasets\morpheme\01\NIA_SL_WORD2885_REAL01_F_morpheme.json"
WORD2886,삼만,ok,"D:\매핑용( 단어 생성 비디오, 단어)\map_syn\datasets\morpheme\01\NIA_SL_WORD2886_REAL01_F_morpheme.json"
WORD2887,삼만오천,ok,"D:\매핑용( 단어 생성 비디오, 단어)\map_syn\datasets\morpheme\01\NIA_SL_WORD2887_REAL01_F_morpheme.json"
WORD2888,사만,ok,"D:\매핑용( 단어 생성 비디오, 단어)\map_syn\datasets\morpheme\01\NIA_SL_WORD2888_REAL01_F_morpheme.json"
WORD2889,사만오천,ok,"D:\매핑용( 단어 생성 비디오, 단어)\map_syn\datasets\morpheme\01\NIA_SL_WORD2889_REAL01_F_morpheme.json"
WORD2890,오만,ok,"D:\매핑용( 단어 생성 비디오, 단어)\map_syn\datasets\morpheme\01\NIA_SL_WORD2890_REAL01_F_morpheme.json"
WORD2891,오만오천,ok,"D:\매핑용( 단어 생성 비디오, 단어)\map_syn\datasets\morpheme\01\NIA_SL_WORD2891_REAL01_F_morpheme.json"
WORD2892,육만,ok,"D:\매핑용( 단어 생성 비디오, 단어)\map_syn\datasets\morpheme\01\NIA_SL_WORD2892_REAL01_F_morpheme.json"
WORD2893,육만오천,ok,"D:\매핑용( 단어 생성 비디오, 단어)\map_syn\datasets\morpheme\01\NIA_SL_WORD2893_REAL01_F_morpheme.json"
WORD2894,칠만,ok,"D:\매핑용( 단어 생성 비디오, 단어)\map_syn\datasets\morpheme\01\NIA_SL_WORD2894_REAL01_F_morpheme.json"
WORD2895,칠만오천,ok,"D:\매핑용( 단어 생성 비디오, 단어)\map_syn\datasets\morpheme\01\NIA_SL_WORD2895_REAL01_F_morpheme.json"
WORD2896,팔만,ok,"D:\매핑용( 단어 생성 비디오, 단어)\map_syn\datasets\morpheme\01\NIA_SL_WORD2896_REAL01_F_morpheme.json"
WORD2897,팔만오천,ok,"D:\매핑용( 단어 생성 비디오, 단어)\map_syn\datasets\morpheme\01\NIA_SL_WORD2897_REAL01_F_morpheme.json"
WORD2898,구만,ok,"D:\매핑용( 단어 생성 비디오, 단어)\map_syn\datasets\morpheme\01\NIA_SL_WORD2898_REAL01_F_morpheme.json"
WORD2899,구만오천,ok,"D:\매핑용( 단어 생성 비디오, 단어)\map_syn\datasets\morpheme\01\NIA_SL_WORD2899_REAL01_F_morpheme.json"
WORD2900,십만,ok,"D:\매핑용( 단어 생성 비디오, 단어)\map_syn\datasets\morpheme\01\NIA_SL_WORD2900_REAL01_F_morpheme.json"
WORD2901,십오만,ok,"D:\매핑용( 단어 생성 비디오, 단어)\map_syn\datasets\morpheme\01\NIA_SL_WORD2901_REAL01_F_morpheme.json"
WORD2902,이십만,ok,"D:\매핑용( 단어 생성 비디오, 단어)\map_syn\datasets\morpheme\01\NIA_SL_WORD2902_REAL01_F_morpheme.json"
WORD2903,이십오만,ok,"D:\매핑용( 단어 생성 비디오, 단어)\map_syn\datasets\morpheme\01\NIA_SL_WORD2903_REAL01_F_morpheme.json"
WORD2904,삼십만,ok,"D:\매핑용( 단어 생성 비디오, 단어)\map_syn\datasets\morpheme\01\NIA_SL_WORD2904_REAL01_F_morpheme.json"
WORD2905,삼십오만,ok,"D:\매핑용( 단어 생성 비디오, 단어)\map_syn\datasets\morpheme\01\NIA_SL_WORD2905_REAL01_F_morpheme.json"
WORD2906,사십만,ok,"D:\매핑용( 단어 생성 비디오, 단어)\map_syn\datasets\morpheme\01\NIA_SL_WORD2906_REAL01_F_morpheme.json"
WORD2907,사십오만,ok,"D:\매핑용( 단어 생성 비디오, 단어)\map_syn\datasets\morpheme\01\NIA_SL_WORD2907_REAL01_F_morpheme.json"
WORD2908,오십만,ok,"D:\매핑용( 단어 생성 비디오, 단어)\map_syn\datasets\morpheme\01\NIA_SL_WORD2908_REAL01_F_morpheme.json"
WORD2909,오십오만,ok,"D:\매핑용( 단어 생성 비디오, 단어)\map_syn\datasets\morpheme\01\NIA_SL_WORD2909_REAL01_F_morpheme.json"
WORD2910,육십만,ok,"D:\매핑용( 단어 생성 비디오, 단어)\map_syn\datasets\morpheme\01\NIA_SL_WORD2910_REAL01_F_morpheme.json"
WORD2911,육십오만,ok,"D:\매핑용( 단어 생성 비디오, 단어)\map_syn\datasets\morpheme\01\NIA_SL_WORD2911_REAL01_F_morpheme.json"
WORD2912,칠십만,ok,"D:\매핑용( 단어 생성 비디오, 단어)\map_syn\datasets\morpheme\01\NIA_SL_WORD2912_REAL01_F_morpheme.json"
WORD2913,칠십오만,ok,"D:\매핑용( 단어 생성 비디오, 단어)\map_syn\datasets\morpheme\01\NIA_SL_WORD2913_REAL01_F_morpheme.json"
WORD2914,팔십만,ok,"D:\매핑용( 단어 생성 비디오, 단어)\map_syn\datasets\morpheme\01\NIA_SL_WORD2914_REAL01_F_morpheme.json"
WORD2915,팔십오만,ok,"D:\매핑용( 단어 생성 비디오, 단어)\map_syn\datasets\morpheme\01\NIA_SL_WORD2915_REAL01_F_morpheme.json"
WORD2916,구십만,ok,"D:\매핑용( 단어 생성 비디오, 단어)\map_syn\datasets\morpheme\01\NIA_SL_WORD2916_REAL01_F_morpheme.json"
WORD2917,구십오만,ok,"D:\매핑용( 단어 생성 비디오, 단어)\map_syn\datasets\morpheme\01\NIA_SL_WORD2917_REAL01_F_morpheme.json"
WORD2918,백만,ok,"D:\매핑용( 단어 생성 비디오, 단어)\map_syn\datasets\morpheme\01\NIA_SL_WORD2918_REAL01_F_morpheme.json"
WORD2919,백오십만,ok,"D:\매핑용( 단어 생성 비디오, 단어)\map_syn\datasets\morpheme\01\NIA_SL_WORD2919_REAL01_F_morpheme.json"
WORD2920,이백만,ok,"D:\매핑용( 단어 생성 비디오, 단어)\map_syn\datasets\morpheme\01\NIA_SL_WORD2920_REAL01_F_morpheme.json"
WORD2921,이백오십만,ok,"D:\매핑용( 단어 생성 비디오, 단어)\map_syn\datasets\morpheme\01\NIA_SL_WORD2921_REAL01_F_morpheme.json"
WORD2922,삼백만,ok,"D:\매핑용( 단어 생성 비디오, 단어)\map_syn\datasets\morpheme\01\NIA_SL_WORD2922_REAL01_F_morpheme.json"
WORD2923,삼백오십만,ok,"D:\매핑용( 단어 생성 비디오, 단어)\map_syn\datasets\morpheme\01\NIA_SL_WORD2923_REAL01_F_morpheme.json"
WORD2924,사백만,ok,"D:\매핑용( 단어 생성 비디오, 단어)\map_syn\datasets\morpheme\01\NIA_SL_WORD2924_REAL01_F_morpheme.json"
WORD2925,사백오십만,ok,"D:\매핑용( 단어 생성 비디오, 단어)\map_syn\datasets\morpheme\01\NIA_SL_WORD2925_REAL01_F_morpheme.json"
WORD2926,오백만,ok,"D:\매핑용( 단어 생성 비디오, 단어)\map_syn\datasets\morpheme\01\NIA_SL_WORD2926_REAL01_F_morpheme.json"
WORD2927,오백오십만,ok,"D:\매핑용( 단어 생성 비디오, 단어)\map_syn\datasets\morpheme\01\NIA_SL_WORD2927_REAL01_F_morpheme.json"
WORD2928,육백만,ok,"D:\매핑용( 단어 생성 비디오, 단어)\map_syn\datasets\morpheme\01\NIA_SL_WORD2928_REAL01_F_morpheme.json"
WORD2929,육백오십만,ok,"D:\매핑용( 단어 생성 비디오, 단어)\map_syn\datasets\morpheme\01\NIA_SL_WORD2929_REAL01_F_morpheme.json"
WORD2930,칠백만,ok,"D:\매핑용( 단어 생성 비디오, 단어)\map_syn\datasets\morpheme\01\NIA_SL_WORD2930_REAL01_F_morpheme.json"
WORD2931,칠백오십만,ok,"D:\매핑용( 단어 생성 비디오, 단어)\map_syn\datasets\morpheme\01\NIA_SL_WORD2931_REAL01_F_morpheme.json"
WORD2932,팔백만,ok,"D:\매핑용( 단어 생성 비디오, 단어)\map_syn\datasets\morpheme\01\NIA_SL_WORD2932_REAL01_F_morpheme.json"
WORD2933,팔백오십만,ok,"D:\매핑용( 단어 생성 비디오, 단어)\map_syn\datasets\morpheme\01\NIA_SL_WORD2933_REAL01_F_morpheme.json"
WORD2934,구백만,ok,"D:\매핑용( 단어 생성 비디오, 단어)\map_syn\datasets\morpheme\01\NIA_SL_WORD2934_REAL01_F_morpheme.json"
WORD2935,구백오십만,ok,"D:\매핑용( 단어 생성 비디오, 단어)\map_syn\datasets\morpheme\01\NIA_SL_WORD2935_REAL01_F_morpheme.json"
WORD2936,천만,ok,"D:\매핑용( 단어 생성 비디오, 단어)\map_syn\datasets\morpheme\01\NIA_SL_WORD2936_REAL01_F_morpheme.json"
WORD2937,천오백만,ok,"D:\매핑용( 단어 생성 비디오, 단어)\map_syn\datasets\morpheme\01\NIA_SL_WORD2937_REAL01_F_morpheme.json"
WORD2938,이천만,ok,"D:\매핑용( 단어 생성 비디오, 단어)\map_syn\datasets\morpheme\01\NIA_SL_WORD2938_REAL01_F_morpheme.json"
WORD2939,이천오백만,ok,"D:\매핑용( 단어 생성 비디오, 단어)\map_syn\datasets\morpheme\01\NIA_SL_WORD2939_REAL01_F_morpheme.json"
WORD2940,삼천만,ok,"D:\매핑용( 단어 생성 비디오, 단어)\map_syn\datasets\morpheme\01\NIA_SL_WORD2940_REAL01_F_morpheme.json"
WORD2941,삼천오백만,ok,"D:\매핑용( 단어 생성 비디오, 단어)\map_syn\datasets\morpheme\01\NIA_SL_WORD2941_REAL01_F_morpheme.json"
WORD2942,사천만,ok,"D:\매핑용( 단어 생성 비디오, 단어)\map_syn\datasets\morpheme\01\NIA_SL_WORD2942_REAL01_F_morpheme.json"
WORD2943,사천오백만,ok,"D:\매핑용( 단어 생성 비디오, 단어)\map_syn\datasets\morpheme\01\NIA_SL_WORD2943_REAL01_F_morpheme.json"
WORD2944,오천만,ok,"D:\매핑용( 단어 생성 비디오, 단어)\map_syn\datasets\morpheme\01\NIA_SL_WORD2944_REAL01_F_morpheme.json"
WORD2945,오천오백만,ok,"D:\매핑용( 단어 생성 비디오, 단어)\map_syn\datasets\morpheme\01\NIA_SL_WORD2945_REAL01_F_morpheme.json"
WORD2946,육천만,ok,"D:\매핑용( 단어 생성 비디오, 단어)\map_syn\datasets\morpheme\01\NIA_SL_WORD2946_REAL01_F_morpheme.json"
WORD2947,육천오백만,ok,"D:\매핑용( 단어 생성 비디오, 단어)\map_syn\datasets\morpheme\01\NIA_SL_WORD2947_REAL01_F_morpheme.json"
WORD2948,칠천만,ok,"D:\매핑용( 단어 생성 비디오, 단어)\map_syn\datasets\morpheme\01\NIA_SL_WORD2948_REAL01_F_morpheme.json"
WORD2949,칠천오백만,ok,"D:\매핑용( 단어 생성 비디오, 단어)\map_syn\datasets\morpheme\01\NIA_SL_WORD2949_REAL01_F_morpheme.json"
WORD2950,팔천만,ok,"D:\매핑용( 단어 생성 비디오, 단어)\map_syn\datasets\morpheme\01\NIA_SL_WORD2950_REAL01_F_morpheme.json"
WORD2951,팔천오백만,ok,"D:\매핑용( 단어 생성 비디오, 단어)\map_syn\datasets\morpheme\01\NIA_SL_WORD2951_REAL01_F_morpheme.json"
WORD2952,구천만,ok,"D:\매핑용( 단어 생성 비디오, 단어)\map_syn\datasets\morpheme\01\NIA_SL_WORD2952_REAL01_F_morpheme.json"
WORD2953,구천오백만,ok,"D:\매핑용( 단어 생성 비디오, 단어)\map_syn\datasets\morpheme\01\NIA_SL_WORD2953_REAL01_F_morpheme.json"
WORD2954,일억,ok,"D:\매핑용( 단어 생성 비디오, 단어)\map_syn\datasets\morpheme\01\NIA_SL_WORD2954_REAL01_F_morpheme.json"
WORD2955,일억오천만,ok,"D:\매핑용( 단어 생성 비디오, 단어)\map_syn\datasets\morpheme\01\NIA_SL_WORD2955_REAL01_F_morpheme.json"
WORD2956,이억,ok,"D:\매핑용( 단어 생성 비디오, 단어)\map_syn\datasets\morpheme\01\NIA_SL_WORD2956_REAL01_F_morpheme.json"
WORD2957,이억오천만,ok,"D:\매핑용( 단어 생성 비디오, 단어)\map_syn\datasets\morpheme\01\NIA_SL_WORD2957_REAL01_F_morpheme.json"
WORD2958,삼억,ok,"D:\매핑용( 단어 생성 비디오, 단어)\map_syn\datasets\morpheme\01\NIA_SL_WORD2958_REAL01_F_morpheme.json"
WORD2959,삼억오천만,ok,"D:\매핑용( 단어 생성 비디오, 단어)\map_syn\datasets\morpheme\01\NIA_SL_WORD2959_REAL01_F_morpheme.json"
WORD2960,사억,ok,"D:\매핑용( 단어 생성 비디오, 단어)\map_syn\datasets\morpheme\01\NIA_SL_WORD2960_REAL01_F_morpheme.json"
WORD2961,사억오천만,ok,"D:\매핑용( 단어 생성 비디오, 단어)\map_syn\datasets\morpheme\01\NIA_SL_WORD2961_REAL01_F_morpheme.json"
WORD2962,오억,ok,"D:\매핑용( 단어 생성 비디오, 단어)\map_syn\datasets\morpheme\01\NIA_SL_WORD2962_REAL01_F_morpheme.json"
WORD2963,오억오천만,ok,"D:\매핑용( 단어 생성 비디오, 단어)\map_syn\datasets\morpheme\01\NIA_SL_WORD2963_REAL01_F_morpheme.json"
WORD2964,육억,ok,"D:\매핑용( 단어 생성 비디오, 단어)\map_syn\datasets\morpheme\01\NIA_SL_WORD2964_REAL01_F_morpheme.json"
WORD2965,육억오천만,ok,"D:\매핑용( 단어 생성 비디오, 단어)\map_syn\datasets\morpheme\01\NIA_SL_WORD2965_REAL01_F_morpheme.json"
WORD2966,칠억,ok,"D:\매핑용( 단어 생성 비디오, 단어)\map_syn\datasets\morpheme\01\NIA_SL_WORD2966_REAL01_F_morpheme.json"
WORD2967,칠억오천만,ok,"D:\매핑용( 단어 생성 비디오, 단어)\map_syn\datasets\morpheme\01\NIA_SL_WORD2967_REAL01_F_morpheme.json"
WORD2968,팔억,ok,"D:\매핑용( 단어 생성 비디오, 단어)\map_syn\datasets\morpheme\01\NIA_SL_WORD2968_REAL01_F_morpheme.json"
WORD2969,팔억오천만,ok,"D:\매핑용( 단어 생성 비디오, 단어)\map_syn\datasets\morpheme\01\NIA_SL_WORD2969_REAL01_F_morpheme.json"
WORD2970,구억,ok,"D:\매핑용( 단어 생성 비디오, 단어)\map_syn\datasets\morpheme\01\NIA_SL_WORD2970_REAL01_F_morpheme.json"
WORD2971,구억오천만,ok,"D:\매핑용( 단어 생성 비디오, 단어)\map_syn\datasets\morpheme\01\NIA_SL_WORD2971_REAL01_F_morpheme.json"
WORD2972,십억,ok,"D:\매핑용( 단어 생성 비디오, 단어)\map_syn\datasets\morpheme\01\NIA_SL_WORD2972_REAL01_F_morpheme.json"
WORD2973,십억,ok,"D:\매핑용( 단어 생성 비디오, 단어)\map_syn\datasets\morpheme\01\NIA_SL_WORD2973_REAL01_F_morpheme.json"
WORD2974,십오억,ok,"D:\매핑용( 단어 생성 비디오, 단어)\map_syn\datasets\morpheme\01\NIA_SL_WORD2974_REAL01_F_morpheme.json"
WORD2975,이십억,ok,"D:\매핑용( 단어 생성 비디오, 단어)\map_syn\datasets\morpheme\01\NIA_SL_WORD2975_REAL01_F_morpheme.json"
WORD2976,이십오억,ok,"D:\매핑용( 단어 생성 비디오, 단어)\map_syn\datasets\morpheme\01\NIA_SL_WORD2976_REAL01_F_morpheme.json"
WORD2977,삼십억,ok,"D:\매핑용( 단어 생성 비디오, 단어)\map_syn\datasets\morpheme\01\NIA_SL_WORD2977_REAL01_F_morpheme.json"
WORD2978,삼십오억,ok,"D:\매핑용( 단어 생성 비디오, 단어)\map_syn\datasets\morpheme\01\NIA_SL_WORD2978_REAL01_F_morpheme.json"
WORD2979,사십억,ok,"D:\매핑용( 단어 생성 비디오, 단어)\map_syn\datasets\morpheme\01\NIA_SL_WORD2979_REAL01_F_morpheme.json"
WORD2980,사십오억,ok,"D:\매핑용( 단어 생성 비디오, 단어)\map_syn\datasets\morpheme\01\NIA_SL_WORD2980_REAL01_F_morpheme.json"
WORD2981,오십억,ok,"D:\매핑용( 단어 생성 비디오, 단어)\map_syn\datasets\morpheme\01\NIA_SL_WORD2981_REAL01_F_morpheme.json"
WORD2982,오십오억,ok,"D:\매핑용( 단어 생성 비디오, 단어)\map_syn\datasets\morpheme\01\NIA_SL_WORD2982_REAL01_F_morpheme.json"
WORD2983,육십억,ok,"D:\매핑용( 단어 생성 비디오, 단어)\map_syn\datasets\morpheme\01\NIA_SL_WORD2983_REAL01_F_morpheme.json"
WORD2984,육십오억,ok,"D:\매핑용( 단어 생성 비디오, 단어)\map_syn\datasets\morpheme\01\NIA_SL_WORD2984_REAL01_F_morpheme.json"
WORD2985,칠십억,ok,"D:\매핑용( 단어 생성 비디오, 단어)\map_syn\datasets\morpheme\01\NIA_SL_WORD2985_REAL01_F_morpheme.json"
WORD2986,칠십오억,ok,"D:\매핑용( 단어 생성 비디오, 단어)\map_syn\datasets\morpheme\01\NIA_SL_WORD2986_REAL01_F_morpheme.json"
WORD2987,팔십억,ok,"D:\매핑용( 단어 생성 비디오, 단어)\map_syn\datasets\morpheme\01\NIA_SL_WORD2987_REAL01_F_morpheme.json"
WORD2988,팔십오억,ok,"D:\매핑용( 단어 생성 비디오, 단어)\map_syn\datasets\morpheme\01\NIA_SL_WORD2988_REAL01_F_morpheme.json"
WORD2989,구십억,ok,"D:\매핑용( 단어 생성 비디오, 단어)\map_syn\datasets\morpheme\01\NIA_SL_WORD2989_REAL01_F_morpheme.json"
WORD2990,구십오억,ok,"D:\매핑용( 단어 생성 비디오, 단어)\map_syn\datasets\morpheme\01\NIA_SL_WORD2990_REAL01_F_morpheme.json"
WORD2991,백억,ok,"D:\매핑용( 단어 생성 비디오, 단어)\map_syn\datasets\morpheme\01\NIA_SL_WORD2991_REAL01_F_morpheme.json"
WORD2992,이백억,ok,"D:\매핑용( 단어 생성 비디오, 단어)\map_syn\datasets\morpheme\01\NIA_SL_WORD2992_REAL01_F_morpheme.json"
WORD2993,삼백억,ok,"D:\매핑용( 단어 생성 비디오, 단어)\map_syn\datasets\morpheme\01\NIA_SL_WORD2993_REAL01_F_morpheme.json"
WORD2994,사백억,ok,"D:\매핑용( 단어 생성 비디오, 단어)\map_syn\datasets\morpheme\01\NIA_SL_WORD2994_REAL01_F_morpheme.json"
WORD2995,오백억,ok,"D:\매핑용( 단어 생성 비디오, 단어)\map_syn\datasets\morpheme\01\NIA_SL_WORD2995_REAL01_F_morpheme.json"
WORD2996,육백억,ok,"D:\매핑용( 단어 생성 비디오, 단어)\map_syn\datasets\morpheme\01\NIA_SL_WORD2996_REAL01_F_morpheme.json"
WORD2997,칠백억,ok,"D:\매핑용( 단어 생성 비디오, 단어)\map_syn\datasets\morpheme\01\NIA_SL_WORD2997_REAL01_F_morpheme.json"
WORD2998,팔백억,ok,"D:\매핑용( 단어 생성 비디오, 단어)\map_syn\datasets\morpheme\01\NIA_SL_WORD2998_REAL01_F_morpheme.json"
WORD2999,구백억,ok,"D:\매핑용( 단어 생성 비디오, 단어)\map_syn\datasets\morpheme\01\NIA_SL_WORD2999_REAL01_F_morpheme.json"
WORD3000,일조,ok,"D:\매핑용( 단어 생성 비디오, 단어)\map_syn\datasets\morpheme\01\NIA_SL_WORD3000_REAL01_F_morpheme.json"
